id	source	capability	reference_derived_from_direct	coverage_tier	scope_reason	nvrtc-o3_classification	nvrtc-o3_elapsed_ms	nvrtc-o3_shape	nvrtc-o3_cluster	nvrtc-o3_producer	nvrtc-o3_diagnostic	nvvm-o0_classification	nvvm-o0_elapsed_ms	nvvm-o0_shape	nvvm-o0_cluster	nvvm-o0_producer	nvvm-o0_diagnostic	nvvm-o3_classification	nvvm-o3_elapsed_ms	nvvm-o3_shape	nvvm-o3_cluster	nvvm-o3_producer	nvvm-o3_diagnostic	evidence_status
bugs/empty-switch.slang#cuda-1	bugs/empty-switch.slang	cuda_sm_7_0	False	mvp		correct	6192					correct	5797					correct	6493					complete
bugs/frexp-double.slang#cuda-1	bugs/frexp-double.slang	cuda_sm_7_0	False	mvp		correct	6045					correct	6000					correct	6461					complete
bugs/frexp.slang#cuda-1	bugs/frexp.slang	cuda_sm_7_0	False	mvp		correct	6143					correct	6383					correct	6127					complete
bugs/gh-11627-flag-enum-compound-assign.slang#cuda-1	bugs/gh-11627-flag-enum-compound-assign.slang	cuda_sm_7_0	False	mvp		correct	5598					correct	6101					correct	5692					complete
bugs/gh-3637.slang#cuda-1	bugs/gh-3637.slang	cuda_sm_7_0	False	mvp		correct	6227					correct	6269					correct	6262					complete
bugs/gh-3980.slang#cuda-1	bugs/gh-3980.slang	cuda_sm_7_0	False	mvp		correct	5407					correct	5704					correct	5973					complete
bugs/gh-4533.slang#cuda-1	bugs/gh-4533.slang	cuda_sm_7_0	False	mvp		correct	5816					correct	6448					correct	6432					complete
bugs/gh-5776.slang#cuda-1	bugs/gh-5776.slang	cuda_sm_7_0	False	mvp		correct	6263					preflight	6292	struct field address	aggregate-pointer-layout-transport	canonical linked aggregate/pointer IR -> _validateNVVMFunction	direct NVVM lowering does not support Slang IR instruction or shape 'struct field address'	preflight	5764	struct field address	aggregate-pointer-layout-transport	canonical linked aggregate/pointer IR -> _validateNVVMFunction	direct NVVM lowering does not support Slang IR instruction or shape 'struct field address'	complete
bugs/gh-7441.slang#cuda-1	bugs/gh-7441.slang	cuda_sm_7_0	False	mvp		correct	4939					correct	5025					correct	5194					complete
bugs/gh-8121.slang#cuda-1	bugs/gh-8121.slang	cuda_sm_7_0	False	mvp		correct	5004					correct	5112					correct	5227					complete
bugs/gh-8185.slang#cuda-1	bugs/gh-8185.slang	cuda_sm_7_0	False	mvp		correct	5208					correct	5336					correct	5397					complete
bugs/legalize-defuse-no-zero-init-non-var-primitive.slang#cuda-1	bugs/legalize-defuse-no-zero-init-non-var-primitive.slang	cuda_sm_7_0	False	mvp		correct	5508					correct	5318					correct	5685					complete
bugs/legalize-defuse-no-zero-init-non-var.slang#cuda-1	bugs/legalize-defuse-no-zero-init-non-var.slang	cuda_sm_7_0	False	mvp		correct	5422					correct	5441					correct	5654					complete
bugs/legalize-defuse-no-zero-init.slang#cuda-1	bugs/legalize-defuse-no-zero-init.slang	cuda_sm_7_0	False	mvp		correct	5690					correct	5526					correct	5527					complete
bugs/loop-optimize.slang#cuda-1	bugs/loop-optimize.slang	cuda_sm_7_0	False	mvp		correct	5617					correct	5598					correct	5631					complete
bugs/matrix-reshape.slang#cuda-1	bugs/matrix-reshape.slang	cuda_sm_7_0	False	mvp		correct	5560					correct	5507					correct	5552					complete
bugs/metal-return-value-lost.slang#cuda-1	bugs/metal-return-value-lost.slang	cuda_sm_7_0	False	mvp		correct	4757					correct	4619					correct	4786					complete
bugs/overload-ambiguous-1.slang#cuda-1	bugs/overload-ambiguous-1.slang	cuda_sm_7_0	False	mvp		correct	4903					correct	4690					correct	4839					complete
bugs/overload-ambiguous-2.slang#cuda-1	bugs/overload-ambiguous-2.slang	cuda_sm_7_0	False	mvp		correct	4936					correct	4994					correct	5224					complete
bugs/overload-ambiguous.slang#cuda-1	bugs/overload-ambiguous.slang	cuda_sm_7_0	False	mvp		correct	5221					correct	5172					correct	5146					complete
bugs/string-inline.slang#cuda-1	bugs/string-inline.slang	cuda_sm_7_0	False	mvp		correct	5140					correct	5144					correct	5261					complete
compute/array-existential-parameter.slang#cuda-1	compute/array-existential-parameter.slang	cuda_sm_7_0	False	mvp		correct	5319					correct	5461					correct	5594					complete
compute/array-param.slang#cuda-1	compute/array-param.slang	cuda_sm_7_0	False	mvp		correct	5431					correct	5317					correct	5498					complete
compute/assoctype-nested-lookup.slang#cuda-1	compute/assoctype-nested-lookup.slang	cuda_sm_7_0	False	mvp		correct	5453					correct	5324					correct	5435					complete
compute/atomics-groupshared.slang#cuda-1	compute/atomics-groupshared.slang	cuda_sm_7_0	False	mvp		correct	5069					correct	5121					correct	4971					complete
compute/atomics.slang#cuda-1	compute/atomics.slang	cuda_sm_7_0	False	mvp		correct	4791					correct	5036					correct	4958					complete
compute/bitcast-64bit.slang#cuda-1	compute/bitcast-64bit.slang	cuda_sm_7_0	False	mvp		correct	4625					correct	4820					correct	4919					complete
compute/bound-check-zero-index.slang#cuda-1	compute/bound-check-zero-index.slang	cuda_sm_7_0	False	mvp		correct	4762					runtime-mismatch	4932		runtime-bounds-zero-index	compiled PTX executed by the CUDA compare-compute harness	slang-test expected/actual runtime result mismatch	runtime-mismatch	4869		runtime-bounds-zero-index	compiled PTX executed by the CUDA compare-compute harness	slang-test expected/actual runtime result mismatch	complete
compute/buffer-layout.slang#cuda-1	compute/buffer-layout.slang	cuda_sm_7_0	False	mvp		correct	4933					correct	5025					correct	5060					complete
compute/byte-address-buffer-64bit.slang#cuda-1	compute/byte-address-buffer-64bit.slang	cuda_sm_7_0	True	mvp		correct	5067					correct	5599					correct	5522					complete
compute/byte-address-buffer-aligned.slang#cuda-1	compute/byte-address-buffer-aligned.slang	cuda_sm_7_0	False	mvp		correct	5102					correct	5462					correct	5202					complete
compute/byte-address-buffer-array.slang#cuda-1	compute/byte-address-buffer-array.slang	cuda_sm_7_0	False	mvp		correct	5202					correct	5633					correct	5481					complete
compute/byte-address-buffer-atomic-mixed-width-12265.slang#cuda-1	compute/byte-address-buffer-atomic-mixed-width-12265.slang	cuda_sm_7_0	False	mvp		infrastructure	5029		infrastructure-native-reference	NVRTC/toolkit or generated reference contract	warning[E41012]: profile implicitly upgraded	runtime-mismatch	5236		runtime-sm90-mixed-width-atomic	compiled PTX executed by the CUDA compare-compute harness	warning[E41012]: profile implicitly upgraded	runtime-mismatch	4986		runtime-sm90-mixed-width-atomic	compiled PTX executed by the CUDA compare-compute harness	warning[E41012]: profile implicitly upgraded	complete
compute/byte-address-buffer-atomic-via-helper-12265.slang#cuda-1	compute/byte-address-buffer-atomic-via-helper-12265.slang	cuda_sm_7_0	False	mvp		correct	5125					correct	5094					correct	5148					complete
compute/byte-address-buffer-singlearg-float3-11592.slang#cuda-1	compute/byte-address-buffer-singlearg-float3-11592.slang	cuda_sm_7_0	True	mvp		correct	4995					correct	4914					correct	4753					complete
compute/byte-address-buffer.slang#cuda-1	compute/byte-address-buffer.slang	cuda_sm_7_0	True	mvp		correct	4780					correct	4833					correct	4837					complete
compute/byte-address-buffer.slang#cuda-2	compute/byte-address-buffer.slang	cuda_sm_7_0	True	mvp		correct	4802					correct	4789					correct	4778					complete
compute/column-major.slang#cuda-1	compute/column-major.slang	cuda_sm_7_0	False	mvp		correct	5015					correct	5042					correct	5020					complete
compute/constant-buffer-memory-packing.slang#cuda-1	compute/constant-buffer-memory-packing.slang	cuda_sm_7_0	False	mvp		correct	5155					correct	5441					correct	5417					complete
compute/dot1-generic.slang#cuda-1	compute/dot1-generic.slang	cuda_sm_7_0	False	mvp		correct	5179					correct	5434					correct	5482					complete
compute/dot1.slang#cuda-1	compute/dot1.slang	cuda_sm_7_0	False	mvp		correct	5151					correct	5444					correct	5101					complete
compute/dynamic-dispatch-1.slang#cuda-1	compute/dynamic-dispatch-1.slang	cuda_sm_7_0	False	mvp		correct	5072					correct	5529					correct	5338					complete
compute/dynamic-dispatch-10.slang#cuda-1	compute/dynamic-dispatch-10.slang	cuda_sm_7_0	False	mvp		correct	5051					correct	5337					correct	5175					complete
compute/dynamic-dispatch-13.slang#cuda-1	compute/dynamic-dispatch-13.slang	cuda_sm_7_0	False	mvp		correct	4831					correct	5203					correct	5045					complete
compute/dynamic-dispatch-15.slang#cuda-1	compute/dynamic-dispatch-15.slang	cuda_sm_7_0	False	mvp		correct	4803					correct	5087					correct	5015					complete
compute/dynamic-dispatch-16.slang#cuda-1	compute/dynamic-dispatch-16.slang	cuda_sm_7_0	False	mvp		correct	4921					correct	4646					correct	4788					complete
compute/dynamic-dispatch-17.slang#cuda-1	compute/dynamic-dispatch-17.slang	cuda_sm_7_0	False	mvp		correct	4964					correct	5464					correct	5376					complete
compute/dynamic-dispatch-18.slang#cuda-1	compute/dynamic-dispatch-18.slang	cuda_sm_7_0	False	mvp		correct	5115					correct	5478					correct	5448					complete
compute/dynamic-dispatch-19.slang#cuda-1	compute/dynamic-dispatch-19.slang	cuda_sm_7_0	False	mvp		correct	5183					correct	5158					correct	4886					complete
compute/dynamic-dispatch-2.slang#cuda-1	compute/dynamic-dispatch-2.slang	cuda_sm_7_0	False	mvp		correct	5155					correct	5171					correct	5210					complete
compute/dynamic-dispatch-3.slang#cuda-1	compute/dynamic-dispatch-3.slang	cuda_sm_7_0	False	mvp		correct	5094					correct	5233					correct	5339					complete
compute/dynamic-dispatch-4.slang#cuda-1	compute/dynamic-dispatch-4.slang	cuda_sm_7_0	False	mvp		correct	5056					correct	5238					correct	5350					complete
compute/dynamic-dispatch-5.slang#cuda-1	compute/dynamic-dispatch-5.slang	cuda_sm_7_0	False	mvp		correct	4926					correct	5282					correct	5163					complete
compute/dynamic-dispatch-6.slang#cuda-1	compute/dynamic-dispatch-6.slang	cuda_sm_7_0	False	mvp		correct	4697					correct	4870					correct	5072					complete
compute/dynamic-dispatch-7.slang#cuda-1	compute/dynamic-dispatch-7.slang	cuda_sm_7_0	False	mvp		correct	4893					correct	5104					correct	5156					complete
compute/dynamic-dispatch-8.slang#cuda-1	compute/dynamic-dispatch-8.slang	cuda_sm_7_0	False	mvp		correct	5064					correct	5285					correct	5210					complete
compute/dynamic-dispatch-9.slang#cuda-1	compute/dynamic-dispatch-9.slang	cuda_sm_7_0	False	mvp		correct	4907					correct	5126					correct	4692					complete
compute/dynamic-dispatch-bindless-texture.slang#cuda-1	compute/dynamic-dispatch-bindless-texture.slang	cuda_sm_7_0	False	mvp		correct	5263					correct	5282					correct	5145					complete
compute/dynamic-dispatch-substandard-float.slang#cuda-1	compute/dynamic-dispatch-substandard-float.slang	cuda_sm_7_0	False	mvp		correct	5341					preflight	5266	helper function result type	helper-abi-type-contract	post-specialization linked IRFunc signature -> _validateNVVMHelperTarget	direct NVVM lowering does not support Slang IR instruction or shape 'helper function result type: A'	preflight	5108	helper function result type	helper-abi-type-contract	post-specialization linked IRFunc signature -> _validateNVVMHelperTarget	direct NVVM lowering does not support Slang IR instruction or shape 'helper function result type: A'	complete
compute/dynamic-generics-simple.slang#cuda-1	compute/dynamic-generics-simple.slang	cuda_sm_7_0	False	mvp		correct	5014					correct	5250					correct	5157					complete
compute/entry-point-uniform-params.slang#cuda-1	compute/entry-point-uniform-params.slang	cuda_sm_7_0	False	mvp		correct	5005					correct	5239					correct	5157					complete
compute/func-param-legalize.slang#cuda-1	compute/func-param-legalize.slang	cuda_sm_7_0	False	mvp		correct	4865					correct	5045					correct	4990					complete
compute/func-resource-param.slang#cuda-1	compute/func-resource-param.slang	cuda_sm_7_0	True	mvp		correct	4693					correct	5120					correct	4996					complete
compute/groupshared.slang#cuda-1	compute/groupshared.slang	cuda_sm_7_0	False	mvp		correct	4921					correct	5291					correct	5058					complete
compute/half-calc.slang#cuda-1	compute/half-calc.slang	cuda_sm_7_0	False	mvp		correct	5012					correct	5042					correct	4840					complete
compute/half-opaque-convert.slang#cuda-1	compute/half-opaque-convert.slang	cuda_sm_7_0	False	mvp		correct	5127					correct	5260					correct	4957					complete
compute/half-rw-texture-convert.slang#cuda-1	compute/half-rw-texture-convert.slang	cuda_sm_7_0	False	mvp		correct	5175					correct	5482					correct	5141					complete
compute/half-rw-texture-convert2.slang#cuda-1	compute/half-rw-texture-convert2.slang	cuda_sm_7_0	False	mvp		correct	5232					correct	5408					correct	5152					complete
compute/half-rw-texture-simple.slang#cuda-1	compute/half-rw-texture-simple.slang	cuda_sm_7_0	False	mvp		correct	5175					provider	5233		provider-unoptimized-half-operation	NVVMTypeLoweringContext/emitNVVMIRFromLinkedIR -> libNVVM compilation	libNVVM compilation failed: Error: unsupported operation	correct	5167					complete
compute/half-structured-buffer.slang#cuda-1	compute/half-structured-buffer.slang	cuda_sm_7_0	False	mvp		correct	4939					correct	5321					correct	5002					complete
compute/half-texture-simple.slang#cuda-1	compute/half-texture-simple.slang	cuda_sm_7_0	False	mvp		correct	4866					correct	4909					correct	4822					complete
compute/half-vector-calc.slang#cuda-1	compute/half-vector-calc.slang	cuda_sm_7_0	False	mvp		infrastructure	4721		infrastructure-native-reference	NVRTC/toolkit or generated reference contract	"error : class ""__half4"" has no member ""xyz"""	provider	5294		provider-unoptimized-half-operation	NVVMTypeLoweringContext/emitNVVMIRFromLinkedIR -> libNVVM compilation	libNVVM compilation failed: Error: unsupported operation	correct	5071					complete
compute/half-vector-compare.slang#cuda-1	compute/half-vector-compare.slang	cuda_sm_7_0	False	mvp		correct	4880					provider	4732		provider-unoptimized-half-operation	NVVMTypeLoweringContext/emitNVVMIRFromLinkedIR -> libNVVM compilation	libNVVM compilation failed: Error: unsupported operation	correct	5014					complete
compute/ieee754-mixed-type-nan-comparisons.slang#cuda-1	compute/ieee754-mixed-type-nan-comparisons.slang	cuda_sm_7_0	False	mvp		correct	4895					correct	5131					correct	4939					complete
compute/int-generic.slang#cuda-1	compute/int-generic.slang	cuda_sm_7_0	False	mvp		correct	4929					correct	5154					correct	5120					complete
compute/interface-assoc-type-param.slang#cuda-1	compute/interface-assoc-type-param.slang	cuda_sm_7_0	False	mvp		correct	5318					preflight	5120	entry-point parameter	aggregate-pointer-layout-transport	canonical linked aggregate/pointer IR -> _validateNVVMFunction	direct NVVM lowering does not support Slang IR instruction or shape 'entry-point parameter'	preflight	4959	entry-point parameter	aggregate-pointer-layout-transport	canonical linked aggregate/pointer IR -> _validateNVVMFunction	direct NVVM lowering does not support Slang IR instruction or shape 'entry-point parameter'	complete
compute/interface-func-param-in-struct.slang#cuda-1	compute/interface-func-param-in-struct.slang	cuda_sm_7_0	False	mvp		correct	5205					preflight	5206	entry-point parameter	aggregate-pointer-layout-transport	canonical linked aggregate/pointer IR -> _validateNVVMFunction	direct NVVM lowering does not support Slang IR instruction or shape 'entry-point parameter'	preflight	4975	entry-point parameter	aggregate-pointer-layout-transport	canonical linked aggregate/pointer IR -> _validateNVVMFunction	direct NVVM lowering does not support Slang IR instruction or shape 'entry-point parameter'	complete
compute/kernel-context-threading.slang#cuda-1	compute/kernel-context-threading.slang	cuda_sm_7_0	False	mvp		correct	5120					correct	5195					correct	5159					complete
compute/kernel-context-threading.slang#cuda-2	compute/kernel-context-threading.slang	cuda_sm_7_0	False	mvp		correct	5047					correct	4709					correct	4783					complete
compute/logic-no-short-circuit-evaluation.slang#cuda-1	compute/logic-no-short-circuit-evaluation.slang	cuda_sm_7_0	False	mvp		correct	4995					correct	4907					correct	5113					complete
compute/logic-short-circuit-evaluation.slang#cuda-1	compute/logic-short-circuit-evaluation.slang	cuda_sm_7_0	False	mvp		correct	4916					correct	4700					correct	5084					complete
compute/loop-unroll.slang#cuda-1	compute/loop-unroll.slang	cuda_sm_7_0	False	mvp		correct	4887					correct	4764					correct	4786					complete
compute/matrix-layout-structured-buffer.slang#cuda-1	compute/matrix-layout-structured-buffer.slang	cuda_sm_7_0	False	mvp		correct	4987					correct	5258					correct	5093					complete
compute/mutating-and-inout.slang#cuda-1	compute/mutating-and-inout.slang	cuda_sm_7_0	False	mvp		correct	4979					correct	5385					correct	5165					complete
compute/nested-assoc-types.slang#cuda-1	compute/nested-assoc-types.slang	cuda_sm_7_0	False	mvp		correct	5409					correct	5281					correct	5240					complete
compute/non-square-row-major.slang#cuda-1	compute/non-square-row-major.slang	cuda_sm_7_0	False	mvp		correct	5276					correct	5256					correct	5193					complete
compute/pack-any-value-16bit.slang#cuda-1	compute/pack-any-value-16bit.slang	cuda_sm_7_0	False	mvp		correct	5224					correct	4939					correct	4833					complete
compute/pack-any-value-8bit.slang#cuda-1	compute/pack-any-value-8bit.slang	cuda_sm_7_0	False	mvp		correct	5166					correct	4728					correct	4758					complete
compute/parameter-block.slang#cuda-1	compute/parameter-block.slang	cuda_sm_7_0	False	mvp		correct	4896					correct	4974					correct	5139					complete
compute/reinterpret-structured-buffer.slang#cuda-1	compute/reinterpret-structured-buffer.slang	cuda_sm_7_0	False	mvp		correct	4899					preflight	4639	helper function result type	helper-abi-type-contract	post-specialization linked IRFunc signature -> _validateNVVMHelperTarget	direct NVVM lowering does not support Slang IR instruction or shape 'helper function result type: RWStructuredBuffer<vector<half,2>>'	preflight	4844	helper function result type	helper-abi-type-contract	post-specialization linked IRFunc signature -> _validateNVVMHelperTarget	direct NVVM lowering does not support Slang IR instruction or shape 'helper function result type: RWStructuredBuffer<vector<half,2>>'	complete
compute/row-major.slang#cuda-1	compute/row-major.slang	cuda_sm_7_0	True	mvp		correct	4876					correct	4913					correct	5060					complete
compute/rw-texture-simple.slang#cuda-1	compute/rw-texture-simple.slang	cuda_sm_7_0	False	mvp		correct	5009					correct	5034					correct	5158					complete
compute/simple-interface-parameter.slang#cuda-1	compute/simple-interface-parameter.slang	cuda_sm_7_0	False	mvp		correct	5002					preflight	4974	global_param	aggregate-pointer-layout-transport	canonical linked aggregate/pointer IR -> _validateNVVMFunction	direct NVVM lowering does not support Slang IR instruction or shape 'global_param'	preflight	5055	global_param	aggregate-pointer-layout-transport	canonical linked aggregate/pointer IR -> _validateNVVMFunction	direct NVVM lowering does not support Slang IR instruction or shape 'global_param'	complete
compute/simple.slang#cuda-1	compute/simple.slang	cuda_sm_7_0	False	mvp		correct	5117					correct	5077					correct	5082					complete
compute/struct-default-init.slang#cuda-1	compute/struct-default-init.slang	cuda_sm_7_0	False	mvp		correct	5126					correct	5042					correct	5059					complete
compute/struct-in-generic.slang#cuda-1	compute/struct-in-generic.slang	cuda_sm_7_0	False	mvp		correct	4920					correct	4775					correct	4811					complete
compute/structured-buffer-load.slang#cuda-1	compute/structured-buffer-load.slang	cuda_sm_7_0	True	mvp		correct	5002					correct	5130					correct	5038					complete
compute/structured-buffer-of-matrices.slang#cuda-1	compute/structured-buffer-of-matrices.slang	cuda_sm_7_0	True	mvp		correct	4761					correct	5016					correct	5033					complete
compute/structured-buffer-of-struct.slang#cuda-1	compute/structured-buffer-of-struct.slang	cuda_sm_7_0	False	mvp		correct	4738					correct	4888					correct	4791					complete
compute/structured-buffer-swizzle-store.slang#cuda-1	compute/structured-buffer-swizzle-store.slang	cuda_sm_7_0	False	mvp		correct	4794					correct	5673					correct	4954					complete
compute/switch-stmt.slang#cuda-1	compute/switch-stmt.slang	cuda_sm_7_0	False	mvp		correct	4860					correct	5448					correct	5095					complete
compute/texture-get-dimensions-cuda.slang#cuda-1	compute/texture-get-dimensions-cuda.slang	cuda_sm_7_0	False	mvp		correct	4986					correct	5475					correct	5094					complete
compute/texture-simple.slang#cuda-1	compute/texture-simple.slang	cuda_sm_7_0	False	mvp		correct	5117					correct	5465					correct	5073					complete
compute/texture-simpler.slang#cuda-1	compute/texture-simpler.slang	cuda_sm_7_0	False	mvp		correct	5021					correct	5164					correct	4897					complete
compute/texture-subscript-cuda.slang#cuda-1	compute/texture-subscript-cuda.slang	cuda_sm_7_0	False	mvp		correct	5108					correct	5735					correct	5035					complete
compute/texture-subscript-uint-cuda.slang#cuda-1	compute/texture-subscript-uint-cuda.slang	cuda_sm_7_0	False	mvp		correct	5058					correct	5348					correct	5107					complete
compute/texture-subscript.slang#cuda-1	compute/texture-subscript.slang	cuda_sm_7_0	True	mvp		infrastructure	4771		infrastructure-native-reference	NVRTC/toolkit or generated reference contract	BUF: expected string not found in input	correct	4863					correct	4905					complete
compute/transcendental-double.slang#cuda-1	compute/transcendental-double.slang	cuda_sm_7_0	False	mvp		correct	4846					correct	4976					correct	5004					complete
compute/transcendental.slang#cuda-1	compute/transcendental.slang	cuda_sm_7_0	False	mvp		correct	4814					correct	5184					correct	5165					complete
compute/transitive-interface.slang#cuda-1	compute/transitive-interface.slang	cuda_sm_7_0	False	mvp		correct	4903					correct	5387					correct	5124					complete
compute/typedef-member.slang#cuda-1	compute/typedef-member.slang	cuda_sm_7_0	False	mvp		correct	5083					correct	5233					correct	5130					complete
compute/vector-scalar-compare.slang#cuda-1	compute/vector-scalar-compare.slang	cuda_sm_7_0	False	mvp		correct	5009					correct	5181					correct	5038					complete
compute/write-structured-buffer-field.slang#cuda-1	compute/write-structured-buffer-field.slang	cuda_sm_7_0	False	mvp		correct	5239					correct	5206					correct	5052					complete
cross-compile/simple-cross-compile.slang#cuda-1	cross-compile/simple-cross-compile.slang	cuda_sm_7_0	False	mvp		correct	5417					correct	5374					correct	5169					complete
cuda/compile-to-cuda.slang#cuda-1	cuda/compile-to-cuda.slang	cuda_sm_7_0	False	mvp		correct	5256					correct	4893					correct	4770					complete
cuda/copy-elision-this-2.slang#cuda-1	cuda/copy-elision-this-2.slang	cuda_sm_7_0	False	mvp		correct	4923					preflight	4521	global_param	aggregate-pointer-layout-transport	canonical linked aggregate/pointer IR -> _validateNVVMFunction	direct NVVM lowering does not support Slang IR instruction or shape 'global_param'	preflight	4774	global_param	aggregate-pointer-layout-transport	canonical linked aggregate/pointer IR -> _validateNVVMFunction	direct NVVM lowering does not support Slang IR instruction or shape 'global_param'	complete
cuda/cuda-array-layout.slang#cuda-1	cuda/cuda-array-layout.slang	cuda_sm_7_0	False	mvp		correct	5050					correct	4761					correct	4874					complete
cuda/cuda-kernel-param-layout.slang#cuda-1	cuda/cuda-kernel-param-layout.slang	cuda_sm_7_0	False	mvp		correct	5133					correct	5099					correct	4976					complete
cuda/cuda-layout.slang#cuda-1	cuda/cuda-layout.slang	cuda_sm_7_0	False	mvp		correct	5373					correct	5184					correct	5025					complete
cuda/cuda-texture.slang#cuda-1	cuda/cuda-texture.slang	cuda_sm_7_0	False	mvp		correct	5351					preflight	5145	RequireComputeDerivative	residual-target-marker-or-undefined-value	named upstream IR producer -> _validateNVVMFunction default rejection	direct NVVM lowering does not support Slang IR instruction or shape 'RequireComputeDerivative'	preflight	4820	RequireComputeDerivative	residual-target-marker-or-undefined-value	named upstream IR producer -> _validateNVVMFunction default rejection	direct NVVM lowering does not support Slang IR instruction or shape 'RequireComputeDerivative'	complete
cuda/cuda-vector-binary-ops.slang#cuda-1	cuda/cuda-vector-binary-ops.slang	cuda_sm_7_0	False	mvp		correct	5171					correct	5026					correct	4939					complete
cuda/get-buffer-ptr.slang#cuda-1	cuda/get-buffer-ptr.slang	cuda_sm_7_0	False	mvp		correct	5240					correct	5259					correct	5048					complete
cuda/make-matrix.slang#cuda-1	cuda/make-matrix.slang	cuda_sm_7_0	False	mvp		correct	5163					correct	5182					correct	4902					complete
cuda/nvvm-conventional-global-multi-resource.slang#cuda-1	cuda/nvvm-conventional-global-multi-resource.slang	cuda_sm_7_0	False	mvp		correct	5160					correct	4843					correct	4832					complete
cuda/nvvm-float-matrix-values.slang#cuda-1	cuda/nvvm-float-matrix-values.slang	cuda_sm_7_0	True	mvp		correct	4927					correct	4676					correct	4970					complete
cuda/nvvm-half-values.slang#cuda-1	cuda/nvvm-half-values.slang	cuda_sm_7_0	True	mvp		correct	4888					provider	4766		provider-unoptimized-half-operation	NVVMTypeLoweringContext/emitNVVMIRFromLinkedIR -> libNVVM compilation	CHECK: expected string not found in input	correct	5136					complete
cuda/nvvm-helper-copyable-values.slang#cuda-1	cuda/nvvm-helper-copyable-values.slang	cuda_sm_7_0	False	mvp		correct	5162					correct	5166					correct	5306					complete
cuda/nvvm-thread-local-global-context.slang#cuda-1	cuda/nvvm-thread-local-global-context.slang	cuda_sm_7_0	True	mvp		correct	5133					correct	5242					correct	5337					complete
cuda/nvvm-typed-select.slang#cuda-1	cuda/nvvm-typed-select.slang	cuda_sm_7_0	True	mvp		correct	4926					correct	5088					correct	4873					complete
cuda/param-block-alignment.slang#cuda-1	cuda/param-block-alignment.slang	cuda_sm_7_0	False	mvp		correct	4987					correct	5552					correct	5045					complete
cuda/require-prelude.slang#cuda-1	cuda/require-prelude.slang	cuda_sm_7_0	False	mvp		correct	5023					preflight	5322	RequirePrelude	residual-target-marker-or-undefined-value	named upstream IR producer -> _validateNVVMFunction default rejection	direct NVVM lowering does not support Slang IR instruction or shape 'RequirePrelude'	preflight	5004	RequirePrelude	residual-target-marker-or-undefined-value	named upstream IR producer -> _validateNVVMFunction default rejection	direct NVVM lowering does not support Slang IR instruction or shape 'RequirePrelude'	complete
cuda/vector-dot-signed-zero.slang#cuda-1	cuda/vector-dot-signed-zero.slang	cuda_sm_7_0	False	mvp		correct	5026					correct	5288					correct	4947					complete
cuda/wave-lane-index-multidim-3d.slang#cuda-1	cuda/wave-lane-index-multidim-3d.slang	cuda_sm_7_0	False	mvp		correct	4856					correct	4970					correct	4805					complete
front-end/float-literal-values-rounding-dec-compute.slang#cuda-1	front-end/float-literal-values-rounding-dec-compute.slang	cuda_sm_7_0	False	mvp		correct	4795					correct	4802					correct	4830					complete
glsl-intrinsic/array-length.slang#cuda-1	glsl-intrinsic/array-length.slang	cuda_sm_7_0	False	mvp		correct	4897					correct	4871					correct	5052					complete
glsl-intrinsic/unpack-float.slang#cuda-1	glsl-intrinsic/unpack-float.slang	cuda_sm_7_0	False	mvp		correct	5171					correct	5108					correct	5181					complete
hlsl-intrinsic/active-mask/for-break.slang#cuda-1	hlsl-intrinsic/active-mask/for-break.slang	cuda_sm_7_0	False	mvp		correct	4965					correct	4826					correct	4922					complete
hlsl-intrinsic/active-mask/for-continue-ext.slang#cuda-1	hlsl-intrinsic/active-mask/for-continue-ext.slang	cuda_sm_7_0	False	mvp		correct	5100					correct	4890					correct	5066					complete
hlsl-intrinsic/active-mask/for-continue.slang#cuda-1	hlsl-intrinsic/active-mask/for-continue.slang	cuda_sm_7_0	False	mvp		correct	4887					correct	4710					correct	4957					complete
hlsl-intrinsic/active-mask/for.slang#cuda-1	hlsl-intrinsic/active-mask/for.slang	cuda_sm_7_0	False	mvp		correct	5080					correct	4864					correct	4891					complete
hlsl-intrinsic/active-mask/if-conditional-exit.slang#cuda-1	hlsl-intrinsic/active-mask/if-conditional-exit.slang	cuda_sm_7_0	False	mvp		correct	5152					correct	4996					correct	5005					complete
hlsl-intrinsic/active-mask/if-early-exit.slang#cuda-1	hlsl-intrinsic/active-mask/if-early-exit.slang	cuda_sm_7_0	False	mvp		correct	5185					correct	5120					correct	5323					complete
hlsl-intrinsic/active-mask/if-one-sided.slang#cuda-1	hlsl-intrinsic/active-mask/if-one-sided.slang	cuda_sm_7_0	False	mvp		correct	5160					correct	5163					correct	5061					complete
hlsl-intrinsic/active-mask/if.slang#cuda-1	hlsl-intrinsic/active-mask/if.slang	cuda_sm_7_0	False	mvp		correct	5054					correct	4985					correct	4811					complete
hlsl-intrinsic/active-mask/switch-no-default.slang#cuda-1	hlsl-intrinsic/active-mask/switch-no-default.slang	cuda_sm_7_0	False	mvp		correct	4706					preflight	4775	waveMaskMatch	atomic-wave-operation	atomic/wave legalization IR op -> _validateNVVMFunction	direct NVVM lowering does not support Slang IR instruction or shape 'waveMaskMatch'	preflight	4855	waveMaskMatch	atomic-wave-operation	atomic/wave legalization IR op -> _validateNVVMFunction	direct NVVM lowering does not support Slang IR instruction or shape 'waveMaskMatch'	complete
hlsl-intrinsic/active-mask/switch.slang#cuda-1	hlsl-intrinsic/active-mask/switch.slang	cuda_sm_7_0	False	mvp		correct	4786					preflight	4865	waveMaskMatch	atomic-wave-operation	atomic/wave legalization IR op -> _validateNVVMFunction	direct NVVM lowering does not support Slang IR instruction or shape 'waveMaskMatch'	preflight	5169	waveMaskMatch	atomic-wave-operation	atomic/wave legalization IR op -> _validateNVVMFunction	direct NVVM lowering does not support Slang IR instruction or shape 'waveMaskMatch'	complete
hlsl-intrinsic/asfloat16.slang#cuda-1	hlsl-intrinsic/asfloat16.slang	cuda_sm_7_0	False	mvp		correct	4776					correct	4963					correct	5069					complete
hlsl-intrinsic/atomic/atomic-intrinsics-64bit.slang#cuda-1	hlsl-intrinsic/atomic/atomic-intrinsics-64bit.slang	cuda_sm_7_0	False	mvp		correct	5177					correct	5105					correct	4911					complete
hlsl-intrinsic/atomic/atomic-intrinsics.slang#cuda-1	hlsl-intrinsic/atomic/atomic-intrinsics.slang	cuda_sm_7_0	False	mvp		correct	5077					correct	5174					correct	5113					complete
hlsl-intrinsic/atomic/atomic-reduce-float.slang#cuda-1	hlsl-intrinsic/atomic/atomic-reduce-float.slang	cuda_sm_7_0	False	mvp		correct	4963					correct	5204					correct	5264					complete
hlsl-intrinsic/atomic/atomic-reduce-half-cuda.slang#cuda-1	hlsl-intrinsic/atomic/atomic-reduce-half-cuda.slang	cuda_sm_7_0	False	mvp		correct	5150					preflight	5055	GenericAsm	generic-asm-atomic	StmtLoweringVisitor::visitIntrinsicAsmStmt -> IRGenericAsm; _validateNVVMFunction semantic resolution	direct NVVM lowering does not support Slang IR instruction or shape 'GenericAsm assembly=__slang_atomic_reduce_add($0, $1, (int)$2), signature=Void(RefParam<half, addressSpace=2147483647, access=0, operands=4, layout=DefaultLayout>, half, int)'	preflight	4944	GenericAsm	generic-asm-atomic	StmtLoweringVisitor::visitIntrinsicAsmStmt -> IRGenericAsm; _validateNVVMFunction semantic resolution	direct NVVM lowering does not support Slang IR instruction or shape 'GenericAsm assembly=__slang_atomic_reduce_add($0, $1, (int)$2), signature=Void(RefParam<half, addressSpace=2147483647, access=0, operands=4, layout=DefaultLayout>, half, int)'	complete
hlsl-intrinsic/atomic/atomic-reduce-intrinsics.slang#cuda-1	hlsl-intrinsic/atomic/atomic-reduce-intrinsics.slang	cuda_sm_7_0	False	mvp		correct	5082					correct	5186					correct	5121					complete
hlsl-intrinsic/atomic/atomic-reduce-methods-float.slang#cuda-1	hlsl-intrinsic/atomic/atomic-reduce-methods-float.slang	cuda_sm_7_0	False	mvp		correct	4904					correct	5033					correct	4723					complete
hlsl-intrinsic/atomic/atomic-reduce-methods.slang#cuda-1	hlsl-intrinsic/atomic/atomic-reduce-methods.slang	cuda_sm_7_0	False	mvp		correct	4843					correct	4875					correct	4943					complete
hlsl-intrinsic/bit-cast-double.slang#cuda-1	hlsl-intrinsic/bit-cast-double.slang	cuda_sm_7_0	False	mvp		correct	5061					correct	4667					correct	4845					complete
hlsl-intrinsic/bit-cast.slang#cuda-1	hlsl-intrinsic/bit-cast.slang	cuda_sm_7_0	False	mvp		correct	5629					correct	4841					correct	4950					complete
hlsl-intrinsic/bit-cast/bit-cast-16-bit.slang#cuda-1	hlsl-intrinsic/bit-cast/bit-cast-16-bit.slang	cuda_sm_7_0	False	mvp		correct	5079					provider	4992		provider-unoptimized-half-operation	NVVMTypeLoweringContext/emitNVVMIRFromLinkedIR -> libNVVM compilation	libNVVM compilation failed: Error: unsupported operation	correct	5193					complete
hlsl-intrinsic/byte-address-buffer-atomics.slang#cuda-1	hlsl-intrinsic/byte-address-buffer-atomics.slang	cuda_sm_7_0	False	mvp		correct	4992					correct	4825					correct	5098					complete
hlsl-intrinsic/byte-address-buffer/byte-address-16bit-vector.slang#cuda-1	hlsl-intrinsic/byte-address-buffer/byte-address-16bit-vector.slang	cuda_sm_7_0	False	mvp		correct	5358					preflight	4901	core byte-address buffer access	raw-buffer-view-access	raw-buffer legalization IR op -> direct-NVVM raw-buffer resolver	direct NVVM lowering does not support Slang IR instruction or shape 'core byte-address buffer access'	preflight	4957	core byte-address buffer access	raw-buffer-view-access	raw-buffer legalization IR op -> direct-NVVM raw-buffer resolver	direct NVVM lowering does not support Slang IR instruction or shape 'core byte-address buffer access'	complete
hlsl-intrinsic/byte-address-buffer/byte-address-16bit.slang#cuda-1	hlsl-intrinsic/byte-address-buffer/byte-address-16bit.slang	cuda_sm_7_0	False	mvp		correct	5317					preflight	5147	core byte-address buffer access	raw-buffer-view-access	raw-buffer legalization IR op -> direct-NVVM raw-buffer resolver	direct NVVM lowering does not support Slang IR instruction or shape 'core byte-address buffer access'	preflight	4935	core byte-address buffer access	raw-buffer-view-access	raw-buffer legalization IR op -> direct-NVVM raw-buffer resolver	direct NVVM lowering does not support Slang IR instruction or shape 'core byte-address buffer access'	complete
hlsl-intrinsic/byte-address-buffer/byte-address-half-atomics.slang#cuda-1	hlsl-intrinsic/byte-address-buffer/byte-address-half-atomics.slang	cuda_sm_7_0	False	mvp		correct	5324					preflight	4993	equivalent structured-buffer view	raw-buffer-view-access	raw-buffer legalization IR op -> direct-NVVM raw-buffer resolver	direct NVVM lowering does not support Slang IR instruction or shape 'equivalent structured-buffer view'	preflight	4829	equivalent structured-buffer view	raw-buffer-view-access	raw-buffer legalization IR op -> direct-NVVM raw-buffer resolver	direct NVVM lowering does not support Slang IR instruction or shape 'equivalent structured-buffer view'	complete
hlsl-intrinsic/byte-address-buffer/byte-address-struct.slang#cuda-1	hlsl-intrinsic/byte-address-buffer/byte-address-struct.slang	cuda_sm_7_0	False	mvp		correct	5112					correct	5048					correct	4829					complete
hlsl-intrinsic/classify-double.slang#cuda-1	hlsl-intrinsic/classify-double.slang	cuda_sm_7_0	False	mvp		correct	5179					correct	5200					correct	5101					complete
hlsl-intrinsic/classify-float.slang#cuda-1	hlsl-intrinsic/classify-float.slang	cuda_sm_7_0	False	mvp		correct	4808					correct	4830					correct	4832					complete
hlsl-intrinsic/countbits.slang#cuda-1	hlsl-intrinsic/countbits.slang	cuda_sm_7_0	False	mvp		correct	4951					correct	4631					correct	4906					complete
hlsl-intrinsic/countbits16.slang#cuda-1	hlsl-intrinsic/countbits16.slang	cuda_sm_7_0	False	mvp		correct	5630					correct	4846					correct	5130					complete
hlsl-intrinsic/countbits64.slang#cuda-1	hlsl-intrinsic/countbits64.slang	cuda_sm_7_0	False	mvp		correct	5273					correct	5103					correct	5278					complete
hlsl-intrinsic/countbits8.slang#cuda-1	hlsl-intrinsic/countbits8.slang	cuda_sm_7_0	False	mvp		correct	5569					correct	5083					correct	5257					complete
hlsl-intrinsic/dot-accumulate.slang#cuda-1	hlsl-intrinsic/dot-accumulate.slang	cuda_sm_7_0	False	mvp		correct	5270					correct	5132					correct	4947					complete
hlsl-intrinsic/f16tof32.slang#cuda-1	hlsl-intrinsic/f16tof32.slang	cuda_sm_7_0	False	mvp		correct	5239					correct	5002					correct	4997					complete
hlsl-intrinsic/f32tof16.slang#cuda-1	hlsl-intrinsic/f32tof16.slang	cuda_sm_7_0	False	mvp		correct	5368					correct	5095					correct	5351					complete
hlsl-intrinsic/firstbithigh.slang#cuda-1	hlsl-intrinsic/firstbithigh.slang	cuda_sm_7_0	False	mvp		correct	4828					correct	5005					correct	5037					complete
hlsl-intrinsic/firstbithigh64.slang#cuda-1	hlsl-intrinsic/firstbithigh64.slang	cuda_sm_7_0	False	mvp		correct	4751					correct	4735					correct	4890					complete
hlsl-intrinsic/firstbitlow.slang#cuda-1	hlsl-intrinsic/firstbitlow.slang	cuda_sm_7_0	False	mvp		correct	4914					correct	4620					correct	4890					complete
hlsl-intrinsic/firstbitlow64.slang#cuda-1	hlsl-intrinsic/firstbitlow64.slang	cuda_sm_7_0	False	mvp		correct	5591					correct	4767					correct	5179					complete
hlsl-intrinsic/literal-int64.slang#cuda-1	hlsl-intrinsic/literal-int64.slang	cuda_sm_7_0	False	mvp		correct	5649					correct	5052					correct	5204					complete
hlsl-intrinsic/matrix-cast-to-vector.slang#cuda-1	hlsl-intrinsic/matrix-cast-to-vector.slang	cuda_sm_7_0	False	mvp		correct	5599					correct	5216					correct	5195					complete
hlsl-intrinsic/matrix-double-reduced-intrinsic.slang#cuda-1	hlsl-intrinsic/matrix-double-reduced-intrinsic.slang	cuda_sm_7_0	False	mvp		correct	5387					preflight	5141	add: vector<double,2> -> vector<double,2>	preflight-other	canonical linked IR -> _validateNVVMFunction	direct NVVM lowering does not support Slang IR instruction or shape 'add: vector<double,2> -> vector<double,2>'	preflight	4729	add: vector<double,2> -> vector<double,2>	preflight-other	canonical linked IR -> _validateNVVMFunction	direct NVVM lowering does not support Slang IR instruction or shape 'add: vector<double,2> -> vector<double,2>'	complete
hlsl-intrinsic/matrix-double.slang#cuda-1	hlsl-intrinsic/matrix-double.slang	cuda_sm_7_0	False	mvp		correct	6333					preflight	5261	unmodified	preflight-other	canonical linked IR -> _validateNVVMFunction	direct NVVM lowering does not support Slang IR instruction or shape 'unmodified'	preflight	5228	unmodified	preflight-other	canonical linked IR -> _validateNVVMFunction	direct NVVM lowering does not support Slang IR instruction or shape 'unmodified'	complete
hlsl-intrinsic/matrix-float.slang#cuda-1	hlsl-intrinsic/matrix-float.slang	cuda_sm_7_0	False	mvp		correct	5999					runtime-mismatch	5510		runtime-other	compiled PTX executed by the CUDA compare-compute harness	slang-test expected/actual runtime result mismatch	runtime-mismatch	5442		runtime-other	compiled PTX executed by the CUDA compare-compute harness	slang-test expected/actual runtime result mismatch	complete
hlsl-intrinsic/matrix-int-runtime-index.slang#cuda-1	hlsl-intrinsic/matrix-int-runtime-index.slang	cuda_sm_7_0	False	mvp		correct	5019					correct	5060					correct	4908					complete
hlsl-intrinsic/matrix-int.slang#cuda-1	hlsl-intrinsic/matrix-int.slang	cuda_sm_7_0	False	mvp		correct	4880					correct	5004					correct	4893					complete
hlsl-intrinsic/min-max-iarithmetic.slang#cuda-1	hlsl-intrinsic/min-max-iarithmetic.slang	cuda_sm_7_0	False	mvp		correct	5013					correct	4812					correct	5021					complete
hlsl-intrinsic/packed/pack-unpack-float.slang#cuda-1	hlsl-intrinsic/packed/pack-unpack-float.slang	cuda_sm_7_0	False	mvp		correct	5588					correct	4862					correct	5195					complete
hlsl-intrinsic/packed/pack-unpack.slang#cuda-1	hlsl-intrinsic/packed/pack-unpack.slang	cuda_sm_7_0	False	mvp		correct	5583					correct	5442					correct	4966					complete
hlsl-intrinsic/packed/pack-unpack.slang#cuda-2	hlsl-intrinsic/packed/pack-unpack.slang	cuda_sm_7_0	False	mvp		correct	5458					correct	5393					correct	4901					complete
hlsl-intrinsic/packed/unpack-float.slang#cuda-1	hlsl-intrinsic/packed/unpack-float.slang	cuda_sm_7_0	False	mvp		correct	5180					correct	4934					correct	5022					complete
hlsl-intrinsic/quad-control/quad-control-comp-functionality.slang#cuda-1	hlsl-intrinsic/quad-control/quad-control-comp-functionality.slang	cuda_sm_7_0	False	extension	advanced wave/quad operation outside the initial MVP	correct	5225					preflight	5279	RequireMaximallyReconverges	residual-target-marker-or-undefined-value	named upstream IR producer -> _validateNVVMFunction default rejection	direct NVVM lowering does not support Slang IR instruction or shape 'RequireMaximallyReconverges'	preflight	4986	RequireMaximallyReconverges	residual-target-marker-or-undefined-value	named upstream IR producer -> _validateNVVMFunction default rejection	direct NVVM lowering does not support Slang IR instruction or shape 'RequireMaximallyReconverges'	complete
hlsl-intrinsic/reversebits.slang#cuda-1	hlsl-intrinsic/reversebits.slang	cuda_sm_7_0	False	mvp		correct	5273					correct	5214					correct	5094					complete
hlsl-intrinsic/reversebits64.slang#cuda-1	hlsl-intrinsic/reversebits64.slang	cuda_sm_7_0	False	mvp		correct	5309					correct	5251					correct	4664					complete
hlsl-intrinsic/scalar-bf16.slang#cuda-1	hlsl-intrinsic/scalar-bf16.slang	cuda_sm_7_0	False	mvp		correct	4806					preflight	4945	helper function result type	helper-abi-type-contract	post-specialization linked IRFunc signature -> _validateNVVMHelperTarget	direct NVVM lowering does not support Slang IR instruction or shape 'helper function result type: BFloat16'	preflight	4662	helper function result type	helper-abi-type-contract	post-specialization linked IRFunc signature -> _validateNVVMHelperTarget	direct NVVM lowering does not support Slang IR instruction or shape 'helper function result type: BFloat16'	complete
hlsl-intrinsic/scalar-double-abs.slang#cuda-1	hlsl-intrinsic/scalar-double-abs.slang	cuda_sm_7_0	False	mvp		correct	5522					correct	4841					correct	4868					complete
hlsl-intrinsic/scalar-double-acos.slang#cuda-1	hlsl-intrinsic/scalar-double-acos.slang	cuda_sm_7_0	False	mvp		correct	5575					correct	5266					correct	5037					complete
hlsl-intrinsic/scalar-double-asdouble.slang#cuda-1	hlsl-intrinsic/scalar-double-asdouble.slang	cuda_sm_7_0	False	mvp		correct	5200					correct	5413					correct	5003					complete
hlsl-intrinsic/scalar-double-asin.slang#cuda-1	hlsl-intrinsic/scalar-double-asin.slang	cuda_sm_7_0	False	mvp		correct	5245					correct	4633					correct	4962					complete
hlsl-intrinsic/scalar-double-asuint.slang#cuda-1	hlsl-intrinsic/scalar-double-asuint.slang	cuda_sm_7_0	False	mvp		correct	5269					correct	5215					correct	5152					complete
hlsl-intrinsic/scalar-double-atan.slang#cuda-1	hlsl-intrinsic/scalar-double-atan.slang	cuda_sm_7_0	False	mvp		correct	5168					correct	5308					correct	5127					complete
hlsl-intrinsic/scalar-double-atan2.slang#cuda-1	hlsl-intrinsic/scalar-double-atan2.slang	cuda_sm_7_0	False	mvp		correct	5218					correct	5373					correct	4996					complete
hlsl-intrinsic/scalar-double-ceil.slang#cuda-1	hlsl-intrinsic/scalar-double-ceil.slang	cuda_sm_7_0	False	mvp		correct	4772					correct	5254					correct	4804					complete
hlsl-intrinsic/scalar-double-clamp.slang#cuda-1	hlsl-intrinsic/scalar-double-clamp.slang	cuda_sm_7_0	False	mvp		correct	4928					correct	5135					correct	4884					complete
hlsl-intrinsic/scalar-double-cos.slang#cuda-1	hlsl-intrinsic/scalar-double-cos.slang	cuda_sm_7_0	False	mvp		correct	5130					correct	4944					correct	5216					complete
hlsl-intrinsic/scalar-double-d3d-intrinsic.slang#cuda-1	hlsl-intrinsic/scalar-double-d3d-intrinsic.slang	cuda_sm_7_0	False	mvp		correct	5323					correct	5239					correct	5251					complete
hlsl-intrinsic/scalar-double-exp.slang#cuda-1	hlsl-intrinsic/scalar-double-exp.slang	cuda_sm_7_0	False	mvp		correct	5343					correct	4937					correct	4859					complete
hlsl-intrinsic/scalar-double-exp2.slang#cuda-1	hlsl-intrinsic/scalar-double-exp2.slang	cuda_sm_7_0	False	mvp		correct	5265					correct	5222					correct	5129					complete
hlsl-intrinsic/scalar-double-floor.slang#cuda-1	hlsl-intrinsic/scalar-double-floor.slang	cuda_sm_7_0	False	mvp		correct	5424					correct	5278					correct	5237					complete
hlsl-intrinsic/scalar-double-frac.slang#cuda-1	hlsl-intrinsic/scalar-double-frac.slang	cuda_sm_7_0	False	mvp		correct	5314					correct	5387					correct	5109					complete
hlsl-intrinsic/scalar-double-ldexp.slang#cuda-1	hlsl-intrinsic/scalar-double-ldexp.slang	cuda_sm_7_0	False	mvp		correct	5182					correct	5440					correct	4972					complete
hlsl-intrinsic/scalar-double-lerp.slang#cuda-1	hlsl-intrinsic/scalar-double-lerp.slang	cuda_sm_7_0	False	mvp		correct	4756					correct	5261					correct	4800					complete
hlsl-intrinsic/scalar-double-log.slang#cuda-1	hlsl-intrinsic/scalar-double-log.slang	cuda_sm_7_0	False	mvp		correct	5236					correct	4726					correct	4866					complete
hlsl-intrinsic/scalar-double-log10.slang#cuda-1	hlsl-intrinsic/scalar-double-log10.slang	cuda_sm_7_0	False	mvp		correct	5469					correct	5270					correct	5139					complete
hlsl-intrinsic/scalar-double-log2.slang#cuda-1	hlsl-intrinsic/scalar-double-log2.slang	cuda_sm_7_0	False	mvp		correct	4916					correct	5192					correct	4773					complete
hlsl-intrinsic/scalar-double-max.slang#cuda-1	hlsl-intrinsic/scalar-double-max.slang	cuda_sm_7_0	False	mvp		correct	5207					correct	4970					correct	5128					complete
hlsl-intrinsic/scalar-double-min.slang#cuda-1	hlsl-intrinsic/scalar-double-min.slang	cuda_sm_7_0	False	mvp		correct	5345					correct	5155					correct	5202					complete
hlsl-intrinsic/scalar-double-pow.slang#cuda-1	hlsl-intrinsic/scalar-double-pow.slang	cuda_sm_7_0	False	mvp		correct	5512					correct	5287					correct	5198					complete
hlsl-intrinsic/scalar-double-rcp.slang#cuda-1	hlsl-intrinsic/scalar-double-rcp.slang	cuda_sm_7_0	False	mvp		correct	5443					correct	5320					correct	5080					complete
hlsl-intrinsic/scalar-double-rsqrt.slang#cuda-1	hlsl-intrinsic/scalar-double-rsqrt.slang	cuda_sm_7_0	False	mvp		correct	4886					correct	5233					correct	5034					complete
hlsl-intrinsic/scalar-double-saturate.slang#cuda-1	hlsl-intrinsic/scalar-double-saturate.slang	cuda_sm_7_0	False	mvp		correct	5041					correct	4775					correct	4795					complete
hlsl-intrinsic/scalar-double-sign.slang#cuda-1	hlsl-intrinsic/scalar-double-sign.slang	cuda_sm_7_0	False	mvp		correct	5295					correct	4987					correct	5097					complete
hlsl-intrinsic/scalar-double-simple.slang#cuda-1	hlsl-intrinsic/scalar-double-simple.slang	cuda_sm_7_0	False	mvp		correct	4968					correct	5121					correct	4883					complete
hlsl-intrinsic/scalar-double-sin.slang#cuda-1	hlsl-intrinsic/scalar-double-sin.slang	cuda_sm_7_0	False	mvp		correct	5270					correct	4702					correct	4870					complete
hlsl-intrinsic/scalar-double-sincos.slang#cuda-1	hlsl-intrinsic/scalar-double-sincos.slang	cuda_sm_7_0	False	mvp		correct	5198					correct	4981					correct	5066					complete
hlsl-intrinsic/scalar-double-smoothstep.slang#cuda-1	hlsl-intrinsic/scalar-double-smoothstep.slang	cuda_sm_7_0	False	mvp		correct	5369					correct	5163					correct	5135					complete
hlsl-intrinsic/scalar-double-sqrt.slang#cuda-1	hlsl-intrinsic/scalar-double-sqrt.slang	cuda_sm_7_0	False	mvp		correct	5480					correct	5373					correct	5191					complete
hlsl-intrinsic/scalar-double-step.slang#cuda-1	hlsl-intrinsic/scalar-double-step.slang	cuda_sm_7_0	False	mvp		correct	5231					correct	5145					correct	5070					complete
hlsl-intrinsic/scalar-double-tan.slang#cuda-1	hlsl-intrinsic/scalar-double-tan.slang	cuda_sm_7_0	False	mvp		correct	4804					correct	5021					correct	4892					complete
hlsl-intrinsic/scalar-double-trunc.slang#cuda-1	hlsl-intrinsic/scalar-double-trunc.slang	cuda_sm_7_0	False	mvp		correct	4978					correct	4662					correct	5114					complete
hlsl-intrinsic/scalar-double-vk-intrinsic.slang#cuda-1	hlsl-intrinsic/scalar-double-vk-intrinsic.slang	cuda_sm_7_0	False	mvp		correct	5003					correct	5037					correct	5295					complete
hlsl-intrinsic/scalar-double.slang#cuda-1	hlsl-intrinsic/scalar-double.slang	cuda_sm_7_0	False	mvp		correct	5305					correct	4865					correct	5170					complete
hlsl-intrinsic/scalar-float.slang#cuda-1	hlsl-intrinsic/scalar-float.slang	cuda_sm_7_0	False	mvp		correct	5189					correct	4804					correct	5543					complete
hlsl-intrinsic/scalar-half.slang#cuda-1	hlsl-intrinsic/scalar-half.slang	cuda_sm_7_0	False	mvp		correct	5379					preflight	4879	GenericAsm	generic-asm-ordinary-intrinsic	StmtLoweringVisitor::visitIntrinsicAsmStmt -> IRGenericAsm; _validateNVVMFunction semantic resolution	direct NVVM lowering does not support Slang IR instruction or shape 'GenericAsm assembly=$P_min($0, $1), signature=half(half, half)'	preflight	5303	GenericAsm	generic-asm-ordinary-intrinsic	StmtLoweringVisitor::visitIntrinsicAsmStmt -> IRGenericAsm; _validateNVVMFunction semantic resolution	direct NVVM lowering does not support Slang IR instruction or shape 'GenericAsm assembly=$P_min($0, $1), signature=half(half, half)'	complete
hlsl-intrinsic/scalar-int.slang#cuda-1	hlsl-intrinsic/scalar-int.slang	cuda_sm_7_0	False	mvp		correct	5191					correct	5018					correct	5347					complete
hlsl-intrinsic/scalar-int64.slang#cuda-1	hlsl-intrinsic/scalar-int64.slang	cuda_sm_7_0	False	mvp		correct	5311					correct	5075					correct	5347					complete
hlsl-intrinsic/scalar-swizzling.slang#cuda-1	hlsl-intrinsic/scalar-swizzling.slang	cuda_sm_7_0	False	mvp		correct	5106					correct	5073					correct	5314					complete
hlsl-intrinsic/scalar-uint.slang#cuda-1	hlsl-intrinsic/scalar-uint.slang	cuda_sm_7_0	False	mvp		correct	5024					correct	4816					correct	5013					complete
hlsl-intrinsic/scalar-uint64.slang#cuda-1	hlsl-intrinsic/scalar-uint64.slang	cuda_sm_7_0	False	mvp		correct	5149					correct	5040					correct	5260					complete
hlsl-intrinsic/size-of/align-of-2.slang#cuda-1	hlsl-intrinsic/size-of/align-of-2.slang	cuda_sm_7_0	False	mvp		correct	4994					correct	4919					correct	4713					complete
hlsl-intrinsic/size-of/align-of-3.slang#cuda-1	hlsl-intrinsic/size-of/align-of-3.slang	cuda_sm_7_0	False	mvp		correct	4876					correct	4748					correct	4949					complete
hlsl-intrinsic/size-of/align-of-generic.slang#cuda-1	hlsl-intrinsic/size-of/align-of-generic.slang	cuda_sm_7_0	False	mvp		correct	5796					correct	4952					correct	5110					complete
hlsl-intrinsic/size-of/align-of.slang#cuda-1	hlsl-intrinsic/size-of/align-of.slang	cuda_sm_7_0	False	mvp		correct	5538					correct	5005					correct	5120					complete
hlsl-intrinsic/size-of/size-of-2.slang#cuda-1	hlsl-intrinsic/size-of/size-of-2.slang	cuda_sm_7_0	False	mvp		correct	5680					correct	5057					correct	5146					complete
hlsl-intrinsic/size-of/size-of-3.slang#cuda-1	hlsl-intrinsic/size-of/size-of-3.slang	cuda_sm_7_0	False	mvp		correct	5240					correct	5212					correct	5079					complete
hlsl-intrinsic/size-of/size-of-compile-time.slang#cuda-1	hlsl-intrinsic/size-of/size-of-compile-time.slang	cuda_sm_7_0	False	mvp		correct	5076					correct	5030					correct	4736					complete
hlsl-intrinsic/size-of/size-of-generic.slang#cuda-1	hlsl-intrinsic/size-of/size-of-generic.slang	cuda_sm_7_0	False	mvp		correct	5169					correct	4992					correct	5126					complete
hlsl-intrinsic/size-of/size-of-tuple.slang#cuda-1	hlsl-intrinsic/size-of/size-of-tuple.slang	cuda_sm_7_0	False	mvp		correct	5063					preflight	4829	function name	function-identity	post-specialization linked IRFunc -> _collectNVVMFunctionNames	direct NVVM lowering does not support Slang IR instruction or shape 'function name'	preflight	4741	function name	function-identity	post-specialization linked IRFunc -> _collectNVVMFunctionNames	direct NVVM lowering does not support Slang IR instruction or shape 'function name'	complete
hlsl-intrinsic/size-of/size-of.slang#cuda-1	hlsl-intrinsic/size-of/size-of.slang	cuda_sm_7_0	False	mvp		correct	4909					correct	4786					correct	4908					complete
hlsl-intrinsic/substandard-fp-folding.slang#cuda-1	hlsl-intrinsic/substandard-fp-folding.slang	cuda_sm_7_0	False	mvp		correct	4923					preflight	4580	helper function parameter	helper-abi-type-contract	post-specialization linked IRFunc signature -> _validateNVVMHelperTarget	direct NVVM lowering does not support Slang IR instruction or shape 'helper function parameter: FloatE4M3'	preflight	4947	helper function parameter	helper-abi-type-contract	post-specialization linked IRFunc signature -> _validateNVVMHelperTarget	direct NVVM lowering does not support Slang IR instruction or shape 'helper function parameter: FloatE4M3'	complete
hlsl-intrinsic/texture-2d-gather.slang#cuda-1	hlsl-intrinsic/texture-2d-gather.slang	cuda_sm_7_0	False	mvp		correct	5065					preflight	4844	GenericAsm	generic-asm-texture	StmtLoweringVisitor::visitIntrinsicAsmStmt -> IRGenericAsm; _validateNVVMFunction semantic resolution	direct NVVM lowering does not support Slang IR instruction or shape 'GenericAsm assembly=tex2Dgather<$TR>($0, ($2).x, ($2).y, 0), signature=vector<float,4>(Texture2D, SamplerState, vector<float,2>)'	preflight	4973	GenericAsm	generic-asm-texture	StmtLoweringVisitor::visitIntrinsicAsmStmt -> IRGenericAsm; _validateNVVMFunction semantic resolution	direct NVVM lowering does not support Slang IR instruction or shape 'GenericAsm assembly=tex2Dgather<$TR>($0, ($2).x, ($2).y, 0), signature=vector<float,4>(Texture2D, SamplerState, vector<float,2>)'	complete
hlsl-intrinsic/vector-dot-int.slang#cuda-1	hlsl-intrinsic/vector-dot-int.slang	cuda_sm_7_0	False	mvp		correct	5489					correct	4959					correct	5115					complete
hlsl-intrinsic/vector-double-reduced-intrinsic.slang#cuda-1	hlsl-intrinsic/vector-double-reduced-intrinsic.slang	cuda_sm_7_0	False	mvp		correct	5518					preflight	4867	add: vector<double,3> -> vector<double,3>	preflight-other	canonical linked IR -> _validateNVVMFunction	direct NVVM lowering does not support Slang IR instruction or shape 'add: vector<double,3> -> vector<double,3>'	preflight	5103	add: vector<double,3> -> vector<double,3>	preflight-other	canonical linked IR -> _validateNVVMFunction	direct NVVM lowering does not support Slang IR instruction or shape 'add: vector<double,3> -> vector<double,3>'	complete
hlsl-intrinsic/vector-float.slang#cuda-1	hlsl-intrinsic/vector-float.slang	cuda_sm_7_0	False	mvp		correct	5534					correct	5047					correct	5154					complete
hlsl-intrinsic/vector-int-runtime-index.slang#cuda-1	hlsl-intrinsic/vector-int-runtime-index.slang	cuda_sm_7_0	False	mvp		correct	5004					correct	4856					correct	5156					complete
hlsl-intrinsic/vector-int.slang#cuda-1	hlsl-intrinsic/vector-int.slang	cuda_sm_7_0	False	mvp		correct	5098					correct	4948					correct	4978					complete
hlsl-intrinsic/wave-active-count-bits.slang#cuda-1	hlsl-intrinsic/wave-active-count-bits.slang	cuda_sm_7_0	False	mvp		correct	5075					correct	4801					correct	4616					complete
hlsl-intrinsic/wave-active-count-bits.slang#cuda-2	hlsl-intrinsic/wave-active-count-bits.slang	cuda_sm_7_0	False	mvp		correct	4760					correct	4618					correct	4584					complete
hlsl-intrinsic/wave-active-product.slang#cuda-1	hlsl-intrinsic/wave-active-product.slang	cuda_sm_7_0	False	mvp		correct	5079					correct	4867					correct	4906					complete
hlsl-intrinsic/wave-broadcast-lane-at-vk.slang#cuda-1	hlsl-intrinsic/wave-broadcast-lane-at-vk.slang	cuda_sm_7_0	False	mvp		correct	5029					correct	4994					correct	5069					complete
hlsl-intrinsic/wave-builtins-interface-specialization.slang#cuda-1	hlsl-intrinsic/wave-builtins-interface-specialization.slang	cuda_sm_7_0	False	mvp		correct	5025					correct	5053					correct	4969					complete
hlsl-intrinsic/wave-diverge.slang#cuda-1	hlsl-intrinsic/wave-diverge.slang	cuda_sm_7_0	False	mvp		correct	4917					correct	4974					correct	4840					complete
hlsl-intrinsic/wave-equality.slang#cuda-1	hlsl-intrinsic/wave-equality.slang	cuda_sm_7_0	False	mvp		correct	4877					correct	4743					correct	4967					complete
hlsl-intrinsic/wave-get-lane-index.slang#cuda-1	hlsl-intrinsic/wave-get-lane-index.slang	cuda_sm_7_0	False	mvp		correct	4964					correct	4964					correct	5066					complete
hlsl-intrinsic/wave-get-lane-mask.slang#cuda-1	hlsl-intrinsic/wave-get-lane-mask.slang	cuda_sm_7_0	False	mvp		correct	5083					correct	5065					correct	4794					complete
hlsl-intrinsic/wave-get-num-waves.slang#cuda-1	hlsl-intrinsic/wave-get-num-waves.slang	cuda_sm_7_0	False	mvp		correct	4816					correct	4873					correct	4806					complete
hlsl-intrinsic/wave-get-wave-index.slang#cuda-1	hlsl-intrinsic/wave-get-wave-index.slang	cuda_sm_7_0	False	mvp		correct	5016					correct	4903					correct	4717					complete
hlsl-intrinsic/wave-is-first-lane.slang#cuda-1	hlsl-intrinsic/wave-is-first-lane.slang	cuda_sm_7_0	False	mvp		correct	4925					correct	4960					correct	4969					complete
hlsl-intrinsic/wave-mask/wave-active-product.slang#cuda-1	hlsl-intrinsic/wave-mask/wave-active-product.slang	cuda_sm_7_0	False	mvp		correct	5139					correct	5229					correct	5019					complete
hlsl-intrinsic/wave-mask/wave-broadcast-lane-at-vk.slang#cuda-1	hlsl-intrinsic/wave-mask/wave-broadcast-lane-at-vk.slang	cuda_sm_7_0	False	mvp		correct	5182					correct	5113					correct	4944					complete
hlsl-intrinsic/wave-mask/wave-broadcast-lane-at.slang#cuda-1	hlsl-intrinsic/wave-mask/wave-broadcast-lane-at.slang	cuda_sm_7_0	False	mvp		correct	4867					correct	4864					correct	4954					complete
hlsl-intrinsic/wave-mask/wave-diverge.slang#cuda-1	hlsl-intrinsic/wave-mask/wave-diverge.slang	cuda_sm_7_0	False	mvp		correct	5168					correct	4983					correct	5024					complete
hlsl-intrinsic/wave-mask/wave-equality.slang#cuda-1	hlsl-intrinsic/wave-mask/wave-equality.slang	cuda_sm_7_0	False	mvp		correct	5038					correct	5092					correct	5078					complete
hlsl-intrinsic/wave-mask/wave-get-active.slang#cuda-1	hlsl-intrinsic/wave-mask/wave-get-active.slang	cuda_sm_7_0	False	mvp		correct	4785					correct	4907					correct	5011					complete
hlsl-intrinsic/wave-mask/wave-get-converged.slang#cuda-1	hlsl-intrinsic/wave-mask/wave-get-converged.slang	cuda_sm_7_0	False	mvp		correct	4892					correct	4753					correct	4808					complete
hlsl-intrinsic/wave-mask/wave-is-first-lane.slang#cuda-1	hlsl-intrinsic/wave-mask/wave-is-first-lane.slang	cuda_sm_7_0	False	mvp		correct	4834					correct	4701					correct	4886					complete
hlsl-intrinsic/wave-mask/wave-mask-prefix-min-max.slang#cuda-1	hlsl-intrinsic/wave-mask/wave-mask-prefix-min-max.slang	cuda_sm_7_0	False	extension	advanced wave/quad operation outside the initial MVP	correct	5042					correct	4970					correct	5061					complete
hlsl-intrinsic/wave-mask/wave-mask-prefix.slang#cuda-1	hlsl-intrinsic/wave-mask/wave-mask-prefix.slang	cuda_sm_7_0	False	mvp		correct	5041					correct	4875					correct	5191					complete
hlsl-intrinsic/wave-mask/wave-matrix.slang#cuda-1	hlsl-intrinsic/wave-mask/wave-matrix.slang	cuda_sm_7_0	False	extension	advanced wave/quad operation outside the initial MVP	correct	4915					correct	4831					correct	5175					complete
hlsl-intrinsic/wave-mask/wave-prefix-product.slang#cuda-1	hlsl-intrinsic/wave-mask/wave-prefix-product.slang	cuda_sm_7_0	False	extension	advanced wave/quad operation outside the initial MVP	correct	5075					correct	4889					correct	5096					complete
hlsl-intrinsic/wave-mask/wave-prefix-sum.slang#cuda-1	hlsl-intrinsic/wave-mask/wave-prefix-sum.slang	cuda_sm_7_0	False	extension	advanced wave/quad operation outside the initial MVP	correct	5206					correct	5180					correct	5203					complete
hlsl-intrinsic/wave-mask/wave-read-lane-at-vk.slang#cuda-1	hlsl-intrinsic/wave-mask/wave-read-lane-at-vk.slang	cuda_sm_7_0	False	mvp		correct	4983					correct	5075					correct	5178					complete
hlsl-intrinsic/wave-mask/wave-read-lane-at.slang#cuda-1	hlsl-intrinsic/wave-mask/wave-read-lane-at.slang	cuda_sm_7_0	False	mvp		correct	4770					correct	4875					correct	5096					complete
hlsl-intrinsic/wave-mask/wave-shuffle-vk.slang#cuda-1	hlsl-intrinsic/wave-mask/wave-shuffle-vk.slang	cuda_sm_7_0	False	mvp		correct	4803					correct	4732					correct	4888					complete
hlsl-intrinsic/wave-mask/wave-shuffle.slang#cuda-1	hlsl-intrinsic/wave-mask/wave-shuffle.slang	cuda_sm_7_0	False	mvp		correct	4849					correct	4893					correct	4992					complete
hlsl-intrinsic/wave-mask/wave-vector.slang#cuda-1	hlsl-intrinsic/wave-mask/wave-vector.slang	cuda_sm_7_0	False	mvp		correct	5047					correct	5028					correct	5016					complete
hlsl-intrinsic/wave-mask/wave.slang#cuda-1	hlsl-intrinsic/wave-mask/wave.slang	cuda_sm_7_0	False	mvp		correct	4997					correct	5007					correct	4954					complete
hlsl-intrinsic/wave-matrix.slang#cuda-1	hlsl-intrinsic/wave-matrix.slang	cuda_sm_7_0	False	extension	advanced wave/quad operation outside the initial MVP	correct	4989					correct	4715					correct	5030					complete
hlsl-intrinsic/wave-multi/wave-multi-bitwise.slang#cuda-1	hlsl-intrinsic/wave-multi/wave-multi-bitwise.slang	cuda_sm_7_0	False	extension	advanced wave/quad operation outside the initial MVP	correct	5491					correct	5360					correct	5236					complete
hlsl-intrinsic/wave-multi/wave-multi-min-max.slang#cuda-1	hlsl-intrinsic/wave-multi/wave-multi-min-max.slang	cuda_sm_7_0	False	extension	advanced wave/quad operation outside the initial MVP	correct	5601					preflight	5324	GenericAsm	generic-asm-wave-reconvergence	StmtLoweringVisitor::visitIntrinsicAsmStmt -> IRGenericAsm; _validateNVVMFunction semantic resolution	direct NVVM lowering does not support Slang IR instruction or shape 'GenericAsm assembly=_waveMin($1.x, $0), signature=double(double, vector<uint,4>)'	preflight	5024	GenericAsm	generic-asm-wave-reconvergence	StmtLoweringVisitor::visitIntrinsicAsmStmt -> IRGenericAsm; _validateNVVMFunction semantic resolution	direct NVVM lowering does not support Slang IR instruction or shape 'GenericAsm assembly=_waveMin($1.x, $0), signature=double(double, vector<uint,4>)'	complete
hlsl-intrinsic/wave-multi/wave-multi-prefix-bitwise.slang#cuda-1	hlsl-intrinsic/wave-multi/wave-multi-prefix-bitwise.slang	cuda_sm_7_0	False	extension	advanced wave/quad operation outside the initial MVP	correct	5784					correct	5224					correct	5516					complete
hlsl-intrinsic/wave-multi/wave-multi-prefix-max.slang#cuda-1	hlsl-intrinsic/wave-multi/wave-multi-prefix-max.slang	cuda_sm_7_0	False	extension	advanced wave/quad operation outside the initial MVP	correct	7642					preflight	4924	helper function parameter	helper-abi-type-contract	post-specialization linked IRFunc signature -> _validateNVVMHelperTarget	direct NVVM lowering does not support Slang IR instruction or shape 'helper function parameter: Ptr<KernelContext, addressSpace=1, access=0, operands=4, layout=DefaultLayout>'	preflight	4894	helper function parameter	helper-abi-type-contract	post-specialization linked IRFunc signature -> _validateNVVMHelperTarget	direct NVVM lowering does not support Slang IR instruction or shape 'helper function parameter: Ptr<KernelContext, addressSpace=1, access=0, operands=4, layout=DefaultLayout>'	complete
hlsl-intrinsic/wave-multi/wave-multi-prefix-min.slang#cuda-1	hlsl-intrinsic/wave-multi/wave-multi-prefix-min.slang	cuda_sm_7_0	False	extension	advanced wave/quad operation outside the initial MVP	correct	7392					preflight	4818	helper function parameter	helper-abi-type-contract	post-specialization linked IRFunc signature -> _validateNVVMHelperTarget	direct NVVM lowering does not support Slang IR instruction or shape 'helper function parameter: Ptr<KernelContext, addressSpace=1, access=0, operands=4, layout=DefaultLayout>'	preflight	5034	helper function parameter	helper-abi-type-contract	post-specialization linked IRFunc signature -> _validateNVVMHelperTarget	direct NVVM lowering does not support Slang IR instruction or shape 'helper function parameter: Ptr<KernelContext, addressSpace=1, access=0, operands=4, layout=DefaultLayout>'	complete
hlsl-intrinsic/wave-multi/wave-multi-prefix-scalar-functional.slang#cuda-1	hlsl-intrinsic/wave-multi/wave-multi-prefix-scalar-functional.slang	cuda_sm_7_0	False	extension	advanced wave/quad operation outside the initial MVP	correct	4824					correct	4899					correct	5261					complete
hlsl-intrinsic/wave-multi/wave-multi-prefix-sum-product.slang#cuda-1	hlsl-intrinsic/wave-multi/wave-multi-prefix-sum-product.slang	cuda_sm_7_0	False	extension	advanced wave/quad operation outside the initial MVP	correct	6393					preflight	5137	GenericAsm	generic-asm-wave-reconvergence	StmtLoweringVisitor::visitIntrinsicAsmStmt -> IRGenericAsm; _validateNVVMFunction semantic resolution	direct NVVM lowering does not support Slang IR instruction or shape 'GenericAsm assembly=_wavePrefixSum($1.x, $0) + $0, signature=double(double, vector<uint,4>)'	preflight	4820	GenericAsm	generic-asm-wave-reconvergence	StmtLoweringVisitor::visitIntrinsicAsmStmt -> IRGenericAsm; _validateNVVMFunction semantic resolution	direct NVVM lowering does not support Slang IR instruction or shape 'GenericAsm assembly=_wavePrefixSum($1.x, $0) + $0, signature=double(double, vector<uint,4>)'	complete
hlsl-intrinsic/wave-multi/wave-multi-sum-product.slang#cuda-1	hlsl-intrinsic/wave-multi/wave-multi-sum-product.slang	cuda_sm_7_0	False	extension	advanced wave/quad operation outside the initial MVP	correct	5246					preflight	4828	GenericAsm	generic-asm-wave-reconvergence	StmtLoweringVisitor::visitIntrinsicAsmStmt -> IRGenericAsm; _validateNVVMFunction semantic resolution	direct NVVM lowering does not support Slang IR instruction or shape 'GenericAsm assembly=_waveSum($1.x, $0), signature=double(double, vector<uint,4>)'	preflight	4846	GenericAsm	generic-asm-wave-reconvergence	StmtLoweringVisitor::visitIntrinsicAsmStmt -> IRGenericAsm; _validateNVVMFunction semantic resolution	direct NVVM lowering does not support Slang IR instruction or shape 'GenericAsm assembly=_waveSum($1.x, $0), signature=double(double, vector<uint,4>)'	complete
hlsl-intrinsic/wave-prefix-bitwise.slang#cuda-1	hlsl-intrinsic/wave-prefix-bitwise.slang	cuda_sm_7_0	False	extension	advanced wave/quad operation outside the initial MVP	correct	4737					correct	5251					correct	5096					complete
hlsl-intrinsic/wave-prefix-count-bits.slang#cuda-1	hlsl-intrinsic/wave-prefix-count-bits.slang	cuda_sm_7_0	False	extension	advanced wave/quad operation outside the initial MVP	correct	4755					preflight	5330	GenericAsm	generic-asm-wave-reconvergence	StmtLoweringVisitor::visitIntrinsicAsmStmt -> IRGenericAsm; _validateNVVMFunction semantic resolution	direct NVVM lowering does not support Slang IR instruction or shape 'GenericAsm assembly=__popc(__ballot_sync($0, $1)  & _getLaneLtMask()), signature=uint(uint, bool)'	preflight	5033	GenericAsm	generic-asm-wave-reconvergence	StmtLoweringVisitor::visitIntrinsicAsmStmt -> IRGenericAsm; _validateNVVMFunction semantic resolution	direct NVVM lowering does not support Slang IR instruction or shape 'GenericAsm assembly=__popc(__ballot_sync($0, $1)  & _getLaneLtMask()), signature=uint(uint, bool)'	complete
hlsl-intrinsic/wave-prefix-min-max.slang#cuda-1	hlsl-intrinsic/wave-prefix-min-max.slang	cuda_sm_7_0	False	extension	advanced wave/quad operation outside the initial MVP	correct	4816					correct	5375					correct	5230					complete
hlsl-intrinsic/wave-prefix-product.slang#cuda-1	hlsl-intrinsic/wave-prefix-product.slang	cuda_sm_7_0	False	extension	advanced wave/quad operation outside the initial MVP	correct	4914					correct	5339					correct	5178					complete
hlsl-intrinsic/wave-prefix-sum.slang#cuda-1	hlsl-intrinsic/wave-prefix-sum.slang	cuda_sm_7_0	False	extension	advanced wave/quad operation outside the initial MVP	correct	4922					correct	4898					correct	4948					complete
hlsl-intrinsic/wave-read-lane-at-vk.slang#cuda-1	hlsl-intrinsic/wave-read-lane-at-vk.slang	cuda_sm_7_0	False	mvp		correct	4950					correct	4698					correct	4886					complete
hlsl-intrinsic/wave-read-lane-at.slang#cuda-1	hlsl-intrinsic/wave-read-lane-at.slang	cuda_sm_7_0	False	mvp		correct	5028					correct	5079					correct	5089					complete
hlsl-intrinsic/wave-rotate/wave-rotate-clustered.slang#cuda-1	hlsl-intrinsic/wave-rotate/wave-rotate-clustered.slang	cuda_sm_7_0	False	extension	advanced wave/quad operation outside the initial MVP	correct	5341					preflight	5139	GenericAsm	generic-asm-wave-reconvergence	StmtLoweringVisitor::visitIntrinsicAsmStmt -> IRGenericAsm; _validateNVVMFunction semantic resolution	direct NVVM lowering does not support Slang IR instruction or shape 'GenericAsm assembly=_slang_waveClusteredRotate($0, $1, $2), signature=float(float, uint, uint)'	preflight	4935	GenericAsm	generic-asm-wave-reconvergence	StmtLoweringVisitor::visitIntrinsicAsmStmt -> IRGenericAsm; _validateNVVMFunction semantic resolution	direct NVVM lowering does not support Slang IR instruction or shape 'GenericAsm assembly=_slang_waveClusteredRotate($0, $1, $2), signature=float(float, uint, uint)'	complete
hlsl-intrinsic/wave-rotate/wave-rotate.slang#cuda-1	hlsl-intrinsic/wave-rotate/wave-rotate.slang	cuda_sm_7_0	False	extension	advanced wave/quad operation outside the initial MVP	correct	6860					preflight	6686	GenericAsm	generic-asm-wave-reconvergence	StmtLoweringVisitor::visitIntrinsicAsmStmt -> IRGenericAsm; _validateNVVMFunction semantic resolution	direct NVVM lowering does not support Slang IR instruction or shape 'GenericAsm assembly=__shfl_sync(0xFFFFFFFF, $0, (_getLaneId() + $1) % 32), signature=float(float, uint)'	preflight	6607	GenericAsm	generic-asm-wave-reconvergence	StmtLoweringVisitor::visitIntrinsicAsmStmt -> IRGenericAsm; _validateNVVMFunction semantic resolution	direct NVVM lowering does not support Slang IR instruction or shape 'GenericAsm assembly=__shfl_sync(0xFFFFFFFF, $0, (_getLaneId() + $1) % 32), signature=float(float, uint)'	complete
hlsl-intrinsic/wave-shuffle-vk.slang#cuda-1	hlsl-intrinsic/wave-shuffle-vk.slang	cuda_sm_7_0	False	mvp		correct	5014					correct	4889					correct	4937					complete
hlsl-intrinsic/wave-vector.slang#cuda-1	hlsl-intrinsic/wave-vector.slang	cuda_sm_7_0	False	mvp		correct	5118					correct	5561					correct	5213					complete
hlsl-intrinsic/wave.slang#cuda-1	hlsl-intrinsic/wave.slang	cuda_sm_7_0	False	mvp		correct	5055					correct	5540					correct	5312					complete
hlsl/append-structured-buffer.slang#cuda-1	hlsl/append-structured-buffer.slang	cuda_sm_7_0	False	mvp		correct	4871					preflight	4660	helper function parameter	helper-abi-type-contract	post-specialization linked IRFunc signature -> _validateNVVMHelperTarget	direct NVVM lowering does not support Slang IR instruction or shape 'helper function parameter: AppendStructuredBuffer<int>'	preflight	4711	helper function parameter	helper-abi-type-contract	post-specialization linked IRFunc signature -> _validateNVVMHelperTarget	direct NVVM lowering does not support Slang IR instruction or shape 'helper function parameter: AppendStructuredBuffer<int>'	complete
hlsl/byte-buffer-load-std430.slang#cuda-1	hlsl/byte-buffer-load-std430.slang	cuda_sm_7_0	False	mvp		correct	5241					correct	4867					correct	5038					complete
hlsl/cbuffer-float3-offsets-aligned.slang#cuda-1	hlsl/cbuffer-float3-offsets-aligned.slang	cuda_sm_7_0	False	mvp		correct	5210					runtime-mismatch	4991		runtime-constant-buffer-layout	compiled PTX executed by the CUDA compare-compute harness	BUFFER-NEXT: expected string not found in input	runtime-mismatch	5064		runtime-constant-buffer-layout	compiled PTX executed by the CUDA compare-compute harness	BUFFER-NEXT: expected string not found in input	complete
hlsl/cbuffer-float3-offsets-unaligned.slang#cuda-1	hlsl/cbuffer-float3-offsets-unaligned.slang	cuda_sm_7_0	False	mvp		correct	5139					preflight	5125	struct field address	aggregate-pointer-layout-transport	canonical linked aggregate/pointer IR -> _validateNVVMFunction	direct NVVM lowering does not support Slang IR instruction or shape 'struct field address'	preflight	4838	struct field address	aggregate-pointer-layout-transport	canonical linked aggregate/pointer IR -> _validateNVVMFunction	direct NVVM lowering does not support Slang IR instruction or shape 'struct field address'	complete
hlsl/consume-structured-buffer.slang#cuda-1	hlsl/consume-structured-buffer.slang	cuda_sm_7_0	False	mvp		correct	5037					preflight	4868	helper function parameter	helper-abi-type-contract	post-specialization linked IRFunc signature -> _validateNVVMHelperTarget	direct NVVM lowering does not support Slang IR instruction or shape 'helper function parameter: ConsumeStructuredBuffer<float>'	preflight	4729	helper function parameter	helper-abi-type-contract	post-specialization linked IRFunc signature -> _validateNVVMHelperTarget	direct NVVM lowering does not support Slang IR instruction or shape 'helper function parameter: ConsumeStructuredBuffer<float>'	complete
hlsl/packoffset.slang#cuda-1	hlsl/packoffset.slang	cuda_sm_7_0	False	mvp		correct	4917					correct	4787					correct	4630					complete
language-feature/anyvalue-layout.slang#cuda-1	language-feature/anyvalue-layout.slang	cuda_sm_7_0	False	mvp		correct	5071					runtime-mismatch	5090		runtime-anyvalue-layout	compiled PTX executed by the CUDA compare-compute harness	Slang compilation aborted due to an exception of class Slang::InternalError unexpected: Unsupported value size	runtime-mismatch	5008		runtime-anyvalue-layout	compiled PTX executed by the CUDA compare-compute harness	Slang compilation aborted due to an exception of class Slang::InternalError unexpected: Unsupported value size	complete
language-feature/atomic-t/atomic-0.slang#cuda-1	language-feature/atomic-t/atomic-0.slang	cuda_sm_7_0	False	mvp		correct	4993					correct	4914					correct	4889					complete
language-feature/atomic-t/atomic-1.slang#cuda-1	language-feature/atomic-t/atomic-1.slang	cuda_sm_7_0	False	mvp		correct	4975					correct	4736					correct	5359					complete
language-feature/atomic-t/atomic-2.slang#cuda-1	language-feature/atomic-t/atomic-2.slang	cuda_sm_7_0	False	mvp		correct	4920					correct	5176					correct	5295					complete
language-feature/bit-cast/struct-bit-cast-2.slang#cuda-1	language-feature/bit-cast/struct-bit-cast-2.slang	cuda_sm_7_0	False	mvp		correct	4933					correct	4706					correct	4854					complete
language-feature/bit-cast/struct-reinterpret.slang#cuda-1	language-feature/bit-cast/struct-reinterpret.slang	cuda_sm_7_0	False	mvp		correct	4972					correct	5953					correct	5199					complete
language-feature/bitfield/bitfield-extract.slang#cuda-1	language-feature/bitfield/bitfield-extract.slang	cuda_sm_7_0	False	mvp		correct	5027					correct	5868					correct	5516					complete
language-feature/bitfield/bitfield-insert.slang#cuda-1	language-feature/bitfield/bitfield-insert.slang	cuda_sm_7_0	False	mvp		correct	5048					correct	5928					correct	5386					complete
language-feature/constants/float-as-int-types.slang#cuda-1	language-feature/constants/float-as-int-types.slang	cuda_sm_7_0	False	mvp		correct	4775					correct	5533					correct	5368					complete
language-feature/constants/float-as-int.slang#cuda-1	language-feature/constants/float-as-int.slang	cuda_sm_7_0	False	mvp		correct	4829					correct	5401					correct	5088					complete
language-feature/conversions/conversion-to-bool.slang#cuda-1	language-feature/conversions/conversion-to-bool.slang	cuda_sm_7_0	False	mvp		correct	5149					preflight	5026	castFloatToInt	preflight-other	canonical linked IR -> _validateNVVMFunction	direct NVVM lowering does not support Slang IR instruction or shape 'castFloatToInt'	preflight	5113	castFloatToInt	preflight-other	canonical linked IR -> _validateNVVMFunction	direct NVVM lowering does not support Slang IR instruction or shape 'castFloatToInt'	complete
language-feature/conversions/conversion-to-double.slang#cuda-1	language-feature/conversions/conversion-to-double.slang	cuda_sm_7_0	False	mvp		correct	4987					correct	4832					correct	5484					complete
language-feature/conversions/conversion-to-float.slang#cuda-1	language-feature/conversions/conversion-to-float.slang	cuda_sm_7_0	False	mvp		correct	5026					correct	5517					correct	5051					complete
language-feature/conversions/conversion-to-half.slang#cuda-1	language-feature/conversions/conversion-to-half.slang	cuda_sm_7_0	False	mvp		correct	4948					correct	5032					correct	4900					complete
language-feature/conversions/conversion-to-int16.slang#cuda-1	language-feature/conversions/conversion-to-int16.slang	cuda_sm_7_0	False	mvp		correct	5022					correct	5365					correct	5399					complete
language-feature/conversions/conversion-to-int32.slang#cuda-1	language-feature/conversions/conversion-to-int32.slang	cuda_sm_7_0	False	mvp		correct	5043					correct	5563					correct	5520					complete
language-feature/conversions/conversion-to-int64.slang#cuda-1	language-feature/conversions/conversion-to-int64.slang	cuda_sm_7_0	False	mvp		correct	4829					correct	5918					correct	5454					complete
language-feature/conversions/conversion-to-int8.slang#cuda-1	language-feature/conversions/conversion-to-int8.slang	cuda_sm_7_0	False	mvp		correct	4966					correct	5579					correct	5275					complete
language-feature/conversions/conversion-to-uint16.slang#cuda-1	language-feature/conversions/conversion-to-uint16.slang	cuda_sm_7_0	False	mvp		correct	5102					correct	5532					correct	5100					complete
language-feature/conversions/conversion-to-uint32.slang#cuda-1	language-feature/conversions/conversion-to-uint32.slang	cuda_sm_7_0	False	mvp		correct	5006					correct	4992					correct	5426					complete
language-feature/conversions/conversion-to-uint64.slang#cuda-1	language-feature/conversions/conversion-to-uint64.slang	cuda_sm_7_0	False	mvp		correct	5035					correct	5364					correct	5255					complete
language-feature/conversions/conversion-to-uint8.slang#cuda-1	language-feature/conversions/conversion-to-uint8.slang	cuda_sm_7_0	False	mvp		correct	4832					correct	4686					correct	4645					complete
language-feature/dynamic-dispatch/assoc-type-dynamic-dispatch.slang#cuda-1	language-feature/dynamic-dispatch/assoc-type-dynamic-dispatch.slang	cuda_sm_7_0	False	mvp		correct	4913					correct	4912					correct	5070					complete
language-feature/dynamic-dispatch/assoc-type-explicit-annotation.slang#cuda-1	language-feature/dynamic-dispatch/assoc-type-explicit-annotation.slang	cuda_sm_7_0	False	mvp		correct	4881					correct	5025					correct	5218					complete
language-feature/dynamic-dispatch/assoc-type-interface-type-explicit.slang#cuda-1	language-feature/dynamic-dispatch/assoc-type-interface-type-explicit.slang	cuda_sm_7_0	False	mvp		correct	4837					correct	5307					correct	5253					complete
language-feature/dynamic-dispatch/assoc-type-interface-type-inline.slang#cuda-1	language-feature/dynamic-dispatch/assoc-type-interface-type-inline.slang	cuda_sm_7_0	False	mvp		correct	4849					correct	5167					correct	5199					complete
language-feature/dynamic-dispatch/assoc-type-interface-type.slang#cuda-1	language-feature/dynamic-dispatch/assoc-type-interface-type.slang	cuda_sm_7_0	False	mvp		correct	4905					correct	5293					correct	4829					complete
language-feature/dynamic-dispatch/assoc-type-mutating-method.slang#cuda-1	language-feature/dynamic-dispatch/assoc-type-mutating-method.slang	cuda_sm_7_0	False	mvp		correct	4848					correct	5192					correct	5331					complete
language-feature/dynamic-dispatch/buffer-address-ref.slang#cuda-1	language-feature/dynamic-dispatch/buffer-address-ref.slang	cuda_sm_7_0	False	mvp		correct	5023					correct	5144					correct	5331					complete
language-feature/dynamic-dispatch/buffer-interface-array-field.slang#cuda-1	language-feature/dynamic-dispatch/buffer-interface-array-field.slang	cuda_sm_7_0	False	mvp		correct	4772					correct	4860					correct	4996					complete
language-feature/dynamic-dispatch/buffer-interface-multi-element.slang#cuda-1	language-feature/dynamic-dispatch/buffer-interface-multi-element.slang	cuda_sm_7_0	False	mvp		correct	4815					correct	4755					correct	5001					complete
language-feature/dynamic-dispatch/buffer-struct-with-interface-field.slang#cuda-1	language-feature/dynamic-dispatch/buffer-struct-with-interface-field.slang	cuda_sm_7_0	False	mvp		correct	4896					preflight	4849	function name	function-identity	post-specialization linked IRFunc -> _collectNVVMFunctionNames	direct NVVM lowering does not support Slang IR instruction or shape 'function name'	preflight	5072	function name	function-identity	post-specialization linked IRFunc -> _collectNVVMFunctionNames	direct NVVM lowering does not support Slang IR instruction or shape 'function name'	complete
language-feature/dynamic-dispatch/distinct-type-dispatch.slang#cuda-1	language-feature/dynamic-dispatch/distinct-type-dispatch.slang	cuda_sm_7_0	False	mvp		correct	4878					correct	5378					correct	5308					complete
language-feature/dynamic-dispatch/dynamic-dispatch-params.slang#cuda-1	language-feature/dynamic-dispatch/dynamic-dispatch-params.slang	cuda_sm_7_0	False	mvp		correct	4827					correct	5302					correct	5343					complete
language-feature/dynamic-dispatch/generic-interface-10.slang#cuda-1	language-feature/dynamic-dispatch/generic-interface-10.slang	cuda_sm_7_0	False	mvp		correct	4818					correct	5303					correct	4698					complete
language-feature/dynamic-dispatch/generic-interface-4.slang#cuda-1	language-feature/dynamic-dispatch/generic-interface-4.slang	cuda_sm_7_0	False	mvp		correct	4856					correct	5238					correct	5175					complete
language-feature/dynamic-dispatch/generic-interface-5.slang#cuda-1	language-feature/dynamic-dispatch/generic-interface-5.slang	cuda_sm_7_0	False	mvp		correct	4938					correct	5325					correct	5189					complete
language-feature/dynamic-dispatch/generic-interface-6.slang#cuda-1	language-feature/dynamic-dispatch/generic-interface-6.slang	cuda_sm_7_0	False	mvp		correct	4830					correct	5227					correct	5169					complete
language-feature/dynamic-dispatch/generic-interface-7.slang#cuda-1	language-feature/dynamic-dispatch/generic-interface-7.slang	cuda_sm_7_0	False	mvp		correct	4803					correct	4966					correct	4744					complete
language-feature/dynamic-dispatch/generic-interface-8.slang#cuda-1	language-feature/dynamic-dispatch/generic-interface-8.slang	cuda_sm_7_0	False	mvp		correct	4915					correct	4830					correct	5041					complete
language-feature/dynamic-dispatch/generic-interface-9.slang#cuda-1	language-feature/dynamic-dispatch/generic-interface-9.slang	cuda_sm_7_0	False	mvp		correct	5004					correct	5762					correct	5226					complete
language-feature/dynamic-dispatch/generic-interface-dynamic-param.slang#cuda-1	language-feature/dynamic-dispatch/generic-interface-dynamic-param.slang	cuda_sm_7_0	False	mvp		correct	5009					provider	5546		provider-aggregate-field-pointer	canonical by-value aggregate field address -> provider field-pointer operation	LLVM 14 NVVM IR builder operation 'by-value aggregate field pointer' failed with result -2147024809	provider	5264		provider-aggregate-field-pointer	canonical by-value aggregate field address -> provider field-pointer operation	LLVM 14 NVVM IR builder operation 'by-value aggregate field pointer' failed with result -2147024809	complete
language-feature/dynamic-dispatch/generic-interface-inherit.slang#cuda-1	language-feature/dynamic-dispatch/generic-interface-inherit.slang	cuda_sm_7_0	False	mvp		correct	4989					correct	5587					correct	4959					complete
language-feature/dynamic-dispatch/generic-interface-multi-conform.slang#cuda-1	language-feature/dynamic-dispatch/generic-interface-multi-conform.slang	cuda_sm_7_0	False	mvp		correct	4989					provider	5423		provider-aggregate-field-pointer	canonical by-value aggregate field address -> provider field-pointer operation	LLVM 14 NVVM IR builder operation 'by-value aggregate field pointer' failed with result -2147024809	provider	5067		provider-aggregate-field-pointer	canonical by-value aggregate field address -> provider field-pointer operation	LLVM 14 NVVM IR builder operation 'by-value aggregate field pointer' failed with result -2147024809	complete
language-feature/dynamic-dispatch/generic-interface-nested.slang#cuda-1	language-feature/dynamic-dispatch/generic-interface-nested.slang	cuda_sm_7_0	False	mvp		correct	5039					preflight	5151	function name	function-identity	post-specialization linked IRFunc -> _collectNVVMFunctionNames	direct NVVM lowering does not support Slang IR instruction or shape 'function name'	preflight	5002	function name	function-identity	post-specialization linked IRFunc -> _collectNVVMFunctionNames	direct NVVM lowering does not support Slang IR instruction or shape 'function name'	complete
language-feature/dynamic-dispatch/generic-method-constrained.slang#cuda-1	language-feature/dynamic-dispatch/generic-method-constrained.slang	cuda_sm_7_0	False	mvp		correct	4985					correct	5436					correct	5185					complete
language-feature/dynamic-dispatch/generic-method-dispatch.slang#cuda-1	language-feature/dynamic-dispatch/generic-method-dispatch.slang	cuda_sm_7_0	False	mvp		correct	4939					correct	5296					correct	4817					complete
language-feature/dynamic-dispatch/generic-method-with-interface-arg.slang#cuda-1	language-feature/dynamic-dispatch/generic-method-with-interface-arg.slang	cuda_sm_7_0	False	mvp		correct	4905					correct	5011					correct	4699					complete
language-feature/dynamic-dispatch/generic-struct-with-interface-field.slang#cuda-1	language-feature/dynamic-dispatch/generic-struct-with-interface-field.slang	cuda_sm_7_0	False	mvp		correct	4897					correct	5137					correct	5235					complete
language-feature/dynamic-dispatch/global-interface-param-compute-mono.slang#cuda-1	language-feature/dynamic-dispatch/global-interface-param-compute-mono.slang	cuda_sm_7_0	False	mvp		correct	4977					correct	5311					correct	5276					complete
language-feature/dynamic-dispatch/global-interface-param-compute.slang#cuda-1	language-feature/dynamic-dispatch/global-interface-param-compute.slang	cuda_sm_7_0	False	mvp		correct	4867					correct	5680					correct	5181					complete
language-feature/dynamic-dispatch/groupshared-struct-with-interface.slang#cuda-1	language-feature/dynamic-dispatch/groupshared-struct-with-interface.slang	cuda_sm_7_0	False	mvp		correct	4894					preflight	5392	struct field address	aggregate-pointer-layout-transport	canonical linked aggregate/pointer IR -> _validateNVVMFunction	direct NVVM lowering does not support Slang IR instruction or shape 'struct field address'	preflight	5086	struct field address	aggregate-pointer-layout-transport	canonical linked aggregate/pointer IR -> _validateNVVMFunction	direct NVVM lowering does not support Slang IR instruction or shape 'struct field address'	complete
language-feature/dynamic-dispatch/impl-concrete-ptr-field.slang#cuda-1	language-feature/dynamic-dispatch/impl-concrete-ptr-field.slang	cuda_sm_7_0	False	mvp		correct	5021					correct	4712					correct	5284					complete
language-feature/dynamic-dispatch/impl-interface-ptr-field-deref.slang#cuda-1	language-feature/dynamic-dispatch/impl-interface-ptr-field-deref.slang	cuda_sm_7_0	False	mvp		correct	4945					correct	5272					correct	5272					complete
language-feature/dynamic-dispatch/impl-multiple-ptr-fields.slang#cuda-1	language-feature/dynamic-dispatch/impl-multiple-ptr-fields.slang	cuda_sm_7_0	False	mvp		correct	4902					correct	5352					correct	5037					complete
language-feature/dynamic-dispatch/impl-ptr-field-anyvaluesize.slang#cuda-1	language-feature/dynamic-dispatch/impl-ptr-field-anyvaluesize.slang	cuda_sm_7_0	False	mvp		correct	4943					correct	5388					correct	4861					complete
language-feature/dynamic-dispatch/impl-ptr-field-deref-after-dispatch.slang#cuda-1	language-feature/dynamic-dispatch/impl-ptr-field-deref-after-dispatch.slang	cuda_sm_7_0	False	mvp		correct	4907					correct	5010					correct	5406					complete
language-feature/dynamic-dispatch/impl-ptr-field-mutating.slang#cuda-1	language-feature/dynamic-dispatch/impl-ptr-field-mutating.slang	cuda_sm_7_0	False	mvp		correct	4926					correct	5064					correct	5410					complete
language-feature/dynamic-dispatch/interface-ptr-deref-via-buffer-address.slang#cuda-1	language-feature/dynamic-dispatch/interface-ptr-deref-via-buffer-address.slang	cuda_sm_7_0	False	mvp		correct	4859					correct	5263					correct	5329					complete
language-feature/dynamic-dispatch/interface-ptr-in-impl.slang#cuda-1	language-feature/dynamic-dispatch/interface-ptr-in-impl.slang	cuda_sm_7_0	False	mvp		correct	4844					correct	5346					correct	4863					complete
language-feature/dynamic-dispatch/layout-16bit-vectors.slang#cuda-1	language-feature/dynamic-dispatch/layout-16bit-vectors.slang	cuda_sm_7_0	False	mvp		correct	5004					correct	4790					correct	5182					complete
language-feature/dynamic-dispatch/layout-64bit-scalar.slang#cuda-1	language-feature/dynamic-dispatch/layout-64bit-scalar.slang	cuda_sm_7_0	False	mvp		correct	5067					preflight	5097	makeUInt64	preflight-other	canonical linked IR -> _validateNVVMFunction	direct NVVM lowering does not support Slang IR instruction or shape 'makeUInt64'	preflight	5324	makeUInt64	preflight-other	canonical linked IR -> _validateNVVMFunction	direct NVVM lowering does not support Slang IR instruction or shape 'makeUInt64'	complete
language-feature/dynamic-dispatch/layout-64bit-vector.slang#cuda-1	language-feature/dynamic-dispatch/layout-64bit-vector.slang	cuda_sm_7_0	False	mvp		correct	4807					preflight	5060	makeUInt64	preflight-other	canonical linked IR -> _validateNVVMFunction	direct NVVM lowering does not support Slang IR instruction or shape 'makeUInt64'	preflight	5152	makeUInt64	preflight-other	canonical linked IR -> _validateNVVMFunction	direct NVVM lowering does not support Slang IR instruction or shape 'makeUInt64'	complete
language-feature/dynamic-dispatch/layout-8bit-vectors.slang#cuda-1	language-feature/dynamic-dispatch/layout-8bit-vectors.slang	cuda_sm_7_0	False	mvp		correct	4824					correct	5210					correct	5139					complete
language-feature/dynamic-dispatch/layout-array-2d.slang#cuda-1	language-feature/dynamic-dispatch/layout-array-2d.slang	cuda_sm_7_0	False	mvp		correct	4940					correct	4792					correct	5187					complete
language-feature/dynamic-dispatch/layout-array-field.slang#cuda-1	language-feature/dynamic-dispatch/layout-array-field.slang	cuda_sm_7_0	False	mvp		correct	4987					correct	4943					correct	5258					complete
language-feature/dynamic-dispatch/layout-array-of-structs.slang#cuda-1	language-feature/dynamic-dispatch/layout-array-of-structs.slang	cuda_sm_7_0	False	mvp		correct	4874					correct	5094					correct	5266					complete
language-feature/dynamic-dispatch/layout-array-of-vectors.slang#cuda-1	language-feature/dynamic-dispatch/layout-array-of-vectors.slang	cuda_sm_7_0	False	mvp		correct	4823					correct	5112					correct	4719					complete
language-feature/dynamic-dispatch/layout-conditional-field.slang#cuda-1	language-feature/dynamic-dispatch/layout-conditional-field.slang	cuda_sm_7_0	False	mvp		correct	4987					correct	5053					correct	4876					complete
language-feature/dynamic-dispatch/layout-conditional-zero-size.slang#cuda-1	language-feature/dynamic-dispatch/layout-conditional-zero-size.slang	cuda_sm_7_0	False	mvp		correct	4874					correct	5039					correct	5261					complete
language-feature/dynamic-dispatch/layout-descriptor-handle-array.slang#cuda-1	language-feature/dynamic-dispatch/layout-descriptor-handle-array.slang	cuda_sm_7_0	False	mvp		correct	4890					runtime-mismatch	4945		runtime-descriptor-handle-layout	compiled PTX executed by the CUDA compare-compute harness	Slang compilation aborted due to an exception of class Slang::InternalError unexpected: Unsupported value size	runtime-mismatch	5051		runtime-descriptor-handle-layout	compiled PTX executed by the CUDA compare-compute harness	Slang compilation aborted due to an exception of class Slang::InternalError unexpected: Unsupported value size	complete
language-feature/dynamic-dispatch/layout-descriptor-handle-dispatch.slang#cuda-1	language-feature/dynamic-dispatch/layout-descriptor-handle-dispatch.slang	cuda_sm_7_0	False	mvp		correct	4913					runtime-mismatch	4924		runtime-descriptor-handle-layout	compiled PTX executed by the CUDA compare-compute harness	Slang compilation aborted due to an exception of class Slang::InternalError unexpected: Unsupported value size	runtime-mismatch	4956		runtime-descriptor-handle-layout	compiled PTX executed by the CUDA compare-compute harness	Slang compilation aborted due to an exception of class Slang::InternalError unexpected: Unsupported value size	complete
language-feature/dynamic-dispatch/layout-descriptor-handle-multi.slang#cuda-1	language-feature/dynamic-dispatch/layout-descriptor-handle-multi.slang	cuda_sm_7_0	False	mvp		correct	4914					runtime-mismatch	4654		runtime-descriptor-handle-layout	compiled PTX executed by the CUDA compare-compute harness	Slang compilation aborted due to an exception of class Slang::InternalError unexpected: Unsupported value size	runtime-mismatch	4739		runtime-descriptor-handle-layout	compiled PTX executed by the CUDA compare-compute harness	Slang compilation aborted due to an exception of class Slang::InternalError unexpected: Unsupported value size	complete
language-feature/dynamic-dispatch/layout-empty-tuple-field.slang#cuda-1	language-feature/dynamic-dispatch/layout-empty-tuple-field.slang	cuda_sm_7_0	False	mvp		correct	4918					correct	4801					correct	5078					complete
language-feature/dynamic-dispatch/layout-enum-field.slang#cuda-1	language-feature/dynamic-dispatch/layout-enum-field.slang	cuda_sm_7_0	False	mvp		correct	4834					correct	5091					correct	5242					complete
language-feature/dynamic-dispatch/layout-enum-return.slang#cuda-1	language-feature/dynamic-dispatch/layout-enum-return.slang	cuda_sm_7_0	False	mvp		correct	4877					correct	5147					correct	4928					complete
language-feature/dynamic-dispatch/layout-enum-underlying-types.slang#cuda-1	language-feature/dynamic-dispatch/layout-enum-underlying-types.slang	cuda_sm_7_0	False	mvp		correct	4766					correct	5058					correct	4751					complete
language-feature/dynamic-dispatch/layout-matrix-field.slang#cuda-1	language-feature/dynamic-dispatch/layout-matrix-field.slang	cuda_sm_7_0	False	mvp		correct	5035					correct	5202					correct	5683					complete
language-feature/dynamic-dispatch/layout-mixed-bitwidths.slang#cuda-1	language-feature/dynamic-dispatch/layout-mixed-bitwidths.slang	cuda_sm_7_0	False	mvp		correct	5027					preflight	5089	makeUInt64	preflight-other	canonical linked IR -> _validateNVVMFunction	direct NVVM lowering does not support Slang IR instruction or shape 'makeUInt64'	preflight	5366	makeUInt64	preflight-other	canonical linked IR -> _validateNVVMFunction	direct NVVM lowering does not support Slang IR instruction or shape 'makeUInt64'	complete
language-feature/dynamic-dispatch/layout-nested-tuple-field.slang#cuda-1	language-feature/dynamic-dispatch/layout-nested-tuple-field.slang	cuda_sm_7_0	False	mvp		correct	4958					correct	5174					correct	5339					complete
language-feature/dynamic-dispatch/layout-optional-field.slang#cuda-1	language-feature/dynamic-dispatch/layout-optional-field.slang	cuda_sm_7_0	False	mvp		correct	4939					correct	4904					correct	4810					complete
language-feature/dynamic-dispatch/layout-tuple-field.slang#cuda-1	language-feature/dynamic-dispatch/layout-tuple-field.slang	cuda_sm_7_0	False	mvp		correct	4994					correct	4727					correct	5017					complete
language-feature/dynamic-dispatch/layout-vector-field.slang#cuda-1	language-feature/dynamic-dispatch/layout-vector-field.slang	cuda_sm_7_0	False	mvp		correct	5051					correct	5196					correct	5423					complete
language-feature/dynamic-dispatch/layout-vector-matrix-mixed.slang#cuda-1	language-feature/dynamic-dispatch/layout-vector-matrix-mixed.slang	cuda_sm_7_0	False	mvp		correct	5053					correct	5258					correct	5305					complete
language-feature/dynamic-dispatch/mutating-dispatch.slang#cuda-1	language-feature/dynamic-dispatch/mutating-dispatch.slang	cuda_sm_7_0	False	mvp		correct	5013					correct	5315					correct	5228					complete
language-feature/dynamic-dispatch/nested-existential-dynamic-dispatch.slang#cuda-1	language-feature/dynamic-dispatch/nested-existential-dynamic-dispatch.slang	cuda_sm_7_0	False	mvp		correct	5107					correct	5425					correct	5162					complete
language-feature/dynamic-dispatch/optional-downcast-struct-with-interface-field.slang#cuda-1	language-feature/dynamic-dispatch/optional-downcast-struct-with-interface-field.slang	cuda_sm_7_0	False	mvp		correct	5026					correct	5347					correct	5306					complete
language-feature/dynamic-dispatch/optional-single-concrete-layout.slang#cuda-1	language-feature/dynamic-dispatch/optional-single-concrete-layout.slang	cuda_sm_7_0	False	mvp		correct	5030					preflight	5083	helper function result type	helper-abi-type-contract	post-specialization linked IRFunc signature -> _validateNVVMHelperTarget	direct NVVM lowering does not support Slang IR instruction or shape 'helper function result type: Tuple'	preflight	5116	helper function result type	helper-abi-type-contract	post-specialization linked IRFunc signature -> _validateNVVMHelperTarget	direct NVVM lowering does not support Slang IR instruction or shape 'helper function result type: Tuple'	complete
language-feature/dynamic-dispatch/optional-single-concrete-widen.slang#cuda-1	language-feature/dynamic-dispatch/optional-single-concrete-widen.slang	cuda_sm_7_0	False	mvp		correct	4949					correct	5188					correct	4892					complete
language-feature/dynamic-dispatch/ptr-to-interface-array.slang#cuda-1	language-feature/dynamic-dispatch/ptr-to-interface-array.slang	cuda_sm_7_0	False	mvp		correct	5098					correct	4992					correct	4844					complete
language-feature/dynamic-dispatch/ptr-to-interface-cast.slang#cuda-1	language-feature/dynamic-dispatch/ptr-to-interface-cast.slang	cuda_sm_7_0	False	mvp		correct	4946					correct	5050					correct	5120					complete
language-feature/dynamic-dispatch/ptr-to-interface-deref.slang#cuda-1	language-feature/dynamic-dispatch/ptr-to-interface-deref.slang	cuda_sm_7_0	False	mvp		correct	5026					correct	5344					correct	5083					complete
language-feature/dynamic-dispatch/ptr-to-interface-param.slang#cuda-1	language-feature/dynamic-dispatch/ptr-to-interface-param.slang	cuda_sm_7_0	False	mvp		correct	5071					correct	5152					correct	5023					complete
language-feature/dynamic-dispatch/return-interface-from-dispatch.slang#cuda-1	language-feature/dynamic-dispatch/return-interface-from-dispatch.slang	cuda_sm_7_0	False	mvp		correct	5255					preflight	5499	device scalar pointer: producer=param, consumer=call	preflight-other	canonical linked IR -> _validateNVVMFunction	direct NVVM lowering does not support Slang IR instruction or shape 'device scalar pointer: producer=param, consumer=call'	preflight	4982	device scalar pointer: producer=param, consumer=call	preflight-other	canonical linked IR -> _validateNVVMFunction	direct NVVM lowering does not support Slang IR instruction or shape 'device scalar pointer: producer=param, consumer=call'	complete
language-feature/dynamic-dispatch/return-interface-tuple-limitation.slang#cuda-1	language-feature/dynamic-dispatch/return-interface-tuple-limitation.slang	cuda_sm_7_0	False	mvp		correct	5162					correct	5258					correct	5353					complete
language-feature/dynamic-dispatch/rwstructuredbuffer-interface-readwrite.slang#cuda-1	language-feature/dynamic-dispatch/rwstructuredbuffer-interface-readwrite.slang	cuda_sm_7_0	False	mvp		correct	5370					correct	5583					correct	5356					complete
language-feature/dynamic-dispatch/special-members-dispatch.slang#cuda-1	language-feature/dynamic-dispatch/special-members-dispatch.slang	cuda_sm_7_0	False	mvp		correct	5129					correct	5283					correct	5160					complete
language-feature/dynamic-dispatch/special-members-generic-subscript.slang#cuda-1	language-feature/dynamic-dispatch/special-members-generic-subscript.slang	cuda_sm_7_0	False	mvp		correct	5399					correct	5142					correct	4893					complete
language-feature/dynamic-dispatch/special-members-setter.slang#cuda-1	language-feature/dynamic-dispatch/special-members-setter.slang	cuda_sm_7_0	False	mvp		correct	5332					correct	4693					correct	5258					complete
language-feature/dynamic-dispatch/stateless-dynamic-object.slang#cuda-1	language-feature/dynamic-dispatch/stateless-dynamic-object.slang	cuda_sm_7_0	False	mvp		correct	5074					correct	5311					correct	5381					complete
language-feature/dynamic-dispatch/static-method-dispatch.slang#cuda-1	language-feature/dynamic-dispatch/static-method-dispatch.slang	cuda_sm_7_0	False	mvp		correct	5125					preflight	5187	function name	function-identity	post-specialization linked IRFunc -> _collectNVVMFunctionNames	direct NVVM lowering does not support Slang IR instruction or shape 'function name'	preflight	5075	function name	function-identity	post-specialization linked IRFunc -> _collectNVVMFunctionNames	direct NVVM lowering does not support Slang IR instruction or shape 'function name'	complete
language-feature/dynamic-dispatch/structuredbuffer-interface-read.slang#cuda-1	language-feature/dynamic-dispatch/structuredbuffer-interface-read.slang	cuda_sm_7_0	False	mvp		correct	5233					correct	4971					correct	4699					complete
language-feature/dynamic-dispatch/tagged-union-lowering-runtime.slang#cuda-1	language-feature/dynamic-dispatch/tagged-union-lowering-runtime.slang	cuda_sm_7_0	False	mvp		correct	5433					correct	5235					correct	5346					complete
language-feature/dynamic-dispatch/this-return-chained.slang#cuda-1	language-feature/dynamic-dispatch/this-return-chained.slang	cuda_sm_7_0	False	mvp		correct	5491					preflight	5216	function name	function-identity	post-specialization linked IRFunc -> _collectNVVMFunctionNames	direct NVVM lowering does not support Slang IR instruction or shape 'function name'	preflight	5283	function name	function-identity	post-specialization linked IRFunc -> _collectNVVMFunctionNames	direct NVVM lowering does not support Slang IR instruction or shape 'function name'	complete
language-feature/execution-model/atomic-interlocked-functional.slang#cuda-1	language-feature/execution-model/atomic-interlocked-functional.slang	cuda_sm_7_0	False	mvp		correct	5319					correct	5283					correct	5158					complete
language-feature/execution-model/compute-numthreads-functional.slang#cuda-1	language-feature/execution-model/compute-numthreads-functional.slang	cuda_sm_7_0	False	mvp		correct	5267					correct	5257					correct	4952					complete
language-feature/execution-model/compute-system-values-comprehensive.slang#cuda-1	language-feature/execution-model/compute-system-values-comprehensive.slang	cuda_sm_7_0	False	mvp		correct	5413					correct	4768					correct	5105					complete
language-feature/execution-model/early-return-wave-op-functional.slang#cuda-1	language-feature/execution-model/early-return-wave-op-functional.slang	cuda_sm_7_0	False	mvp		correct	5317					correct	5231					correct	5441					complete
language-feature/execution-model/generic-entry-point.slang#cuda-1	language-feature/execution-model/generic-entry-point.slang	cuda_sm_7_0	False	mvp		correct	5021					correct	5361					correct	5460					complete
language-feature/execution-model/groupshared-barrier-functional.slang#cuda-1	language-feature/execution-model/groupshared-barrier-functional.slang	cuda_sm_7_0	False	mvp		correct	5060					correct	4702					correct	4881					complete
language-feature/execution-model/groupshared-multi-barrier-functional.slang#cuda-1	language-feature/execution-model/groupshared-multi-barrier-functional.slang	cuda_sm_7_0	False	mvp		correct	5200					correct	5154					correct	5322					complete
language-feature/execution-model/loop-break-wave-op-functional.slang#cuda-1	language-feature/execution-model/loop-break-wave-op-functional.slang	cuda_sm_7_0	False	mvp		correct	5259					correct	5368					correct	5479					complete
language-feature/execution-model/loop-divergence-reconvergence-functional.slang#cuda-1	language-feature/execution-model/loop-divergence-reconvergence-functional.slang	cuda_sm_7_0	False	mvp		correct	5058					correct	5280					correct	5423					complete
language-feature/execution-model/multi-wave-thread-group-functional.slang#cuda-1	language-feature/execution-model/multi-wave-thread-group-functional.slang	cuda_sm_7_0	False	mvp		correct	4870					correct	5401					correct	5425					complete
language-feature/execution-model/nested-divergence-functional.slang#cuda-1	language-feature/execution-model/nested-divergence-functional.slang	cuda_sm_7_0	False	mvp		correct	5368					correct	5131					correct	4833					complete
language-feature/execution-model/numthreads-3d-linearization.slang#cuda-1	language-feature/execution-model/numthreads-3d-linearization.slang	cuda_sm_7_0	False	mvp		correct	5188					correct	5307					correct	5572					complete
language-feature/execution-model/wave-active-all-any-functional.slang#cuda-1	language-feature/execution-model/wave-active-all-any-functional.slang	cuda_sm_7_0	False	mvp		correct	5079					correct	5389					correct	5546					complete
language-feature/execution-model/wave-ballot-verify-functional.slang#cuda-1	language-feature/execution-model/wave-ballot-verify-functional.slang	cuda_sm_7_0	False	mvp		correct	4993					correct	4770					correct	5149					complete
language-feature/execution-model/wave-divergent-if-functional.slang#cuda-1	language-feature/execution-model/wave-divergent-if-functional.slang	cuda_sm_7_0	False	mvp		correct	5190					correct	4882					correct	5200					complete
language-feature/execution-model/wave-switch-divergence-functional.slang#cuda-1	language-feature/execution-model/wave-switch-divergence-functional.slang	cuda_sm_7_0	False	mvp		correct	5245					preflight	5149	waveMaskMatch	atomic-wave-operation	atomic/wave legalization IR op -> _validateNVVMFunction	direct NVVM lowering does not support Slang IR instruction or shape 'waveMaskMatch'	preflight	5183	waveMaskMatch	atomic-wave-operation	atomic/wave legalization IR op -> _validateNVVMFunction	direct NVVM lowering does not support Slang IR instruction or shape 'waveMaskMatch'	complete
language-feature/generics/variadic-type-pack-expand-tuple.slang#cuda-1	language-feature/generics/variadic-type-pack-expand-tuple.slang	cuda_sm_7_0	False	mvp		correct	5104					correct	5220					correct	5422					complete
language-feature/if-let/if-let-1.slang#cuda-1	language-feature/if-let/if-let-1.slang	cuda_sm_7_0	False	mvp		correct	5009					preflight	5128	function name	function-identity	post-specialization linked IRFunc -> _collectNVVMFunctionNames	direct NVVM lowering does not support Slang IR instruction or shape 'function name'	preflight	5360	function name	function-identity	post-specialization linked IRFunc -> _collectNVVMFunctionNames	direct NVVM lowering does not support Slang IR instruction or shape 'function name'	complete
language-feature/if-let/if-let-less-than.slang#cuda-1	language-feature/if-let/if-let-less-than.slang	cuda_sm_7_0	False	mvp		correct	5218					correct	5313					correct	4875					complete
language-feature/if-let/if-let.slang#cuda-1	language-feature/if-let/if-let.slang	cuda_sm_7_0	False	mvp		correct	5206					correct	5132					correct	5357					complete
language-feature/operator-overload/builtin-operator-fastpath-bool.slang#cuda-1	language-feature/operator-overload/builtin-operator-fastpath-bool.slang	cuda_sm_7_0	True	mvp		correct	5224					correct	5399					correct	5455					complete
language-feature/operator-overload/builtin-operator-fastpath-float.slang#cuda-1	language-feature/operator-overload/builtin-operator-fastpath-float.slang	cuda_sm_7_0	True	mvp		correct	5045					correct	5126					correct	5385					complete
language-feature/operator-overload/builtin-operator-fastpath-uint.slang#cuda-1	language-feature/operator-overload/builtin-operator-fastpath-uint.slang	cuda_sm_7_0	True	mvp		correct	4857					correct	4652					correct	4678					complete
language-feature/operator-overload/builtin-operator-fastpath.slang#cuda-1	language-feature/operator-overload/builtin-operator-fastpath.slang	cuda_sm_7_0	True	mvp		correct	5147					correct	5025					correct	4873					complete
language-feature/optional-descriptor-handle.slang#cuda-1	language-feature/optional-descriptor-handle.slang	cuda_sm_7_0	False	mvp		correct	5167					preflight	5038	helper function result type	helper-abi-type-contract	post-specialization linked IRFunc signature -> _validateNVVMHelperTarget	direct NVVM lowering does not support Slang IR instruction or shape 'helper function result type: _slang_Optional_DomeLight'	preflight	5212	helper function result type	helper-abi-type-contract	post-specialization linked IRFunc signature -> _validateNVVMHelperTarget	direct NVVM lowering does not support Slang IR instruction or shape 'helper function result type: _slang_Optional_DomeLight'	complete
language-feature/pointer/const-ref.slang#cuda-1	language-feature/pointer/const-ref.slang	cuda_sm_7_0	False	mvp		correct	4990					preflight	5167	struct field address	aggregate-pointer-layout-transport	canonical linked aggregate/pointer IR -> _validateNVVMFunction	direct NVVM lowering does not support Slang IR instruction or shape 'struct field address'	preflight	5176	struct field address	aggregate-pointer-layout-transport	canonical linked aggregate/pointer IR -> _validateNVVMFunction	direct NVVM lowering does not support Slang IR instruction or shape 'struct field address'	complete
language-feature/pointer/ptr-to-groupshared-1.slang#cuda-1	language-feature/pointer/ptr-to-groupshared-1.slang	cuda_sm_7_0	False	mvp		correct	5273					correct	5175					correct	5058					complete
language-feature/scalar-ternary-op-short-and-non-short-circuit.slang#cuda-1	language-feature/scalar-ternary-op-short-and-non-short-circuit.slang	cuda_sm_7_0	False	mvp		correct	5184					correct	4940					correct	5016					complete
language-feature/shader-params/entry-point-uniform-params.slang#cuda-1	language-feature/shader-params/entry-point-uniform-params.slang	cuda_sm_7_0	False	mvp		correct	5169					correct	5255					correct	5207					complete
language-feature/system-value-extraction.slang#cuda-1	language-feature/system-value-extraction.slang	cuda_sm_7_0	False	mvp		correct	5013					correct	5148					correct	5225					complete
metal/atomic-byteaddressbuffer.slang#cuda-1	metal/atomic-byteaddressbuffer.slang	cuda_sm_7_0	False	mvp		correct	4933					correct	4917					correct	4790					complete
metal/metal-pointer-uniform.slang#cuda-1	metal/metal-pointer-uniform.slang	cuda_sm_7_0	False	mvp		correct	5371					correct	4894					correct	4708					complete
slang-extension/atomic-float-byte-address-buffer.slang#cuda-1	slang-extension/atomic-float-byte-address-buffer.slang	cuda_sm_7_0	False	mvp		correct	5382					preflight	4952	GenericAsm	generic-asm-atomic	StmtLoweringVisitor::visitIntrinsicAsmStmt -> IRGenericAsm; _validateNVVMFunction semantic resolution	direct NVVM lowering does not support Slang IR instruction or shape 'GenericAsm assembly=(*$3 = atomicAdd($0._getPtrAt<float>($1), $2)), signature=Void(RWByteAddressBuffer, uint, float, OutParam<float>)'	preflight	5061	GenericAsm	generic-asm-atomic	StmtLoweringVisitor::visitIntrinsicAsmStmt -> IRGenericAsm; _validateNVVMFunction semantic resolution	direct NVVM lowering does not support Slang IR instruction or shape 'GenericAsm assembly=(*$3 = atomicAdd($0._getPtrAt<float>($1), $2)), signature=Void(RWByteAddressBuffer, uint, float, OutParam<float>)'	complete
slang-extension/atomic-int64-byte-address-buffer.slang#cuda-1	slang-extension/atomic-int64-byte-address-buffer.slang	cuda_sm_7_0	False	mvp		correct	5272					correct	5107					correct	5191					complete
slang-extension/cas-int64-byte-address-buffer.slang#cuda-1	slang-extension/cas-int64-byte-address-buffer.slang	cuda_sm_7_0	False	mvp		correct	5258					preflight	4971	GenericAsm	generic-asm-atomic	StmtLoweringVisitor::visitIntrinsicAsmStmt -> IRGenericAsm; _validateNVVMFunction semantic resolution	direct NVVM lowering does not support Slang IR instruction or shape 'GenericAsm assembly=(*$4 = atomicCAS($0._getPtrAt<uint64_t>($1), $2, $3)), signature=Void(RWByteAddressBuffer, uint, uint64_t, uint64_t, OutParam<uint64_t>)'	preflight	4967	GenericAsm	generic-asm-atomic	StmtLoweringVisitor::visitIntrinsicAsmStmt -> IRGenericAsm; _validateNVVMFunction semantic resolution	direct NVVM lowering does not support Slang IR instruction or shape 'GenericAsm assembly=(*$4 = atomicCAS($0._getPtrAt<uint64_t>($1), $2, $3)), signature=Void(RWByteAddressBuffer, uint, uint64_t, uint64_t, OutParam<uint64_t>)'	complete
slang-extension/exchange-int64-byte-address-buffer.slang#cuda-1	slang-extension/exchange-int64-byte-address-buffer.slang	cuda_sm_7_0	False	mvp		correct	5347					correct	4672					correct	4838					complete
slang-extension/realtime-clock.slang#cuda-1	slang-extension/realtime-clock.slang	cuda_sm_7_0	False	extension	device clock/syscall operation outside the initial MVP	correct	5132					preflight	4556	GenericAsm	generic-asm-device-clock	StmtLoweringVisitor::visitIntrinsicAsmStmt -> IRGenericAsm; _validateNVVMFunction semantic resolution	direct NVVM lowering does not support Slang IR instruction or shape 'GenericAsm assembly=clock, signature=uint()'	preflight	4679	GenericAsm	generic-asm-device-clock	StmtLoweringVisitor::visitIntrinsicAsmStmt -> IRGenericAsm; _validateNVVMFunction semantic resolution	direct NVVM lowering does not support Slang IR instruction or shape 'GenericAsm assembly=clock, signature=uint()'	complete
spirv/int-cast-unsigned-to-signed.slang#cuda-1	spirv/int-cast-unsigned-to-signed.slang	cuda_sm_7_0	False	mvp		correct	4947					correct	4657					correct	4844					complete
