id	source	capability	reference_derived_from_direct	coverage_tier	scope_reason	nvrtc-o3_classification	nvrtc-o3_elapsed_ms	nvrtc-o3_shape	nvrtc-o3_cluster	nvrtc-o3_producer	nvrtc-o3_diagnostic	nvvm-o0_classification	nvvm-o0_elapsed_ms	nvvm-o0_shape	nvvm-o0_cluster	nvvm-o0_producer	nvvm-o0_diagnostic	nvvm-o3_classification	nvvm-o3_elapsed_ms	nvvm-o3_shape	nvvm-o3_cluster	nvvm-o3_producer	nvvm-o3_diagnostic	evidence_status
bugs/empty-switch.slang#cuda-1	bugs/empty-switch.slang	cuda_sm_7_0	False	mvp		correct	6113					correct	4310					correct	5726					complete
bugs/frexp-double.slang#cuda-1	bugs/frexp-double.slang	cuda_sm_7_0	False	mvp		correct	5938					preflight	5260	GenericAsm	generic-asm-ordinary-intrinsic	StmtLoweringVisitor::visitIntrinsicAsmStmt -> IRGenericAsm; _validateNVVMFunction semantic resolution	direct NVVM lowering does not support Slang IR instruction or shape 'GenericAsm assembly=$P_frexp($0, $1), signature=double(double, OutParam<int>)'	preflight	5515	GenericAsm	generic-asm-ordinary-intrinsic	StmtLoweringVisitor::visitIntrinsicAsmStmt -> IRGenericAsm; _validateNVVMFunction semantic resolution	direct NVVM lowering does not support Slang IR instruction or shape 'GenericAsm assembly=$P_frexp($0, $1), signature=double(double, OutParam<int>)'	complete
bugs/frexp.slang#cuda-1	bugs/frexp.slang	cuda_sm_7_0	False	mvp		correct	5009					preflight	5332	GenericAsm	generic-asm-ordinary-intrinsic	StmtLoweringVisitor::visitIntrinsicAsmStmt -> IRGenericAsm; _validateNVVMFunction semantic resolution	direct NVVM lowering does not support Slang IR instruction or shape 'GenericAsm assembly=$P_frexp($0, $1), signature=float(float, OutParam<int>)'	preflight	4904	GenericAsm	generic-asm-ordinary-intrinsic	StmtLoweringVisitor::visitIntrinsicAsmStmt -> IRGenericAsm; _validateNVVMFunction semantic resolution	direct NVVM lowering does not support Slang IR instruction or shape 'GenericAsm assembly=$P_frexp($0, $1), signature=float(float, OutParam<int>)'	complete
bugs/gh-11627-flag-enum-compound-assign.slang#cuda-1	bugs/gh-11627-flag-enum-compound-assign.slang	cuda_sm_7_0	False	mvp		correct	5599					correct	5008					correct	5884					complete
bugs/gh-3637.slang#cuda-1	bugs/gh-3637.slang	cuda_sm_7_0	False	mvp		correct	6079					correct	5563					correct	5569					complete
bugs/gh-3980.slang#cuda-1	bugs/gh-3980.slang	cuda_sm_7_0	False	mvp		correct	6139					correct	5627					correct	5460					complete
bugs/gh-4533.slang#cuda-1	bugs/gh-4533.slang	cuda_sm_7_0	False	mvp		correct	5993					preflight	5491	intCast	ordinary-numeric-bit-operation	typed expression/intrinsic IR op -> _resolveNVVMValueOperation	direct NVVM lowering does not support Slang IR instruction or shape 'intCast'	preflight	5751	intCast	ordinary-numeric-bit-operation	typed expression/intrinsic IR op -> _resolveNVVMValueOperation	direct NVVM lowering does not support Slang IR instruction or shape 'intCast'	complete
bugs/gh-5776.slang#cuda-1	bugs/gh-5776.slang	cuda_sm_7_0	False	mvp		correct	5316					preflight	4748	helper function parameter	helper-abi-type-contract	post-specialization linked IRFunc signature -> _validateNVVMHelperTarget	direct NVVM lowering does not support Slang IR instruction or shape 'helper function parameter: WrappedBuffer'	preflight	5763	helper function parameter	helper-abi-type-contract	post-specialization linked IRFunc signature -> _validateNVVMHelperTarget	direct NVVM lowering does not support Slang IR instruction or shape 'helper function parameter: WrappedBuffer'	complete
bugs/gh-7441.slang#cuda-1	bugs/gh-7441.slang	cuda_sm_7_0	False	mvp		correct	4256					preflight	3964	structured-buffer element layout	aggregate-pointer-layout-transport	canonical linked aggregate/pointer IR -> _validateNVVMFunction	direct NVVM lowering does not support Slang IR instruction or shape 'structured-buffer element layout'	preflight	3931	structured-buffer element layout	aggregate-pointer-layout-transport	canonical linked aggregate/pointer IR -> _validateNVVMFunction	direct NVVM lowering does not support Slang IR instruction or shape 'structured-buffer element layout'	complete
bugs/gh-8121.slang#cuda-1	bugs/gh-8121.slang	cuda_sm_7_0	False	mvp		correct	4234					preflight	3939	struct field address	aggregate-pointer-layout-transport	canonical linked aggregate/pointer IR -> _validateNVVMFunction	direct NVVM lowering does not support Slang IR instruction or shape 'struct field address'	preflight	4218	struct field address	aggregate-pointer-layout-transport	canonical linked aggregate/pointer IR -> _validateNVVMFunction	direct NVVM lowering does not support Slang IR instruction or shape 'struct field address'	complete
bugs/gh-8185.slang#cuda-1	bugs/gh-8185.slang	cuda_sm_7_0	False	mvp		correct	4456					preflight	3931	shr	ordinary-numeric-bit-operation	typed expression/intrinsic IR op -> _resolveNVVMValueOperation	direct NVVM lowering does not support Slang IR instruction or shape 'shr'	preflight	4458	shr	ordinary-numeric-bit-operation	typed expression/intrinsic IR op -> _resolveNVVMValueOperation	direct NVVM lowering does not support Slang IR instruction or shape 'shr'	complete
bugs/legalize-defuse-no-zero-init-non-var-primitive.slang#cuda-1	bugs/legalize-defuse-no-zero-init-non-var-primitive.slang	cuda_sm_7_0	False	mvp		correct	4726					preflight	4429	LoadFromUninitializedMemory	residual-target-marker-or-undefined-value	named upstream IR producer -> _validateNVVMFunction default rejection	direct NVVM lowering does not support Slang IR instruction or shape 'LoadFromUninitializedMemory'	preflight	4608	LoadFromUninitializedMemory	residual-target-marker-or-undefined-value	named upstream IR producer -> _validateNVVMFunction default rejection	direct NVVM lowering does not support Slang IR instruction or shape 'LoadFromUninitializedMemory'	complete
bugs/legalize-defuse-no-zero-init-non-var.slang#cuda-1	bugs/legalize-defuse-no-zero-init-non-var.slang	cuda_sm_7_0	False	mvp		correct	4740					preflight	4305	LoadFromUninitializedMemory	residual-target-marker-or-undefined-value	named upstream IR producer -> _validateNVVMFunction default rejection	direct NVVM lowering does not support Slang IR instruction or shape 'LoadFromUninitializedMemory'	preflight	4471	LoadFromUninitializedMemory	residual-target-marker-or-undefined-value	named upstream IR producer -> _validateNVVMFunction default rejection	direct NVVM lowering does not support Slang IR instruction or shape 'LoadFromUninitializedMemory'	complete
bugs/legalize-defuse-no-zero-init.slang#cuda-1	bugs/legalize-defuse-no-zero-init.slang	cuda_sm_7_0	False	mvp		correct	5022					preflight	4406	DebugNoScope	residual-target-marker-or-undefined-value	named upstream IR producer -> _validateNVVMFunction default rejection	direct NVVM lowering does not support Slang IR instruction or shape 'DebugNoScope'	preflight	4705	DebugNoScope	residual-target-marker-or-undefined-value	named upstream IR producer -> _validateNVVMFunction default rejection	direct NVVM lowering does not support Slang IR instruction or shape 'DebugNoScope'	complete
bugs/loop-optimize.slang#cuda-1	bugs/loop-optimize.slang	cuda_sm_7_0	False	mvp		correct	4686					correct	4565					correct	4898					complete
bugs/matrix-reshape.slang#cuda-1	bugs/matrix-reshape.slang	cuda_sm_7_0	False	mvp		correct	4888					correct	4446					correct	4792					complete
bugs/metal-return-value-lost.slang#cuda-1	bugs/metal-return-value-lost.slang	cuda_sm_7_0	False	mvp		correct	4355					preflight	4291	DebugNoScope	residual-target-marker-or-undefined-value	named upstream IR producer -> _validateNVVMFunction default rejection	direct NVVM lowering does not support Slang IR instruction or shape 'DebugNoScope'	preflight	4174	DebugNoScope	residual-target-marker-or-undefined-value	named upstream IR producer -> _validateNVVMFunction default rejection	direct NVVM lowering does not support Slang IR instruction or shape 'DebugNoScope'	complete
bugs/overload-ambiguous-1.slang#cuda-1	bugs/overload-ambiguous-1.slang	cuda_sm_7_0	False	mvp		correct	4209					correct	4234					correct	4024					complete
bugs/overload-ambiguous-2.slang#cuda-1	bugs/overload-ambiguous-2.slang	cuda_sm_7_0	False	mvp		correct	4157					correct	4162					correct	4074					complete
bugs/overload-ambiguous.slang#cuda-1	bugs/overload-ambiguous.slang	cuda_sm_7_0	False	mvp		correct	4435					correct	4611					correct	4456					complete
bugs/string-inline.slang#cuda-1	bugs/string-inline.slang	cuda_sm_7_0	False	mvp		correct	4561					preflight	4448	getStringHash	residual-target-marker-or-undefined-value	named upstream IR producer -> _validateNVVMFunction default rejection	direct NVVM lowering does not support Slang IR instruction or shape 'getStringHash'	preflight	4453	getStringHash	residual-target-marker-or-undefined-value	named upstream IR producer -> _validateNVVMFunction default rejection	direct NVVM lowering does not support Slang IR instruction or shape 'getStringHash'	complete
compute/array-existential-parameter.slang#cuda-1	compute/array-existential-parameter.slang	cuda_sm_7_0	False	mvp		correct	4685					correct	4786					correct	4583					complete
compute/array-param.slang#cuda-1	compute/array-param.slang	cuda_sm_7_0	False	mvp		correct	4724					correct	4592					correct	4543					complete
compute/assoctype-nested-lookup.slang#cuda-1	compute/assoctype-nested-lookup.slang	cuda_sm_7_0	False	mvp		correct	4612					correct	4648					correct	4578					complete
compute/atomics-groupshared.slang#cuda-1	compute/atomics-groupshared.slang	cuda_sm_7_0	False	mvp		correct	4594					correct	4505					correct	4388					complete
compute/atomics.slang#cuda-1	compute/atomics.slang	cuda_sm_7_0	False	mvp		correct	4543					correct	4304					correct	4122					complete
compute/bitcast-64bit.slang#cuda-1	compute/bitcast-64bit.slang	cuda_sm_7_0	False	mvp		correct	4369					correct	4203					correct	4001					complete
compute/bound-check-zero-index.slang#cuda-1	compute/bound-check-zero-index.slang	cuda_sm_7_0	False	mvp		correct	4339					runtime-mismatch	3993		runtime-bounds-zero-index	compiled PTX executed by the CUDA compare-compute harness	slang-test expected/actual runtime result mismatch	runtime-mismatch	4452		runtime-bounds-zero-index	compiled PTX executed by the CUDA compare-compute harness	slang-test expected/actual runtime result mismatch	complete
compute/buffer-layout.slang#cuda-1	compute/buffer-layout.slang	cuda_sm_7_0	False	mvp		correct	4583					correct	4151					correct	4120					complete
compute/byte-address-buffer-64bit.slang#cuda-1	compute/byte-address-buffer-64bit.slang	cuda_sm_7_0	True	mvp		correct	4567					correct	4527					correct	4306					complete
compute/byte-address-buffer-aligned.slang#cuda-1	compute/byte-address-buffer-aligned.slang	cuda_sm_7_0	False	mvp		correct	4931					correct	4729					correct	4529					complete
compute/byte-address-buffer-array.slang#cuda-1	compute/byte-address-buffer-array.slang	cuda_sm_7_0	False	mvp		correct	4846					correct	4720					correct	4501					complete
compute/byte-address-buffer-atomic-mixed-width-12265.slang#cuda-1	compute/byte-address-buffer-atomic-mixed-width-12265.slang	cuda_sm_7_0	False	mvp		infrastructure	4398		infrastructure-native-reference	NVRTC/toolkit or generated reference contract	warning[E41012]: profile implicitly upgraded	runtime-mismatch	4227		runtime-sm90-mixed-width-atomic	compiled PTX executed by the CUDA compare-compute harness	warning[E41012]: profile implicitly upgraded	runtime-mismatch	4407		runtime-sm90-mixed-width-atomic	compiled PTX executed by the CUDA compare-compute harness	warning[E41012]: profile implicitly upgraded	complete
compute/byte-address-buffer-atomic-via-helper-12265.slang#cuda-1	compute/byte-address-buffer-atomic-via-helper-12265.slang	cuda_sm_7_0	False	mvp		correct	4611					correct	4642					correct	4355					complete
compute/byte-address-buffer-singlearg-float3-11592.slang#cuda-1	compute/byte-address-buffer-singlearg-float3-11592.slang	cuda_sm_7_0	True	mvp		correct	4428					correct	4552					correct	4242					complete
compute/byte-address-buffer.slang#cuda-1	compute/byte-address-buffer.slang	cuda_sm_7_0	True	mvp		correct	4253					correct	4061					correct	4161					complete
compute/byte-address-buffer.slang#cuda-2	compute/byte-address-buffer.slang	cuda_sm_7_0	True	mvp		correct	4393					correct	4037					correct	4172					complete
compute/column-major.slang#cuda-1	compute/column-major.slang	cuda_sm_7_0	False	mvp		correct	4517					correct	4404					correct	4581					complete
compute/constant-buffer-memory-packing.slang#cuda-1	compute/constant-buffer-memory-packing.slang	cuda_sm_7_0	False	mvp		correct	4654					correct	4688					correct	4895					complete
compute/dot1-generic.slang#cuda-1	compute/dot1-generic.slang	cuda_sm_7_0	False	mvp		correct	4743					correct	4751					correct	4924					complete
compute/dot1.slang#cuda-1	compute/dot1.slang	cuda_sm_7_0	False	mvp		correct	4558					correct	4103					correct	4392					complete
compute/dynamic-dispatch-1.slang#cuda-1	compute/dynamic-dispatch-1.slang	cuda_sm_7_0	False	mvp		correct	4535					correct	4842					correct	4800					complete
compute/dynamic-dispatch-10.slang#cuda-1	compute/dynamic-dispatch-10.slang	cuda_sm_7_0	False	mvp		correct	4693					correct	4745					correct	4744					complete
compute/dynamic-dispatch-13.slang#cuda-1	compute/dynamic-dispatch-13.slang	cuda_sm_7_0	False	mvp		correct	4299					correct	4533					correct	4308					complete
compute/dynamic-dispatch-15.slang#cuda-1	compute/dynamic-dispatch-15.slang	cuda_sm_7_0	False	mvp		correct	4314					correct	4431					correct	4294					complete
compute/dynamic-dispatch-16.slang#cuda-1	compute/dynamic-dispatch-16.slang	cuda_sm_7_0	False	mvp		correct	4398					preflight	3929	structured-buffer element layout	aggregate-pointer-layout-transport	canonical linked aggregate/pointer IR -> _validateNVVMFunction	direct NVVM lowering does not support Slang IR instruction or shape 'structured-buffer element layout'	preflight	4038	structured-buffer element layout	aggregate-pointer-layout-transport	canonical linked aggregate/pointer IR -> _validateNVVMFunction	direct NVVM lowering does not support Slang IR instruction or shape 'structured-buffer element layout'	complete
compute/dynamic-dispatch-17.slang#cuda-1	compute/dynamic-dispatch-17.slang	cuda_sm_7_0	False	mvp		correct	4750					preflight	4253	structured-buffer element layout	aggregate-pointer-layout-transport	canonical linked aggregate/pointer IR -> _validateNVVMFunction	direct NVVM lowering does not support Slang IR instruction or shape 'structured-buffer element layout'	preflight	4590	structured-buffer element layout	aggregate-pointer-layout-transport	canonical linked aggregate/pointer IR -> _validateNVVMFunction	direct NVVM lowering does not support Slang IR instruction or shape 'structured-buffer element layout'	complete
compute/dynamic-dispatch-18.slang#cuda-1	compute/dynamic-dispatch-18.slang	cuda_sm_7_0	False	mvp		correct	4558					correct	4310					correct	4659					complete
compute/dynamic-dispatch-19.slang#cuda-1	compute/dynamic-dispatch-19.slang	cuda_sm_7_0	False	mvp		correct	4320					correct	4067					correct	3962					complete
compute/dynamic-dispatch-2.slang#cuda-1	compute/dynamic-dispatch-2.slang	cuda_sm_7_0	False	mvp		correct	4379					correct	4423					correct	4422					complete
compute/dynamic-dispatch-3.slang#cuda-1	compute/dynamic-dispatch-3.slang	cuda_sm_7_0	False	mvp		correct	4477					correct	4405					correct	4530					complete
compute/dynamic-dispatch-4.slang#cuda-1	compute/dynamic-dispatch-4.slang	cuda_sm_7_0	False	mvp		correct	4373					correct	4545					correct	4450					complete
compute/dynamic-dispatch-5.slang#cuda-1	compute/dynamic-dispatch-5.slang	cuda_sm_7_0	False	mvp		correct	4219					correct	4461					correct	4289					complete
compute/dynamic-dispatch-6.slang#cuda-1	compute/dynamic-dispatch-6.slang	cuda_sm_7_0	False	mvp		correct	4206					correct	4120					correct	4202					complete
compute/dynamic-dispatch-7.slang#cuda-1	compute/dynamic-dispatch-7.slang	cuda_sm_7_0	False	mvp		correct	4421					correct	4163					correct	4526					complete
compute/dynamic-dispatch-8.slang#cuda-1	compute/dynamic-dispatch-8.slang	cuda_sm_7_0	False	mvp		correct	4540					correct	4269					correct	4702					complete
compute/dynamic-dispatch-9.slang#cuda-1	compute/dynamic-dispatch-9.slang	cuda_sm_7_0	False	mvp		correct	4170					correct	4175					correct	4306					complete
compute/dynamic-dispatch-bindless-texture.slang#cuda-1	compute/dynamic-dispatch-bindless-texture.slang	cuda_sm_7_0	False	mvp		correct	4440					correct	5191					correct	4585					complete
compute/dynamic-dispatch-substandard-float.slang#cuda-1	compute/dynamic-dispatch-substandard-float.slang	cuda_sm_7_0	False	mvp		correct	4715					preflight	4763	helper function result type	helper-abi-type-contract	post-specialization linked IRFunc signature -> _validateNVVMHelperTarget	direct NVVM lowering does not support Slang IR instruction or shape 'helper function result type: A'	preflight	4564	helper function result type	helper-abi-type-contract	post-specialization linked IRFunc signature -> _validateNVVMHelperTarget	direct NVVM lowering does not support Slang IR instruction or shape 'helper function result type: A'	complete
compute/dynamic-generics-simple.slang#cuda-1	compute/dynamic-generics-simple.slang	cuda_sm_7_0	False	mvp		correct	4495					correct	4950					correct	4848					complete
compute/entry-point-uniform-params.slang#cuda-1	compute/entry-point-uniform-params.slang	cuda_sm_7_0	False	mvp		correct	4249					correct	4854					correct	4715					complete
compute/func-param-legalize.slang#cuda-1	compute/func-param-legalize.slang	cuda_sm_7_0	False	mvp		correct	4361					correct	4594					correct	4489					complete
compute/func-resource-param.slang#cuda-1	compute/func-resource-param.slang	cuda_sm_7_0	True	mvp		correct	4713					correct	4084					correct	4415					complete
compute/groupshared.slang#cuda-1	compute/groupshared.slang	cuda_sm_7_0	False	mvp		correct	4644					correct	4083					correct	4347					complete
compute/half-calc.slang#cuda-1	compute/half-calc.slang	cuda_sm_7_0	False	mvp		correct	4413					correct	4484					correct	4438					complete
compute/half-opaque-convert.slang#cuda-1	compute/half-opaque-convert.slang	cuda_sm_7_0	False	mvp		correct	4392					correct	4175					correct	4515					complete
compute/half-rw-texture-convert.slang#cuda-1	compute/half-rw-texture-convert.slang	cuda_sm_7_0	False	mvp		correct	5010					correct	4550					correct	4459					complete
compute/half-rw-texture-convert2.slang#cuda-1	compute/half-rw-texture-convert2.slang	cuda_sm_7_0	False	mvp		correct	5107					correct	4712					correct	4592					complete
compute/half-rw-texture-simple.slang#cuda-1	compute/half-rw-texture-simple.slang	cuda_sm_7_0	False	mvp		correct	4867					provider	4848		provider-unoptimized-half-operation	NVVMTypeLoweringContext/emitNVVMIRFromLinkedIR -> libNVVM compilation	libNVVM compilation failed: Error: unsupported operation	correct	4740					complete
compute/half-structured-buffer.slang#cuda-1	compute/half-structured-buffer.slang	cuda_sm_7_0	False	mvp		correct	4696					correct	4892					correct	4634					complete
compute/half-texture-simple.slang#cuda-1	compute/half-texture-simple.slang	cuda_sm_7_0	False	mvp		correct	4596					correct	4601					correct	4194					complete
compute/half-vector-calc.slang#cuda-1	compute/half-vector-calc.slang	cuda_sm_7_0	False	mvp		infrastructure	4362		infrastructure-native-reference	NVRTC/toolkit or generated reference contract	"error : class ""__half4"" has no member ""xyz"""	provider	4303		provider-unoptimized-half-operation	NVVMTypeLoweringContext/emitNVVMIRFromLinkedIR -> libNVVM compilation	libNVVM compilation failed: Error: unsupported operation	correct	4425					complete
compute/half-vector-compare.slang#cuda-1	compute/half-vector-compare.slang	cuda_sm_7_0	False	mvp		correct	4443					provider	4240		provider-unoptimized-half-operation	NVVMTypeLoweringContext/emitNVVMIRFromLinkedIR -> libNVVM compilation	libNVVM compilation failed: Error: unsupported operation	correct	4550					complete
compute/ieee754-mixed-type-nan-comparisons.slang#cuda-1	compute/ieee754-mixed-type-nan-comparisons.slang	cuda_sm_7_0	False	mvp		correct	4237					correct	3988					correct	4293					complete
compute/int-generic.slang#cuda-1	compute/int-generic.slang	cuda_sm_7_0	False	mvp		correct	4507					correct	4201					correct	4480					complete
compute/interface-assoc-type-param.slang#cuda-1	compute/interface-assoc-type-param.slang	cuda_sm_7_0	False	mvp		correct	4715					preflight	4198	entry-point parameter	aggregate-pointer-layout-transport	canonical linked aggregate/pointer IR -> _validateNVVMFunction	direct NVVM lowering does not support Slang IR instruction or shape 'entry-point parameter'	preflight	4312	entry-point parameter	aggregate-pointer-layout-transport	canonical linked aggregate/pointer IR -> _validateNVVMFunction	direct NVVM lowering does not support Slang IR instruction or shape 'entry-point parameter'	complete
compute/interface-func-param-in-struct.slang#cuda-1	compute/interface-func-param-in-struct.slang	cuda_sm_7_0	False	mvp		correct	4703					preflight	4271	entry-point parameter	aggregate-pointer-layout-transport	canonical linked aggregate/pointer IR -> _validateNVVMFunction	direct NVVM lowering does not support Slang IR instruction or shape 'entry-point parameter'	preflight	4363	entry-point parameter	aggregate-pointer-layout-transport	canonical linked aggregate/pointer IR -> _validateNVVMFunction	direct NVVM lowering does not support Slang IR instruction or shape 'entry-point parameter'	complete
compute/kernel-context-threading.slang#cuda-1	compute/kernel-context-threading.slang	cuda_sm_7_0	False	mvp		correct	4612					correct	4490					correct	4366					complete
compute/kernel-context-threading.slang#cuda-2	compute/kernel-context-threading.slang	cuda_sm_7_0	False	mvp		correct	4270					correct	4624					correct	4105					complete
compute/logic-no-short-circuit-evaluation.slang#cuda-1	compute/logic-no-short-circuit-evaluation.slang	cuda_sm_7_0	False	mvp		correct	4557					correct	4597					correct	4381					complete
compute/logic-short-circuit-evaluation.slang#cuda-1	compute/logic-short-circuit-evaluation.slang	cuda_sm_7_0	False	mvp		correct	4517					correct	3963					correct	4308					complete
compute/loop-unroll.slang#cuda-1	compute/loop-unroll.slang	cuda_sm_7_0	False	mvp		correct	4433					correct	4174					correct	4022					complete
compute/matrix-layout-structured-buffer.slang#cuda-1	compute/matrix-layout-structured-buffer.slang	cuda_sm_7_0	False	mvp		correct	4447					correct	4045					correct	4345					complete
compute/mutating-and-inout.slang#cuda-1	compute/mutating-and-inout.slang	cuda_sm_7_0	False	mvp		correct	4714					correct	4150					correct	4205					complete
compute/nested-assoc-types.slang#cuda-1	compute/nested-assoc-types.slang	cuda_sm_7_0	False	mvp		correct	4717					correct	4219					correct	4379					complete
compute/non-square-row-major.slang#cuda-1	compute/non-square-row-major.slang	cuda_sm_7_0	False	mvp		correct	4728					correct	4166					correct	4460					complete
compute/pack-any-value-16bit.slang#cuda-1	compute/pack-any-value-16bit.slang	cuda_sm_7_0	False	mvp		correct	4429					correct	4332					correct	4093					complete
compute/pack-any-value-8bit.slang#cuda-1	compute/pack-any-value-8bit.slang	cuda_sm_7_0	False	mvp		correct	4368					preflight	4234	bitfieldExtract	ordinary-numeric-bit-operation	typed expression/intrinsic IR op -> _resolveNVVMValueOperation	direct NVVM lowering does not support Slang IR instruction or shape 'bitfieldExtract'	preflight	4110	bitfieldExtract	ordinary-numeric-bit-operation	typed expression/intrinsic IR op -> _resolveNVVMValueOperation	direct NVVM lowering does not support Slang IR instruction or shape 'bitfieldExtract'	complete
compute/parameter-block.slang#cuda-1	compute/parameter-block.slang	cuda_sm_7_0	False	mvp		correct	4692					correct	4128					correct	4300					complete
compute/reinterpret-structured-buffer.slang#cuda-1	compute/reinterpret-structured-buffer.slang	cuda_sm_7_0	False	mvp		correct	4727					preflight	4194	helper function result type	helper-abi-type-contract	post-specialization linked IRFunc signature -> _validateNVVMHelperTarget	direct NVVM lowering does not support Slang IR instruction or shape 'helper function result type: RWStructuredBuffer<vector<half,2>>'	preflight	3931	helper function result type	helper-abi-type-contract	post-specialization linked IRFunc signature -> _validateNVVMHelperTarget	direct NVVM lowering does not support Slang IR instruction or shape 'helper function result type: RWStructuredBuffer<vector<half,2>>'	complete
compute/row-major.slang#cuda-1	compute/row-major.slang	cuda_sm_7_0	True	mvp		correct	4292					correct	4082					correct	4024					complete
compute/rw-texture-simple.slang#cuda-1	compute/rw-texture-simple.slang	cuda_sm_7_0	False	mvp		correct	4607					correct	4135					correct	4253					complete
compute/simple-interface-parameter.slang#cuda-1	compute/simple-interface-parameter.slang	cuda_sm_7_0	False	mvp		correct	4600					preflight	3982	global_param	aggregate-pointer-layout-transport	canonical linked aggregate/pointer IR -> _validateNVVMFunction	direct NVVM lowering does not support Slang IR instruction or shape 'global_param'	preflight	4231	global_param	aggregate-pointer-layout-transport	canonical linked aggregate/pointer IR -> _validateNVVMFunction	direct NVVM lowering does not support Slang IR instruction or shape 'global_param'	complete
compute/simple.slang#cuda-1	compute/simple.slang	cuda_sm_7_0	False	mvp		correct	4603					correct	4086					correct	4327					complete
compute/struct-default-init.slang#cuda-1	compute/struct-default-init.slang	cuda_sm_7_0	False	mvp		correct	4190					correct	4430					correct	4111					complete
compute/struct-in-generic.slang#cuda-1	compute/struct-in-generic.slang	cuda_sm_7_0	False	mvp		correct	4261					correct	4476					correct	4049					complete
compute/structured-buffer-load.slang#cuda-1	compute/structured-buffer-load.slang	cuda_sm_7_0	True	mvp		correct	4610					correct	4254					correct	4171					complete
compute/structured-buffer-of-matrices.slang#cuda-1	compute/structured-buffer-of-matrices.slang	cuda_sm_7_0	True	mvp		correct	4503					correct	4408					correct	4204					complete
compute/structured-buffer-of-struct.slang#cuda-1	compute/structured-buffer-of-struct.slang	cuda_sm_7_0	False	mvp		correct	4155					correct	4299					correct	4110					complete
compute/structured-buffer-swizzle-store.slang#cuda-1	compute/structured-buffer-swizzle-store.slang	cuda_sm_7_0	False	mvp		correct	4538					correct	4235					correct	4214					complete
compute/switch-stmt.slang#cuda-1	compute/switch-stmt.slang	cuda_sm_7_0	False	mvp		correct	4645					correct	4170					correct	4283					complete
compute/texture-get-dimensions-cuda.slang#cuda-1	compute/texture-get-dimensions-cuda.slang	cuda_sm_7_0	False	mvp		correct	4722					correct	4112					correct	4500					complete
compute/texture-simple.slang#cuda-1	compute/texture-simple.slang	cuda_sm_7_0	False	mvp		correct	4666					correct	4499					correct	4494					complete
compute/texture-simpler.slang#cuda-1	compute/texture-simpler.slang	cuda_sm_7_0	False	mvp		correct	4446					correct	4493					correct	4200					complete
compute/texture-subscript-cuda.slang#cuda-1	compute/texture-subscript-cuda.slang	cuda_sm_7_0	False	mvp		correct	4844					correct	4572					correct	4317					complete
compute/texture-subscript-uint-cuda.slang#cuda-1	compute/texture-subscript-uint-cuda.slang	cuda_sm_7_0	False	mvp		correct	4747					correct	4347					correct	4441					complete
compute/texture-subscript.slang#cuda-1	compute/texture-subscript.slang	cuda_sm_7_0	True	mvp		infrastructure	4408		infrastructure-native-reference	NVRTC/toolkit or generated reference contract	BUF: expected string not found in input	correct	4448					correct	4356					complete
compute/transcendental-double.slang#cuda-1	compute/transcendental-double.slang	cuda_sm_7_0	False	mvp		correct	4496					correct	4373					correct	4262					complete
compute/transcendental.slang#cuda-1	compute/transcendental.slang	cuda_sm_7_0	False	mvp		correct	4642					correct	4377					correct	4274					complete
compute/transitive-interface.slang#cuda-1	compute/transitive-interface.slang	cuda_sm_7_0	False	mvp		correct	4716					correct	4248					correct	4427					complete
compute/typedef-member.slang#cuda-1	compute/typedef-member.slang	cuda_sm_7_0	False	mvp		correct	4761					correct	4678					correct	4330					complete
compute/vector-scalar-compare.slang#cuda-1	compute/vector-scalar-compare.slang	cuda_sm_7_0	False	mvp		correct	4632					correct	4551					correct	4377					complete
compute/write-structured-buffer-field.slang#cuda-1	compute/write-structured-buffer-field.slang	cuda_sm_7_0	False	mvp		correct	4513					correct	4467					correct	4043					complete
cross-compile/simple-cross-compile.slang#cuda-1	cross-compile/simple-cross-compile.slang	cuda_sm_7_0	False	mvp		correct	4894					correct	4310					correct	4432					complete
cuda/compile-to-cuda.slang#cuda-1	cuda/compile-to-cuda.slang	cuda_sm_7_0	False	mvp		correct	4501					correct	4286					correct	4284					complete
cuda/copy-elision-this-2.slang#cuda-1	cuda/copy-elision-this-2.slang	cuda_sm_7_0	False	mvp		correct	4271					preflight	4404	global_param	aggregate-pointer-layout-transport	canonical linked aggregate/pointer IR -> _validateNVVMFunction	direct NVVM lowering does not support Slang IR instruction or shape 'global_param'	preflight	4020	global_param	aggregate-pointer-layout-transport	canonical linked aggregate/pointer IR -> _validateNVVMFunction	direct NVVM lowering does not support Slang IR instruction or shape 'global_param'	complete
cuda/cuda-array-layout.slang#cuda-1	cuda/cuda-array-layout.slang	cuda_sm_7_0	False	mvp		correct	4549					correct	4558					correct	3924					complete
cuda/cuda-kernel-param-layout.slang#cuda-1	cuda/cuda-kernel-param-layout.slang	cuda_sm_7_0	False	mvp		correct	4562					correct	4431					correct	4177					complete
cuda/cuda-layout.slang#cuda-1	cuda/cuda-layout.slang	cuda_sm_7_0	False	mvp		correct	4709					correct	4547					correct	4234					complete
cuda/cuda-texture.slang#cuda-1	cuda/cuda-texture.slang	cuda_sm_7_0	False	mvp		correct	4552					preflight	4642	RequireComputeDerivative	residual-target-marker-or-undefined-value	named upstream IR producer -> _validateNVVMFunction default rejection	direct NVVM lowering does not support Slang IR instruction or shape 'RequireComputeDerivative'	preflight	4205	RequireComputeDerivative	residual-target-marker-or-undefined-value	named upstream IR producer -> _validateNVVMFunction default rejection	direct NVVM lowering does not support Slang IR instruction or shape 'RequireComputeDerivative'	complete
cuda/cuda-vector-binary-ops.slang#cuda-1	cuda/cuda-vector-binary-ops.slang	cuda_sm_7_0	False	mvp		correct	4557					correct	4687					correct	4237					complete
cuda/get-buffer-ptr.slang#cuda-1	cuda/get-buffer-ptr.slang	cuda_sm_7_0	False	mvp		correct	4549					correct	4035					correct	4138					complete
cuda/make-matrix.slang#cuda-1	cuda/make-matrix.slang	cuda_sm_7_0	False	mvp		correct	4629					preflight	4379	struct field address	aggregate-pointer-layout-transport	canonical linked aggregate/pointer IR -> _validateNVVMFunction	direct NVVM lowering does not support Slang IR instruction or shape 'struct field address'	preflight	4220	struct field address	aggregate-pointer-layout-transport	canonical linked aggregate/pointer IR -> _validateNVVMFunction	direct NVVM lowering does not support Slang IR instruction or shape 'struct field address'	complete
cuda/nvvm-conventional-global-multi-resource.slang#cuda-1	cuda/nvvm-conventional-global-multi-resource.slang	cuda_sm_7_0	False	mvp		correct	4186					correct	4493					correct	4257					complete
cuda/nvvm-float-matrix-values.slang#cuda-1	cuda/nvvm-float-matrix-values.slang	cuda_sm_7_0	True	mvp		correct	4506					correct	4491					correct	4120					complete
cuda/nvvm-half-values.slang#cuda-1	cuda/nvvm-half-values.slang	cuda_sm_7_0	True	mvp		correct	4645					provider	4491		provider-unoptimized-half-operation	NVVMTypeLoweringContext/emitNVVMIRFromLinkedIR -> libNVVM compilation	CHECK: expected string not found in input	correct	4076					complete
cuda/nvvm-helper-copyable-values.slang#cuda-1	cuda/nvvm-helper-copyable-values.slang	cuda_sm_7_0	False	mvp		correct	4689					correct	4210					correct	4071					complete
cuda/nvvm-thread-local-global-context.slang#cuda-1	cuda/nvvm-thread-local-global-context.slang	cuda_sm_7_0	True	mvp		correct	4725					correct	4444					correct	4383					complete
cuda/nvvm-typed-select.slang#cuda-1	cuda/nvvm-typed-select.slang	cuda_sm_7_0	True	mvp		correct	4563					correct	4411					correct	4340					complete
cuda/param-block-alignment.slang#cuda-1	cuda/param-block-alignment.slang	cuda_sm_7_0	False	mvp		correct	4779					correct	4086					correct	4375					complete
cuda/require-prelude.slang#cuda-1	cuda/require-prelude.slang	cuda_sm_7_0	False	mvp		correct	4812					preflight	4560	RequirePrelude	residual-target-marker-or-undefined-value	named upstream IR producer -> _validateNVVMFunction default rejection	direct NVVM lowering does not support Slang IR instruction or shape 'RequirePrelude'	preflight	4263	RequirePrelude	residual-target-marker-or-undefined-value	named upstream IR producer -> _validateNVVMFunction default rejection	direct NVVM lowering does not support Slang IR instruction or shape 'RequirePrelude'	complete
cuda/vector-dot-signed-zero.slang#cuda-1	cuda/vector-dot-signed-zero.slang	cuda_sm_7_0	False	mvp		correct	4528					correct	4555					correct	4326					complete
cuda/wave-lane-index-multidim-3d.slang#cuda-1	cuda/wave-lane-index-multidim-3d.slang	cuda_sm_7_0	False	mvp		correct	4484					correct	4751					correct	4450					complete
front-end/float-literal-values-rounding-dec-compute.slang#cuda-1	front-end/float-literal-values-rounding-dec-compute.slang	cuda_sm_7_0	False	mvp		correct	4683					correct	4638					correct	4092					complete
glsl-intrinsic/array-length.slang#cuda-1	glsl-intrinsic/array-length.slang	cuda_sm_7_0	False	mvp		correct	4653					correct	4326					correct	4100					complete
glsl-intrinsic/unpack-float.slang#cuda-1	glsl-intrinsic/unpack-float.slang	cuda_sm_7_0	False	mvp		correct	4826					preflight	4744	GenericAsm	generic-asm-ordinary-intrinsic	StmtLoweringVisitor::visitIntrinsicAsmStmt -> IRGenericAsm; _validateNVVMFunction semantic resolution	direct NVVM lowering does not support Slang IR instruction or shape 'GenericAsm assembly=__half2float(__ushort_as_half($0)), signature=float(uint)'	preflight	4485	GenericAsm	generic-asm-ordinary-intrinsic	StmtLoweringVisitor::visitIntrinsicAsmStmt -> IRGenericAsm; _validateNVVMFunction semantic resolution	direct NVVM lowering does not support Slang IR instruction or shape 'GenericAsm assembly=__half2float(__ushort_as_half($0)), signature=float(uint)'	complete
hlsl-intrinsic/active-mask/for-break.slang#cuda-1	hlsl-intrinsic/active-mask/for-break.slang	cuda_sm_7_0	False	mvp		correct	4474					correct	4016					correct	4165					complete
hlsl-intrinsic/active-mask/for-continue-ext.slang#cuda-1	hlsl-intrinsic/active-mask/for-continue-ext.slang	cuda_sm_7_0	False	mvp		correct	4526					correct	4196					correct	4304					complete
hlsl-intrinsic/active-mask/for-continue.slang#cuda-1	hlsl-intrinsic/active-mask/for-continue.slang	cuda_sm_7_0	False	mvp		correct	4316					correct	4287					correct	4233					complete
hlsl-intrinsic/active-mask/for.slang#cuda-1	hlsl-intrinsic/active-mask/for.slang	cuda_sm_7_0	False	mvp		correct	4289					correct	4367					correct	4019					complete
hlsl-intrinsic/active-mask/if-conditional-exit.slang#cuda-1	hlsl-intrinsic/active-mask/if-conditional-exit.slang	cuda_sm_7_0	False	mvp		correct	4499					correct	4112					correct	4087					complete
hlsl-intrinsic/active-mask/if-early-exit.slang#cuda-1	hlsl-intrinsic/active-mask/if-early-exit.slang	cuda_sm_7_0	False	mvp		correct	4404					correct	4167					correct	4255					complete
hlsl-intrinsic/active-mask/if-one-sided.slang#cuda-1	hlsl-intrinsic/active-mask/if-one-sided.slang	cuda_sm_7_0	False	mvp		correct	4455					correct	4168					correct	4316					complete
hlsl-intrinsic/active-mask/if.slang#cuda-1	hlsl-intrinsic/active-mask/if.slang	cuda_sm_7_0	False	mvp		correct	4390					correct	4300					correct	4192					complete
hlsl-intrinsic/active-mask/switch-no-default.slang#cuda-1	hlsl-intrinsic/active-mask/switch-no-default.slang	cuda_sm_7_0	False	mvp		correct	4362					preflight	4023	waveMaskMatch	atomic-wave-operation	atomic/wave legalization IR op -> _validateNVVMFunction	direct NVVM lowering does not support Slang IR instruction or shape 'waveMaskMatch'	preflight	4164	waveMaskMatch	atomic-wave-operation	atomic/wave legalization IR op -> _validateNVVMFunction	direct NVVM lowering does not support Slang IR instruction or shape 'waveMaskMatch'	complete
hlsl-intrinsic/active-mask/switch.slang#cuda-1	hlsl-intrinsic/active-mask/switch.slang	cuda_sm_7_0	False	mvp		correct	4469					preflight	4073	waveMaskMatch	atomic-wave-operation	atomic/wave legalization IR op -> _validateNVVMFunction	direct NVVM lowering does not support Slang IR instruction or shape 'waveMaskMatch'	preflight	4163	waveMaskMatch	atomic-wave-operation	atomic/wave legalization IR op -> _validateNVVMFunction	direct NVVM lowering does not support Slang IR instruction or shape 'waveMaskMatch'	complete
hlsl-intrinsic/asfloat16.slang#cuda-1	hlsl-intrinsic/asfloat16.slang	cuda_sm_7_0	False	mvp		correct	4450					preflight	4169	GenericAsm	generic-asm-ordinary-intrinsic	StmtLoweringVisitor::visitIntrinsicAsmStmt -> IRGenericAsm; _validateNVVMFunction semantic resolution	direct NVVM lowering does not support Slang IR instruction or shape 'GenericAsm assembly=__ushort_as_half, signature=half(uint16_t)'	preflight	4317	GenericAsm	generic-asm-ordinary-intrinsic	StmtLoweringVisitor::visitIntrinsicAsmStmt -> IRGenericAsm; _validateNVVMFunction semantic resolution	direct NVVM lowering does not support Slang IR instruction or shape 'GenericAsm assembly=__ushort_as_half, signature=half(uint16_t)'	complete
hlsl-intrinsic/atomic/atomic-intrinsics-64bit.slang#cuda-1	hlsl-intrinsic/atomic/atomic-intrinsics-64bit.slang	cuda_sm_7_0	False	mvp		correct	4707					preflight	4254	sequential element pointer	aggregate-pointer-layout-transport	canonical linked aggregate/pointer IR -> _validateNVVMFunction	direct NVVM lowering does not support Slang IR instruction or shape 'sequential element pointer: Ptr<uint64_t, addressSpace=3, access=0, operands=4>'	preflight	4138	sequential element pointer	aggregate-pointer-layout-transport	canonical linked aggregate/pointer IR -> _validateNVVMFunction	direct NVVM lowering does not support Slang IR instruction or shape 'sequential element pointer: Ptr<uint64_t, addressSpace=3, access=0, operands=4>'	complete
hlsl-intrinsic/atomic/atomic-intrinsics.slang#cuda-1	hlsl-intrinsic/atomic/atomic-intrinsics.slang	cuda_sm_7_0	False	mvp		correct	4514					preflight	4000	atomicAnd	atomic-wave-operation	atomic/wave legalization IR op -> _validateNVVMFunction	direct NVVM lowering does not support Slang IR instruction or shape 'atomicAnd'	preflight	4102	atomicAnd	atomic-wave-operation	atomic/wave legalization IR op -> _validateNVVMFunction	direct NVVM lowering does not support Slang IR instruction or shape 'atomicAnd'	complete
hlsl-intrinsic/atomic/atomic-reduce-float.slang#cuda-1	hlsl-intrinsic/atomic/atomic-reduce-float.slang	cuda_sm_7_0	False	mvp		correct	4389					preflight	4081	helper function parameter	helper-abi-type-contract	post-specialization linked IRFunc signature -> _validateNVVMHelperTarget	direct NVVM lowering does not support Slang IR instruction or shape 'helper function parameter: RefParam<float, addressSpace=2147483647, access=0, operands=4>'	preflight	4031	helper function parameter	helper-abi-type-contract	post-specialization linked IRFunc signature -> _validateNVVMHelperTarget	direct NVVM lowering does not support Slang IR instruction or shape 'helper function parameter: RefParam<float, addressSpace=2147483647, access=0, operands=4>'	complete
hlsl-intrinsic/atomic/atomic-reduce-half-cuda.slang#cuda-1	hlsl-intrinsic/atomic/atomic-reduce-half-cuda.slang	cuda_sm_7_0	False	mvp		correct	4467					preflight	4018	helper function parameter	helper-abi-type-contract	post-specialization linked IRFunc signature -> _validateNVVMHelperTarget	direct NVVM lowering does not support Slang IR instruction or shape 'helper function parameter: RefParam<half, addressSpace=2147483647, access=0, operands=4>'	preflight	4351	helper function parameter	helper-abi-type-contract	post-specialization linked IRFunc signature -> _validateNVVMHelperTarget	direct NVVM lowering does not support Slang IR instruction or shape 'helper function parameter: RefParam<half, addressSpace=2147483647, access=0, operands=4>'	complete
hlsl-intrinsic/atomic/atomic-reduce-intrinsics.slang#cuda-1	hlsl-intrinsic/atomic/atomic-reduce-intrinsics.slang	cuda_sm_7_0	False	mvp		correct	4262					preflight	4201	helper function parameter	helper-abi-type-contract	post-specialization linked IRFunc signature -> _validateNVVMHelperTarget	direct NVVM lowering does not support Slang IR instruction or shape 'helper function parameter: RefParam<uint, addressSpace=2147483647, access=0, operands=4>'	preflight	4268	helper function parameter	helper-abi-type-contract	post-specialization linked IRFunc signature -> _validateNVVMHelperTarget	direct NVVM lowering does not support Slang IR instruction or shape 'helper function parameter: RefParam<uint, addressSpace=2147483647, access=0, operands=4>'	complete
hlsl-intrinsic/atomic/atomic-reduce-methods-float.slang#cuda-1	hlsl-intrinsic/atomic/atomic-reduce-methods-float.slang	cuda_sm_7_0	False	mvp		correct	4259					preflight	4039	helper function parameter	helper-abi-type-contract	post-specialization linked IRFunc signature -> _validateNVVMHelperTarget	direct NVVM lowering does not support Slang IR instruction or shape 'helper function parameter: RefParam<Atomic, addressSpace=2147483647, access=0, operands=4>'	preflight	4341	helper function parameter	helper-abi-type-contract	post-specialization linked IRFunc signature -> _validateNVVMHelperTarget	direct NVVM lowering does not support Slang IR instruction or shape 'helper function parameter: RefParam<Atomic, addressSpace=2147483647, access=0, operands=4>'	complete
hlsl-intrinsic/atomic/atomic-reduce-methods.slang#cuda-1	hlsl-intrinsic/atomic/atomic-reduce-methods.slang	cuda_sm_7_0	False	mvp		correct	4314					preflight	3961	helper function parameter	helper-abi-type-contract	post-specialization linked IRFunc signature -> _validateNVVMHelperTarget	direct NVVM lowering does not support Slang IR instruction or shape 'helper function parameter: RefParam<Atomic, addressSpace=2147483647, access=0, operands=4>'	preflight	4153	helper function parameter	helper-abi-type-contract	post-specialization linked IRFunc signature -> _validateNVVMHelperTarget	direct NVVM lowering does not support Slang IR instruction or shape 'helper function parameter: RefParam<Atomic, addressSpace=2147483647, access=0, operands=4>'	complete
hlsl-intrinsic/bit-cast-double.slang#cuda-1	hlsl-intrinsic/bit-cast-double.slang	cuda_sm_7_0	False	mvp		correct	4391					preflight	4203	GenericAsm	generic-asm-ordinary-intrinsic	StmtLoweringVisitor::visitIntrinsicAsmStmt -> IRGenericAsm; _validateNVVMFunction semantic resolution	direct NVVM lowering does not support Slang IR instruction or shape 'GenericAsm assembly=$P_asuint($0, $1, $2), signature=Void(double, OutParam<uint>, OutParam<uint>)'	preflight	4222	GenericAsm	generic-asm-ordinary-intrinsic	StmtLoweringVisitor::visitIntrinsicAsmStmt -> IRGenericAsm; _validateNVVMFunction semantic resolution	direct NVVM lowering does not support Slang IR instruction or shape 'GenericAsm assembly=$P_asuint($0, $1, $2), signature=Void(double, OutParam<uint>, OutParam<uint>)'	complete
hlsl-intrinsic/bit-cast.slang#cuda-1	hlsl-intrinsic/bit-cast.slang	cuda_sm_7_0	False	mvp		correct	4431					correct	4192					correct	4136					complete
hlsl-intrinsic/bit-cast/bit-cast-16-bit.slang#cuda-1	hlsl-intrinsic/bit-cast/bit-cast-16-bit.slang	cuda_sm_7_0	False	mvp		correct	4295					preflight	4081	GenericAsm	generic-asm-ordinary-intrinsic	StmtLoweringVisitor::visitIntrinsicAsmStmt -> IRGenericAsm; _validateNVVMFunction semantic resolution	direct NVVM lowering does not support Slang IR instruction or shape 'GenericAsm assembly=__short_as_half, signature=half(int16_t)'	preflight	4215	GenericAsm	generic-asm-ordinary-intrinsic	StmtLoweringVisitor::visitIntrinsicAsmStmt -> IRGenericAsm; _validateNVVMFunction semantic resolution	direct NVVM lowering does not support Slang IR instruction or shape 'GenericAsm assembly=__short_as_half, signature=half(int16_t)'	complete
hlsl-intrinsic/byte-address-buffer-atomics.slang#cuda-1	hlsl-intrinsic/byte-address-buffer-atomics.slang	cuda_sm_7_0	False	mvp		correct	4353					preflight	4084	selected atomic operation	atomic-wave-operation	atomic/wave legalization IR op -> _validateNVVMFunction	direct NVVM lowering does not support Slang IR instruction or shape 'selected atomic operation'	preflight	3852	selected atomic operation	atomic-wave-operation	atomic/wave legalization IR op -> _validateNVVMFunction	direct NVVM lowering does not support Slang IR instruction or shape 'selected atomic operation'	complete
hlsl-intrinsic/byte-address-buffer/byte-address-16bit-vector.slang#cuda-1	hlsl-intrinsic/byte-address-buffer/byte-address-16bit-vector.slang	cuda_sm_7_0	False	mvp		correct	4520					preflight	4140	core byte-address buffer access	raw-buffer-view-access	raw-buffer legalization IR op -> direct-NVVM raw-buffer resolver	direct NVVM lowering does not support Slang IR instruction or shape 'core byte-address buffer access'	preflight	3884	core byte-address buffer access	raw-buffer-view-access	raw-buffer legalization IR op -> direct-NVVM raw-buffer resolver	direct NVVM lowering does not support Slang IR instruction or shape 'core byte-address buffer access'	complete
hlsl-intrinsic/byte-address-buffer/byte-address-16bit.slang#cuda-1	hlsl-intrinsic/byte-address-buffer/byte-address-16bit.slang	cuda_sm_7_0	False	mvp		correct	4286					preflight	4175	core byte-address buffer access	raw-buffer-view-access	raw-buffer legalization IR op -> direct-NVVM raw-buffer resolver	direct NVVM lowering does not support Slang IR instruction or shape 'core byte-address buffer access'	preflight	4142	core byte-address buffer access	raw-buffer-view-access	raw-buffer legalization IR op -> direct-NVVM raw-buffer resolver	direct NVVM lowering does not support Slang IR instruction or shape 'core byte-address buffer access'	complete
hlsl-intrinsic/byte-address-buffer/byte-address-half-atomics.slang#cuda-1	hlsl-intrinsic/byte-address-buffer/byte-address-half-atomics.slang	cuda_sm_7_0	False	mvp		correct	4361					preflight	4221	equivalent structured-buffer view	raw-buffer-view-access	raw-buffer legalization IR op -> direct-NVVM raw-buffer resolver	direct NVVM lowering does not support Slang IR instruction or shape 'equivalent structured-buffer view'	preflight	4079	equivalent structured-buffer view	raw-buffer-view-access	raw-buffer legalization IR op -> direct-NVVM raw-buffer resolver	direct NVVM lowering does not support Slang IR instruction or shape 'equivalent structured-buffer view'	complete
hlsl-intrinsic/byte-address-buffer/byte-address-struct.slang#cuda-1	hlsl-intrinsic/byte-address-buffer/byte-address-struct.slang	cuda_sm_7_0	False	mvp		correct	4385					correct	4355					correct	4264					complete
hlsl-intrinsic/classify-double.slang#cuda-1	hlsl-intrinsic/classify-double.slang	cuda_sm_7_0	False	mvp		correct	4341					preflight	4219	GenericAsm	generic-asm-ordinary-intrinsic	StmtLoweringVisitor::visitIntrinsicAsmStmt -> IRGenericAsm; _validateNVVMFunction semantic resolution	direct NVVM lowering does not support Slang IR instruction or shape 'GenericAsm assembly=$P_asdouble($0, $1), signature=double(uint, uint)'	preflight	4100	GenericAsm	generic-asm-ordinary-intrinsic	StmtLoweringVisitor::visitIntrinsicAsmStmt -> IRGenericAsm; _validateNVVMFunction semantic resolution	direct NVVM lowering does not support Slang IR instruction or shape 'GenericAsm assembly=$P_asdouble($0, $1), signature=double(uint, uint)'	complete
hlsl-intrinsic/classify-float.slang#cuda-1	hlsl-intrinsic/classify-float.slang	cuda_sm_7_0	False	mvp		correct	4428					preflight	4338	GenericAsm	generic-asm-ordinary-intrinsic	StmtLoweringVisitor::visitIntrinsicAsmStmt -> IRGenericAsm; _validateNVVMFunction semantic resolution	direct NVVM lowering does not support Slang IR instruction or shape 'GenericAsm assembly=$P_isfinite($0), signature=bool(float)'	preflight	4243	GenericAsm	generic-asm-ordinary-intrinsic	StmtLoweringVisitor::visitIntrinsicAsmStmt -> IRGenericAsm; _validateNVVMFunction semantic resolution	direct NVVM lowering does not support Slang IR instruction or shape 'GenericAsm assembly=$P_isfinite($0), signature=bool(float)'	complete
hlsl-intrinsic/countbits.slang#cuda-1	hlsl-intrinsic/countbits.slang	cuda_sm_7_0	False	mvp		correct	4301					correct	4345					correct	4143					complete
hlsl-intrinsic/countbits16.slang#cuda-1	hlsl-intrinsic/countbits16.slang	cuda_sm_7_0	False	mvp		correct	4433					correct	4349					correct	4302					complete
hlsl-intrinsic/countbits64.slang#cuda-1	hlsl-intrinsic/countbits64.slang	cuda_sm_7_0	False	mvp		correct	4399					correct	4266					correct	4282					complete
hlsl-intrinsic/countbits8.slang#cuda-1	hlsl-intrinsic/countbits8.slang	cuda_sm_7_0	False	mvp		correct	4348					correct	4261					correct	4457					complete
hlsl-intrinsic/dot-accumulate.slang#cuda-1	hlsl-intrinsic/dot-accumulate.slang	cuda_sm_7_0	False	mvp		correct	4502					correct	4213					correct	4410					complete
hlsl-intrinsic/f16tof32.slang#cuda-1	hlsl-intrinsic/f16tof32.slang	cuda_sm_7_0	False	mvp		correct	4480					preflight	4068	GenericAsm	generic-asm-ordinary-intrinsic	StmtLoweringVisitor::visitIntrinsicAsmStmt -> IRGenericAsm; _validateNVVMFunction semantic resolution	direct NVVM lowering does not support Slang IR instruction or shape 'GenericAsm assembly=__half2float(__ushort_as_half($0)), signature=float(uint)'	preflight	4032	GenericAsm	generic-asm-ordinary-intrinsic	StmtLoweringVisitor::visitIntrinsicAsmStmt -> IRGenericAsm; _validateNVVMFunction semantic resolution	direct NVVM lowering does not support Slang IR instruction or shape 'GenericAsm assembly=__half2float(__ushort_as_half($0)), signature=float(uint)'	complete
hlsl-intrinsic/f32tof16.slang#cuda-1	hlsl-intrinsic/f32tof16.slang	cuda_sm_7_0	False	mvp		correct	4256					preflight	4123	GenericAsm	generic-asm-ordinary-intrinsic	StmtLoweringVisitor::visitIntrinsicAsmStmt -> IRGenericAsm; _validateNVVMFunction semantic resolution	direct NVVM lowering does not support Slang IR instruction or shape 'GenericAsm assembly=__half_as_ushort(__float2half($0)), signature=uint(float)'	preflight	3921	GenericAsm	generic-asm-ordinary-intrinsic	StmtLoweringVisitor::visitIntrinsicAsmStmt -> IRGenericAsm; _validateNVVMFunction semantic resolution	direct NVVM lowering does not support Slang IR instruction or shape 'GenericAsm assembly=__half_as_ushort(__float2half($0)), signature=uint(float)'	complete
hlsl-intrinsic/firstbithigh.slang#cuda-1	hlsl-intrinsic/firstbithigh.slang	cuda_sm_7_0	False	mvp		correct	4442					correct	4176					correct	4387					complete
hlsl-intrinsic/firstbithigh64.slang#cuda-1	hlsl-intrinsic/firstbithigh64.slang	cuda_sm_7_0	False	mvp		correct	4494					correct	4153					correct	4393					complete
hlsl-intrinsic/firstbitlow.slang#cuda-1	hlsl-intrinsic/firstbitlow.slang	cuda_sm_7_0	False	mvp		correct	4506					correct	4074					correct	4280					complete
hlsl-intrinsic/firstbitlow64.slang#cuda-1	hlsl-intrinsic/firstbitlow64.slang	cuda_sm_7_0	False	mvp		correct	4496					correct	4170					correct	4009					complete
hlsl-intrinsic/literal-int64.slang#cuda-1	hlsl-intrinsic/literal-int64.slang	cuda_sm_7_0	False	mvp		correct	4329					correct	4516					correct	4131					complete
hlsl-intrinsic/matrix-cast-to-vector.slang#cuda-1	hlsl-intrinsic/matrix-cast-to-vector.slang	cuda_sm_7_0	False	mvp		correct	4541					correct	4384					correct	4342					complete
hlsl-intrinsic/matrix-double-reduced-intrinsic.slang#cuda-1	hlsl-intrinsic/matrix-double-reduced-intrinsic.slang	cuda_sm_7_0	False	mvp		correct	4773					preflight	4414	add	preflight-other	canonical linked IR -> _validateNVVMFunction	direct NVVM lowering does not support Slang IR instruction or shape 'add'	preflight	4338	add	preflight-other	canonical linked IR -> _validateNVVMFunction	direct NVVM lowering does not support Slang IR instruction or shape 'add'	complete
hlsl-intrinsic/matrix-double.slang#cuda-1	hlsl-intrinsic/matrix-double.slang	cuda_sm_7_0	False	mvp		correct	6014					preflight	4394	unmodified	preflight-other	canonical linked IR -> _validateNVVMFunction	direct NVVM lowering does not support Slang IR instruction or shape 'unmodified'	preflight	4239	unmodified	preflight-other	canonical linked IR -> _validateNVVMFunction	direct NVVM lowering does not support Slang IR instruction or shape 'unmodified'	complete
hlsl-intrinsic/matrix-float.slang#cuda-1	hlsl-intrinsic/matrix-float.slang	cuda_sm_7_0	False	mvp		correct	5534					runtime-mismatch	4668		runtime-other	compiled PTX executed by the CUDA compare-compute harness	slang-test expected/actual runtime result mismatch	runtime-mismatch	4934		runtime-other	compiled PTX executed by the CUDA compare-compute harness	slang-test expected/actual runtime result mismatch	complete
hlsl-intrinsic/matrix-int-runtime-index.slang#cuda-1	hlsl-intrinsic/matrix-int-runtime-index.slang	cuda_sm_7_0	False	mvp		correct	4389					correct	4398					correct	4363					complete
hlsl-intrinsic/matrix-int.slang#cuda-1	hlsl-intrinsic/matrix-int.slang	cuda_sm_7_0	False	mvp		correct	4555					correct	4413					correct	4413					complete
hlsl-intrinsic/min-max-iarithmetic.slang#cuda-1	hlsl-intrinsic/min-max-iarithmetic.slang	cuda_sm_7_0	False	mvp		correct	4277					correct	4288					correct	4146					complete
hlsl-intrinsic/packed/pack-unpack-float.slang#cuda-1	hlsl-intrinsic/packed/pack-unpack-float.slang	cuda_sm_7_0	False	mvp		correct	4488					preflight	4592	GenericAsm	generic-asm-ordinary-intrinsic	StmtLoweringVisitor::visitIntrinsicAsmStmt -> IRGenericAsm; _validateNVVMFunction semantic resolution	direct NVVM lowering does not support Slang IR instruction or shape 'GenericAsm assembly=__half_as_ushort(__float2half($0)), signature=uint(float)'	preflight	4154	GenericAsm	generic-asm-ordinary-intrinsic	StmtLoweringVisitor::visitIntrinsicAsmStmt -> IRGenericAsm; _validateNVVMFunction semantic resolution	direct NVVM lowering does not support Slang IR instruction or shape 'GenericAsm assembly=__half_as_ushort(__float2half($0)), signature=uint(float)'	complete
hlsl-intrinsic/packed/pack-unpack.slang#cuda-1	hlsl-intrinsic/packed/pack-unpack.slang	cuda_sm_7_0	False	mvp		correct	4261					correct	4435					correct	4343					complete
hlsl-intrinsic/packed/pack-unpack.slang#cuda-2	hlsl-intrinsic/packed/pack-unpack.slang	cuda_sm_7_0	False	mvp		correct	4430					correct	4534					correct	4599					complete
hlsl-intrinsic/packed/unpack-float.slang#cuda-1	hlsl-intrinsic/packed/unpack-float.slang	cuda_sm_7_0	False	mvp		correct	4561					preflight	4318	GenericAsm	generic-asm-ordinary-intrinsic	StmtLoweringVisitor::visitIntrinsicAsmStmt -> IRGenericAsm; _validateNVVMFunction semantic resolution	direct NVVM lowering does not support Slang IR instruction or shape 'GenericAsm assembly=__half2float(__ushort_as_half($0)), signature=float(uint)'	preflight	4320	GenericAsm	generic-asm-ordinary-intrinsic	StmtLoweringVisitor::visitIntrinsicAsmStmt -> IRGenericAsm; _validateNVVMFunction semantic resolution	direct NVVM lowering does not support Slang IR instruction or shape 'GenericAsm assembly=__half2float(__ushort_as_half($0)), signature=float(uint)'	complete
hlsl-intrinsic/quad-control/quad-control-comp-functionality.slang#cuda-1	hlsl-intrinsic/quad-control/quad-control-comp-functionality.slang	cuda_sm_7_0	False	extension	advanced wave/quad operation outside the initial MVP	correct	4328					preflight	4068	RequireMaximallyReconverges	residual-target-marker-or-undefined-value	named upstream IR producer -> _validateNVVMFunction default rejection	direct NVVM lowering does not support Slang IR instruction or shape 'RequireMaximallyReconverges'	preflight	4130	RequireMaximallyReconverges	residual-target-marker-or-undefined-value	named upstream IR producer -> _validateNVVMFunction default rejection	direct NVVM lowering does not support Slang IR instruction or shape 'RequireMaximallyReconverges'	complete
hlsl-intrinsic/reversebits.slang#cuda-1	hlsl-intrinsic/reversebits.slang	cuda_sm_7_0	False	mvp		correct	4380					correct	4243					correct	4415					complete
hlsl-intrinsic/reversebits64.slang#cuda-1	hlsl-intrinsic/reversebits64.slang	cuda_sm_7_0	False	mvp		correct	4484					correct	4176					correct	4518					complete
hlsl-intrinsic/scalar-bf16.slang#cuda-1	hlsl-intrinsic/scalar-bf16.slang	cuda_sm_7_0	False	mvp		correct	4534					preflight	4067	helper function result type	helper-abi-type-contract	post-specialization linked IRFunc signature -> _validateNVVMHelperTarget	direct NVVM lowering does not support Slang IR instruction or shape 'helper function result type: BFloat16'	preflight	4278	helper function result type	helper-abi-type-contract	post-specialization linked IRFunc signature -> _validateNVVMHelperTarget	direct NVVM lowering does not support Slang IR instruction or shape 'helper function result type: BFloat16'	complete
hlsl-intrinsic/scalar-double-abs.slang#cuda-1	hlsl-intrinsic/scalar-double-abs.slang	cuda_sm_7_0	False	mvp		correct	4352					correct	4061					correct	4199					complete
hlsl-intrinsic/scalar-double-acos.slang#cuda-1	hlsl-intrinsic/scalar-double-acos.slang	cuda_sm_7_0	False	mvp		correct	4226					correct	4160					correct	4272					complete
hlsl-intrinsic/scalar-double-asdouble.slang#cuda-1	hlsl-intrinsic/scalar-double-asdouble.slang	cuda_sm_7_0	False	mvp		correct	4586					preflight	4123	GenericAsm	generic-asm-ordinary-intrinsic	StmtLoweringVisitor::visitIntrinsicAsmStmt -> IRGenericAsm; _validateNVVMFunction semantic resolution	direct NVVM lowering does not support Slang IR instruction or shape 'GenericAsm assembly=$P_asdouble($0, $1), signature=double(uint, uint)'	preflight	4548	GenericAsm	generic-asm-ordinary-intrinsic	StmtLoweringVisitor::visitIntrinsicAsmStmt -> IRGenericAsm; _validateNVVMFunction semantic resolution	direct NVVM lowering does not support Slang IR instruction or shape 'GenericAsm assembly=$P_asdouble($0, $1), signature=double(uint, uint)'	complete
hlsl-intrinsic/scalar-double-asin.slang#cuda-1	hlsl-intrinsic/scalar-double-asin.slang	cuda_sm_7_0	False	mvp		correct	4560					correct	4231					correct	4522					complete
hlsl-intrinsic/scalar-double-asuint.slang#cuda-1	hlsl-intrinsic/scalar-double-asuint.slang	cuda_sm_7_0	False	mvp		correct	4478					preflight	3885	GenericAsm	generic-asm-ordinary-intrinsic	StmtLoweringVisitor::visitIntrinsicAsmStmt -> IRGenericAsm; _validateNVVMFunction semantic resolution	direct NVVM lowering does not support Slang IR instruction or shape 'GenericAsm assembly=$P_asuint($0, $1, $2), signature=Void(double, OutParam<uint>, OutParam<uint>)'	preflight	4029	GenericAsm	generic-asm-ordinary-intrinsic	StmtLoweringVisitor::visitIntrinsicAsmStmt -> IRGenericAsm; _validateNVVMFunction semantic resolution	direct NVVM lowering does not support Slang IR instruction or shape 'GenericAsm assembly=$P_asuint($0, $1, $2), signature=Void(double, OutParam<uint>, OutParam<uint>)'	complete
hlsl-intrinsic/scalar-double-atan.slang#cuda-1	hlsl-intrinsic/scalar-double-atan.slang	cuda_sm_7_0	False	mvp		correct	4528					correct	4442					correct	4347					complete
hlsl-intrinsic/scalar-double-atan2.slang#cuda-1	hlsl-intrinsic/scalar-double-atan2.slang	cuda_sm_7_0	False	mvp		correct	4582					correct	4358					correct	4496					complete
hlsl-intrinsic/scalar-double-ceil.slang#cuda-1	hlsl-intrinsic/scalar-double-ceil.slang	cuda_sm_7_0	False	mvp		correct	4480					correct	4385					correct	4406					complete
hlsl-intrinsic/scalar-double-clamp.slang#cuda-1	hlsl-intrinsic/scalar-double-clamp.slang	cuda_sm_7_0	False	mvp		correct	4488					correct	3958					correct	4335					complete
hlsl-intrinsic/scalar-double-cos.slang#cuda-1	hlsl-intrinsic/scalar-double-cos.slang	cuda_sm_7_0	False	mvp		correct	4394					correct	4153					correct	4072					complete
hlsl-intrinsic/scalar-double-d3d-intrinsic.slang#cuda-1	hlsl-intrinsic/scalar-double-d3d-intrinsic.slang	cuda_sm_7_0	False	mvp		correct	4585					preflight	4326	GenericAsm	generic-asm-ordinary-intrinsic	StmtLoweringVisitor::visitIntrinsicAsmStmt -> IRGenericAsm; _validateNVVMFunction semantic resolution	direct NVVM lowering does not support Slang IR instruction or shape 'GenericAsm assembly=$P_asuint($0, $1, $2), signature=Void(double, OutParam<uint>, OutParam<uint>)'	preflight	4246	GenericAsm	generic-asm-ordinary-intrinsic	StmtLoweringVisitor::visitIntrinsicAsmStmt -> IRGenericAsm; _validateNVVMFunction semantic resolution	direct NVVM lowering does not support Slang IR instruction or shape 'GenericAsm assembly=$P_asuint($0, $1, $2), signature=Void(double, OutParam<uint>, OutParam<uint>)'	complete
hlsl-intrinsic/scalar-double-exp.slang#cuda-1	hlsl-intrinsic/scalar-double-exp.slang	cuda_sm_7_0	False	mvp		correct	4395					correct	4402					correct	4465					complete
hlsl-intrinsic/scalar-double-exp2.slang#cuda-1	hlsl-intrinsic/scalar-double-exp2.slang	cuda_sm_7_0	False	mvp		correct	4439					correct	4137					correct	4197					complete
hlsl-intrinsic/scalar-double-floor.slang#cuda-1	hlsl-intrinsic/scalar-double-floor.slang	cuda_sm_7_0	False	mvp		correct	4392					correct	4241					correct	4157					complete
hlsl-intrinsic/scalar-double-frac.slang#cuda-1	hlsl-intrinsic/scalar-double-frac.slang	cuda_sm_7_0	False	mvp		correct	4501					correct	4394					correct	4649					complete
hlsl-intrinsic/scalar-double-ldexp.slang#cuda-1	hlsl-intrinsic/scalar-double-ldexp.slang	cuda_sm_7_0	False	mvp		correct	4423					correct	4346					correct	4698					complete
hlsl-intrinsic/scalar-double-lerp.slang#cuda-1	hlsl-intrinsic/scalar-double-lerp.slang	cuda_sm_7_0	False	mvp		correct	4449					correct	4194					correct	4537					complete
hlsl-intrinsic/scalar-double-log.slang#cuda-1	hlsl-intrinsic/scalar-double-log.slang	cuda_sm_7_0	False	mvp		correct	4382					correct	4049					correct	4201					complete
hlsl-intrinsic/scalar-double-log10.slang#cuda-1	hlsl-intrinsic/scalar-double-log10.slang	cuda_sm_7_0	False	mvp		correct	4459					correct	4354					correct	4327					complete
hlsl-intrinsic/scalar-double-log2.slang#cuda-1	hlsl-intrinsic/scalar-double-log2.slang	cuda_sm_7_0	False	mvp		correct	4339					correct	4511					correct	4633					complete
hlsl-intrinsic/scalar-double-max.slang#cuda-1	hlsl-intrinsic/scalar-double-max.slang	cuda_sm_7_0	False	mvp		correct	4429					correct	4391					correct	4478					complete
hlsl-intrinsic/scalar-double-min.slang#cuda-1	hlsl-intrinsic/scalar-double-min.slang	cuda_sm_7_0	False	mvp		correct	4397					correct	4058					correct	4203					complete
hlsl-intrinsic/scalar-double-pow.slang#cuda-1	hlsl-intrinsic/scalar-double-pow.slang	cuda_sm_7_0	False	mvp		correct	4495					correct	4805					correct	4530					complete
hlsl-intrinsic/scalar-double-rcp.slang#cuda-1	hlsl-intrinsic/scalar-double-rcp.slang	cuda_sm_7_0	False	mvp		correct	4749					correct	4757					correct	4768					complete
hlsl-intrinsic/scalar-double-rsqrt.slang#cuda-1	hlsl-intrinsic/scalar-double-rsqrt.slang	cuda_sm_7_0	False	mvp		correct	4552					correct	4563					correct	4570					complete
hlsl-intrinsic/scalar-double-saturate.slang#cuda-1	hlsl-intrinsic/scalar-double-saturate.slang	cuda_sm_7_0	False	mvp		correct	4388					correct	4404					correct	4559					complete
hlsl-intrinsic/scalar-double-sign.slang#cuda-1	hlsl-intrinsic/scalar-double-sign.slang	cuda_sm_7_0	False	mvp		correct	4361					correct	4171					correct	4047					complete
hlsl-intrinsic/scalar-double-simple.slang#cuda-1	hlsl-intrinsic/scalar-double-simple.slang	cuda_sm_7_0	False	mvp		correct	4280					preflight	4665	GenericAsm	generic-asm-ordinary-intrinsic	StmtLoweringVisitor::visitIntrinsicAsmStmt -> IRGenericAsm; _validateNVVMFunction semantic resolution	direct NVVM lowering does not support Slang IR instruction or shape 'GenericAsm assembly=$P_asuint($0, $1, $2), signature=Void(double, OutParam<uint>, OutParam<uint>)'	preflight	4288	GenericAsm	generic-asm-ordinary-intrinsic	StmtLoweringVisitor::visitIntrinsicAsmStmt -> IRGenericAsm; _validateNVVMFunction semantic resolution	direct NVVM lowering does not support Slang IR instruction or shape 'GenericAsm assembly=$P_asuint($0, $1, $2), signature=Void(double, OutParam<uint>, OutParam<uint>)'	complete
hlsl-intrinsic/scalar-double-sin.slang#cuda-1	hlsl-intrinsic/scalar-double-sin.slang	cuda_sm_7_0	False	mvp		correct	4304					correct	4838					correct	4427					complete
hlsl-intrinsic/scalar-double-sincos.slang#cuda-1	hlsl-intrinsic/scalar-double-sincos.slang	cuda_sm_7_0	False	mvp		correct	4331					preflight	4338	GenericAsm	generic-asm-ordinary-intrinsic	StmtLoweringVisitor::visitIntrinsicAsmStmt -> IRGenericAsm; _validateNVVMFunction semantic resolution	direct NVVM lowering does not support Slang IR instruction or shape 'GenericAsm assembly=$P_sincos($0, $1, $2), signature=Void(double, OutParam<double>, OutParam<double>)'	preflight	4076	GenericAsm	generic-asm-ordinary-intrinsic	StmtLoweringVisitor::visitIntrinsicAsmStmt -> IRGenericAsm; _validateNVVMFunction semantic resolution	direct NVVM lowering does not support Slang IR instruction or shape 'GenericAsm assembly=$P_sincos($0, $1, $2), signature=Void(double, OutParam<double>, OutParam<double>)'	complete
hlsl-intrinsic/scalar-double-smoothstep.slang#cuda-1	hlsl-intrinsic/scalar-double-smoothstep.slang	cuda_sm_7_0	False	mvp		correct	4296					correct	4766					correct	4302					complete
hlsl-intrinsic/scalar-double-sqrt.slang#cuda-1	hlsl-intrinsic/scalar-double-sqrt.slang	cuda_sm_7_0	False	mvp		correct	4463					correct	4689					correct	4381					complete
hlsl-intrinsic/scalar-double-step.slang#cuda-1	hlsl-intrinsic/scalar-double-step.slang	cuda_sm_7_0	False	mvp		correct	4519					correct	4840					correct	4476					complete
hlsl-intrinsic/scalar-double-tan.slang#cuda-1	hlsl-intrinsic/scalar-double-tan.slang	cuda_sm_7_0	False	mvp		correct	4523					correct	4768					correct	4478					complete
hlsl-intrinsic/scalar-double-trunc.slang#cuda-1	hlsl-intrinsic/scalar-double-trunc.slang	cuda_sm_7_0	False	mvp		correct	4316					correct	4444					correct	4170					complete
hlsl-intrinsic/scalar-double-vk-intrinsic.slang#cuda-1	hlsl-intrinsic/scalar-double-vk-intrinsic.slang	cuda_sm_7_0	False	mvp		correct	4444					preflight	4229	GenericAsm	generic-asm-ordinary-intrinsic	StmtLoweringVisitor::visitIntrinsicAsmStmt -> IRGenericAsm; _validateNVVMFunction semantic resolution	direct NVVM lowering does not support Slang IR instruction or shape 'GenericAsm assembly=$P_asuint($0, $1, $2), signature=Void(double, OutParam<uint>, OutParam<uint>)'	preflight	4333	GenericAsm	generic-asm-ordinary-intrinsic	StmtLoweringVisitor::visitIntrinsicAsmStmt -> IRGenericAsm; _validateNVVMFunction semantic resolution	direct NVVM lowering does not support Slang IR instruction or shape 'GenericAsm assembly=$P_asuint($0, $1, $2), signature=Void(double, OutParam<uint>, OutParam<uint>)'	complete
hlsl-intrinsic/scalar-double.slang#cuda-1	hlsl-intrinsic/scalar-double.slang	cuda_sm_7_0	False	mvp		correct	4871					preflight	4526	GenericAsm	generic-asm-ordinary-intrinsic	StmtLoweringVisitor::visitIntrinsicAsmStmt -> IRGenericAsm; _validateNVVMFunction semantic resolution	direct NVVM lowering does not support Slang IR instruction or shape 'GenericAsm assembly=$P_sincos($0, $1, $2), signature=Void(double, OutParam<double>, OutParam<double>)'	preflight	4528	GenericAsm	generic-asm-ordinary-intrinsic	StmtLoweringVisitor::visitIntrinsicAsmStmt -> IRGenericAsm; _validateNVVMFunction semantic resolution	direct NVVM lowering does not support Slang IR instruction or shape 'GenericAsm assembly=$P_sincos($0, $1, $2), signature=Void(double, OutParam<double>, OutParam<double>)'	complete
hlsl-intrinsic/scalar-float.slang#cuda-1	hlsl-intrinsic/scalar-float.slang	cuda_sm_7_0	False	mvp		correct	4545					preflight	4512	GenericAsm	generic-asm-ordinary-intrinsic	StmtLoweringVisitor::visitIntrinsicAsmStmt -> IRGenericAsm; _validateNVVMFunction semantic resolution	direct NVVM lowering does not support Slang IR instruction or shape 'GenericAsm assembly=$P_sincos($0, $1, $2), signature=Void(float, OutParam<float>, OutParam<float>)'	preflight	4413	GenericAsm	generic-asm-ordinary-intrinsic	StmtLoweringVisitor::visitIntrinsicAsmStmt -> IRGenericAsm; _validateNVVMFunction semantic resolution	direct NVVM lowering does not support Slang IR instruction or shape 'GenericAsm assembly=$P_sincos($0, $1, $2), signature=Void(float, OutParam<float>, OutParam<float>)'	complete
hlsl-intrinsic/scalar-half.slang#cuda-1	hlsl-intrinsic/scalar-half.slang	cuda_sm_7_0	False	mvp		correct	4661					preflight	4313	GenericAsm	generic-asm-ordinary-intrinsic	StmtLoweringVisitor::visitIntrinsicAsmStmt -> IRGenericAsm; _validateNVVMFunction semantic resolution	direct NVVM lowering does not support Slang IR instruction or shape 'GenericAsm assembly=$P_isnan($0), signature=bool(half)'	preflight	4164	GenericAsm	generic-asm-ordinary-intrinsic	StmtLoweringVisitor::visitIntrinsicAsmStmt -> IRGenericAsm; _validateNVVMFunction semantic resolution	direct NVVM lowering does not support Slang IR instruction or shape 'GenericAsm assembly=$P_isnan($0), signature=bool(half)'	complete
hlsl-intrinsic/scalar-int.slang#cuda-1	hlsl-intrinsic/scalar-int.slang	cuda_sm_7_0	False	mvp		correct	4585					correct	4388					correct	4328					complete
hlsl-intrinsic/scalar-int64.slang#cuda-1	hlsl-intrinsic/scalar-int64.slang	cuda_sm_7_0	False	mvp		correct	4529					preflight	4314	shr	ordinary-numeric-bit-operation	typed expression/intrinsic IR op -> _resolveNVVMValueOperation	direct NVVM lowering does not support Slang IR instruction or shape 'shr'	preflight	4387	shr	ordinary-numeric-bit-operation	typed expression/intrinsic IR op -> _resolveNVVMValueOperation	direct NVVM lowering does not support Slang IR instruction or shape 'shr'	complete
hlsl-intrinsic/scalar-swizzling.slang#cuda-1	hlsl-intrinsic/scalar-swizzling.slang	cuda_sm_7_0	False	mvp		correct	4536					correct	4781					correct	4571					complete
hlsl-intrinsic/scalar-uint.slang#cuda-1	hlsl-intrinsic/scalar-uint.slang	cuda_sm_7_0	False	mvp		correct	4288					correct	4444					correct	4449					complete
hlsl-intrinsic/scalar-uint64.slang#cuda-1	hlsl-intrinsic/scalar-uint64.slang	cuda_sm_7_0	False	mvp		correct	4299					preflight	3894	shr	ordinary-numeric-bit-operation	typed expression/intrinsic IR op -> _resolveNVVMValueOperation	direct NVVM lowering does not support Slang IR instruction or shape 'shr'	preflight	4148	shr	ordinary-numeric-bit-operation	typed expression/intrinsic IR op -> _resolveNVVMValueOperation	direct NVVM lowering does not support Slang IR instruction or shape 'shr'	complete
hlsl-intrinsic/size-of/align-of-2.slang#cuda-1	hlsl-intrinsic/size-of/align-of-2.slang	cuda_sm_7_0	False	mvp		correct	4295					correct	4292					correct	4665					complete
hlsl-intrinsic/size-of/align-of-3.slang#cuda-1	hlsl-intrinsic/size-of/align-of-3.slang	cuda_sm_7_0	False	mvp		correct	4398					correct	4251					correct	4702					complete
hlsl-intrinsic/size-of/align-of-generic.slang#cuda-1	hlsl-intrinsic/size-of/align-of-generic.slang	cuda_sm_7_0	False	mvp		correct	4291					correct	4012					correct	4258					complete
hlsl-intrinsic/size-of/align-of.slang#cuda-1	hlsl-intrinsic/size-of/align-of.slang	cuda_sm_7_0	False	mvp		correct	4321					correct	4071					correct	4194					complete
hlsl-intrinsic/size-of/size-of-2.slang#cuda-1	hlsl-intrinsic/size-of/size-of-2.slang	cuda_sm_7_0	False	mvp		correct	4476					correct	4204					correct	4415					complete
hlsl-intrinsic/size-of/size-of-3.slang#cuda-1	hlsl-intrinsic/size-of/size-of-3.slang	cuda_sm_7_0	False	mvp		correct	4441					correct	4229					correct	4676					complete
hlsl-intrinsic/size-of/size-of-compile-time.slang#cuda-1	hlsl-intrinsic/size-of/size-of-compile-time.slang	cuda_sm_7_0	False	mvp		correct	4317					correct	4243					correct	4630					complete
hlsl-intrinsic/size-of/size-of-generic.slang#cuda-1	hlsl-intrinsic/size-of/size-of-generic.slang	cuda_sm_7_0	False	mvp		correct	4297					correct	4054					correct	4318					complete
hlsl-intrinsic/size-of/size-of-tuple.slang#cuda-1	hlsl-intrinsic/size-of/size-of-tuple.slang	cuda_sm_7_0	False	mvp		correct	4299					preflight	4222	function name	function-identity	post-specialization linked IRFunc -> _collectNVVMFunctionNames	direct NVVM lowering does not support Slang IR instruction or shape 'function name'	preflight	4410	function name	function-identity	post-specialization linked IRFunc -> _collectNVVMFunctionNames	direct NVVM lowering does not support Slang IR instruction or shape 'function name'	complete
hlsl-intrinsic/size-of/size-of.slang#cuda-1	hlsl-intrinsic/size-of/size-of.slang	cuda_sm_7_0	False	mvp		correct	4335					correct	4201					correct	4576					complete
hlsl-intrinsic/substandard-fp-folding.slang#cuda-1	hlsl-intrinsic/substandard-fp-folding.slang	cuda_sm_7_0	False	mvp		correct	4262					preflight	3911	helper function parameter	helper-abi-type-contract	post-specialization linked IRFunc signature -> _validateNVVMHelperTarget	direct NVVM lowering does not support Slang IR instruction or shape 'helper function parameter: FloatE4M3'	preflight	4282	helper function parameter	helper-abi-type-contract	post-specialization linked IRFunc signature -> _validateNVVMHelperTarget	direct NVVM lowering does not support Slang IR instruction or shape 'helper function parameter: FloatE4M3'	complete
hlsl-intrinsic/texture-2d-gather.slang#cuda-1	hlsl-intrinsic/texture-2d-gather.slang	cuda_sm_7_0	False	mvp		correct	4280					preflight	4061	GenericAsm	generic-asm-texture	StmtLoweringVisitor::visitIntrinsicAsmStmt -> IRGenericAsm; _validateNVVMFunction semantic resolution	direct NVVM lowering does not support Slang IR instruction or shape 'GenericAsm assembly=tex2Dgather<$TR>($0, ($2).x, ($2).y, 0), signature=vector<float,4>(Texture2D, SamplerState, vector<float,2>)'	preflight	4059	GenericAsm	generic-asm-texture	StmtLoweringVisitor::visitIntrinsicAsmStmt -> IRGenericAsm; _validateNVVMFunction semantic resolution	direct NVVM lowering does not support Slang IR instruction or shape 'GenericAsm assembly=tex2Dgather<$TR>($0, ($2).x, ($2).y, 0), signature=vector<float,4>(Texture2D, SamplerState, vector<float,2>)'	complete
hlsl-intrinsic/vector-dot-int.slang#cuda-1	hlsl-intrinsic/vector-dot-int.slang	cuda_sm_7_0	False	mvp		correct	4367					correct	4231					correct	4082					complete
hlsl-intrinsic/vector-double-reduced-intrinsic.slang#cuda-1	hlsl-intrinsic/vector-double-reduced-intrinsic.slang	cuda_sm_7_0	False	mvp		correct	4531					preflight	4275	add	preflight-other	canonical linked IR -> _validateNVVMFunction	direct NVVM lowering does not support Slang IR instruction or shape 'add'	preflight	4346	add	preflight-other	canonical linked IR -> _validateNVVMFunction	direct NVVM lowering does not support Slang IR instruction or shape 'add'	complete
hlsl-intrinsic/vector-float.slang#cuda-1	hlsl-intrinsic/vector-float.slang	cuda_sm_7_0	False	mvp		correct	4863					correct	4602					correct	4698					complete
hlsl-intrinsic/vector-int-runtime-index.slang#cuda-1	hlsl-intrinsic/vector-int-runtime-index.slang	cuda_sm_7_0	False	mvp		correct	4344					correct	4293					correct	4384					complete
hlsl-intrinsic/vector-int.slang#cuda-1	hlsl-intrinsic/vector-int.slang	cuda_sm_7_0	False	mvp		correct	4371					correct	4193					correct	4142					complete
hlsl-intrinsic/wave-active-count-bits.slang#cuda-1	hlsl-intrinsic/wave-active-count-bits.slang	cuda_sm_7_0	False	mvp		correct	4302					preflight	4083	intCast	ordinary-numeric-bit-operation	typed expression/intrinsic IR op -> _resolveNVVMValueOperation	direct NVVM lowering does not support Slang IR instruction or shape 'intCast'	preflight	4137	intCast	ordinary-numeric-bit-operation	typed expression/intrinsic IR op -> _resolveNVVMValueOperation	direct NVVM lowering does not support Slang IR instruction or shape 'intCast'	complete
hlsl-intrinsic/wave-active-count-bits.slang#cuda-2	hlsl-intrinsic/wave-active-count-bits.slang	cuda_sm_7_0	False	mvp		correct	4236					preflight	3961	intCast	ordinary-numeric-bit-operation	typed expression/intrinsic IR op -> _resolveNVVMValueOperation	direct NVVM lowering does not support Slang IR instruction or shape 'intCast'	preflight	4249	intCast	ordinary-numeric-bit-operation	typed expression/intrinsic IR op -> _resolveNVVMValueOperation	direct NVVM lowering does not support Slang IR instruction or shape 'intCast'	complete
hlsl-intrinsic/wave-active-product.slang#cuda-1	hlsl-intrinsic/wave-active-product.slang	cuda_sm_7_0	False	mvp		correct	4432					preflight	3985	GenericAsm	generic-asm-wave-reconvergence	StmtLoweringVisitor::visitIntrinsicAsmStmt -> IRGenericAsm; _validateNVVMFunction semantic resolution	direct NVVM lowering does not support Slang IR instruction or shape 'GenericAsm assembly=_waveProduct($1.x, $0), signature=int(int, vector<uint,4>)'	preflight	4228	GenericAsm	generic-asm-wave-reconvergence	StmtLoweringVisitor::visitIntrinsicAsmStmt -> IRGenericAsm; _validateNVVMFunction semantic resolution	direct NVVM lowering does not support Slang IR instruction or shape 'GenericAsm assembly=_waveProduct($1.x, $0), signature=int(int, vector<uint,4>)'	complete
hlsl-intrinsic/wave-broadcast-lane-at-vk.slang#cuda-1	hlsl-intrinsic/wave-broadcast-lane-at-vk.slang	cuda_sm_7_0	False	mvp		correct	4306					correct	4109					correct	4022					complete
hlsl-intrinsic/wave-builtins-interface-specialization.slang#cuda-1	hlsl-intrinsic/wave-builtins-interface-specialization.slang	cuda_sm_7_0	False	mvp		correct	4364					correct	4257					correct	4379					complete
hlsl-intrinsic/wave-diverge.slang#cuda-1	hlsl-intrinsic/wave-diverge.slang	cuda_sm_7_0	False	mvp		correct	4433					preflight	4157	GenericAsm	generic-asm-wave-reconvergence	StmtLoweringVisitor::visitIntrinsicAsmStmt -> IRGenericAsm; _validateNVVMFunction semantic resolution	direct NVVM lowering does not support Slang IR instruction or shape 'GenericAsm assembly=_waveMin($1.x, $0), signature=int(int, vector<uint,4>)'	preflight	4342	GenericAsm	generic-asm-wave-reconvergence	StmtLoweringVisitor::visitIntrinsicAsmStmt -> IRGenericAsm; _validateNVVMFunction semantic resolution	direct NVVM lowering does not support Slang IR instruction or shape 'GenericAsm assembly=_waveMin($1.x, $0), signature=int(int, vector<uint,4>)'	complete
hlsl-intrinsic/wave-equality.slang#cuda-1	hlsl-intrinsic/wave-equality.slang	cuda_sm_7_0	False	mvp		correct	4240					correct	4238					correct	4359					complete
hlsl-intrinsic/wave-get-lane-index.slang#cuda-1	hlsl-intrinsic/wave-get-lane-index.slang	cuda_sm_7_0	False	mvp		correct	4329					correct	4201					correct	4081					complete
hlsl-intrinsic/wave-get-lane-mask.slang#cuda-1	hlsl-intrinsic/wave-get-lane-mask.slang	cuda_sm_7_0	False	mvp		correct	4308					correct	4305					correct	4247					complete
hlsl-intrinsic/wave-get-num-waves.slang#cuda-1	hlsl-intrinsic/wave-get-num-waves.slang	cuda_sm_7_0	False	mvp		correct	4211					correct	4232					correct	4489					complete
hlsl-intrinsic/wave-get-wave-index.slang#cuda-1	hlsl-intrinsic/wave-get-wave-index.slang	cuda_sm_7_0	False	mvp		correct	4365					correct	4109					correct	4512					complete
hlsl-intrinsic/wave-is-first-lane.slang#cuda-1	hlsl-intrinsic/wave-is-first-lane.slang	cuda_sm_7_0	False	mvp		correct	4486					correct	4095					correct	4345					complete
hlsl-intrinsic/wave-mask/wave-active-product.slang#cuda-1	hlsl-intrinsic/wave-mask/wave-active-product.slang	cuda_sm_7_0	False	mvp		correct	4463					preflight	4205	GenericAsm	generic-asm-wave-reconvergence	StmtLoweringVisitor::visitIntrinsicAsmStmt -> IRGenericAsm; _validateNVVMFunction semantic resolution	direct NVVM lowering does not support Slang IR instruction or shape 'GenericAsm assembly=_waveProduct($1.x, $0), signature=int(int, vector<uint,4>)'	preflight	4204	GenericAsm	generic-asm-wave-reconvergence	StmtLoweringVisitor::visitIntrinsicAsmStmt -> IRGenericAsm; _validateNVVMFunction semantic resolution	direct NVVM lowering does not support Slang IR instruction or shape 'GenericAsm assembly=_waveProduct($1.x, $0), signature=int(int, vector<uint,4>)'	complete
hlsl-intrinsic/wave-mask/wave-broadcast-lane-at-vk.slang#cuda-1	hlsl-intrinsic/wave-mask/wave-broadcast-lane-at-vk.slang	cuda_sm_7_0	False	mvp		correct	4424					correct	4306					correct	4423					complete
hlsl-intrinsic/wave-mask/wave-broadcast-lane-at.slang#cuda-1	hlsl-intrinsic/wave-mask/wave-broadcast-lane-at.slang	cuda_sm_7_0	False	mvp		correct	4557					preflight	4221	GenericAsm	generic-asm-wave-reconvergence	StmtLoweringVisitor::visitIntrinsicAsmStmt -> IRGenericAsm; _validateNVVMFunction semantic resolution	direct NVVM lowering does not support Slang IR instruction or shape 'GenericAsm assembly=_waveShuffleMultiple($0, $1, $2), signature=Void(uint, array<vector<int,2>,2>, int, OutParam<array<vector<int,2>,2>>)'	preflight	4477	GenericAsm	generic-asm-wave-reconvergence	StmtLoweringVisitor::visitIntrinsicAsmStmt -> IRGenericAsm; _validateNVVMFunction semantic resolution	direct NVVM lowering does not support Slang IR instruction or shape 'GenericAsm assembly=_waveShuffleMultiple($0, $1, $2), signature=Void(uint, array<vector<int,2>,2>, int, OutParam<array<vector<int,2>,2>>)'	complete
hlsl-intrinsic/wave-mask/wave-diverge.slang#cuda-1	hlsl-intrinsic/wave-mask/wave-diverge.slang	cuda_sm_7_0	False	mvp		correct	4526					preflight	4066	GenericAsm	generic-asm-wave-reconvergence	StmtLoweringVisitor::visitIntrinsicAsmStmt -> IRGenericAsm; _validateNVVMFunction semantic resolution	direct NVVM lowering does not support Slang IR instruction or shape 'GenericAsm assembly=_waveMin($1.x, $0), signature=int(int, vector<uint,4>)'	preflight	4078	GenericAsm	generic-asm-wave-reconvergence	StmtLoweringVisitor::visitIntrinsicAsmStmt -> IRGenericAsm; _validateNVVMFunction semantic resolution	direct NVVM lowering does not support Slang IR instruction or shape 'GenericAsm assembly=_waveMin($1.x, $0), signature=int(int, vector<uint,4>)'	complete
hlsl-intrinsic/wave-mask/wave-equality.slang#cuda-1	hlsl-intrinsic/wave-mask/wave-equality.slang	cuda_sm_7_0	False	mvp		correct	4504					correct	4103					correct	4158					complete
hlsl-intrinsic/wave-mask/wave-get-active.slang#cuda-1	hlsl-intrinsic/wave-mask/wave-get-active.slang	cuda_sm_7_0	False	mvp		correct	4421					preflight	4225	GenericAsm	generic-asm-wave-reconvergence	StmtLoweringVisitor::visitIntrinsicAsmStmt -> IRGenericAsm; _validateNVVMFunction semantic resolution	direct NVVM lowering does not support Slang IR instruction or shape 'GenericAsm assembly=make_uint4(__activemask(), 0, 0, 0), signature=vector<uint,4>()'	preflight	4137	GenericAsm	generic-asm-wave-reconvergence	StmtLoweringVisitor::visitIntrinsicAsmStmt -> IRGenericAsm; _validateNVVMFunction semantic resolution	direct NVVM lowering does not support Slang IR instruction or shape 'GenericAsm assembly=make_uint4(__activemask(), 0, 0, 0), signature=vector<uint,4>()'	complete
hlsl-intrinsic/wave-mask/wave-get-converged.slang#cuda-1	hlsl-intrinsic/wave-mask/wave-get-converged.slang	cuda_sm_7_0	False	mvp		correct	4421					preflight	4269	GenericAsm	generic-asm-wave-reconvergence	StmtLoweringVisitor::visitIntrinsicAsmStmt -> IRGenericAsm; _validateNVVMFunction semantic resolution	direct NVVM lowering does not support Slang IR instruction or shape 'GenericAsm assembly=__activemask(), signature=uint()'	preflight	4124	GenericAsm	generic-asm-wave-reconvergence	StmtLoweringVisitor::visitIntrinsicAsmStmt -> IRGenericAsm; _validateNVVMFunction semantic resolution	direct NVVM lowering does not support Slang IR instruction or shape 'GenericAsm assembly=__activemask(), signature=uint()'	complete
hlsl-intrinsic/wave-mask/wave-is-first-lane.slang#cuda-1	hlsl-intrinsic/wave-mask/wave-is-first-lane.slang	cuda_sm_7_0	False	mvp		correct	4434					correct	4180					correct	4325					complete
hlsl-intrinsic/wave-mask/wave-mask-prefix-min-max.slang#cuda-1	hlsl-intrinsic/wave-mask/wave-mask-prefix-min-max.slang	cuda_sm_7_0	False	extension	advanced wave/quad operation outside the initial MVP	correct	4492					preflight	4162	GenericAsm	generic-asm-wave-reconvergence	StmtLoweringVisitor::visitIntrinsicAsmStmt -> IRGenericAsm; _validateNVVMFunction semantic resolution	direct NVVM lowering does not support Slang IR instruction or shape 'GenericAsm assembly=_wavePrefixExclusiveMin(($1).x, $0), signature=int(int, vector<uint,4>)'	preflight	4088	GenericAsm	generic-asm-wave-reconvergence	StmtLoweringVisitor::visitIntrinsicAsmStmt -> IRGenericAsm; _validateNVVMFunction semantic resolution	direct NVVM lowering does not support Slang IR instruction or shape 'GenericAsm assembly=_wavePrefixExclusiveMin(($1).x, $0), signature=int(int, vector<uint,4>)'	complete
hlsl-intrinsic/wave-mask/wave-mask-prefix.slang#cuda-1	hlsl-intrinsic/wave-mask/wave-mask-prefix.slang	cuda_sm_7_0	False	mvp		correct	4264					preflight	4311	GenericAsm	generic-asm-wave-reconvergence	StmtLoweringVisitor::visitIntrinsicAsmStmt -> IRGenericAsm; _validateNVVMFunction semantic resolution	direct NVVM lowering does not support Slang IR instruction or shape 'GenericAsm assembly=_wavePrefixSum($1.x, $0) , signature=int(int, vector<uint,4>)'	preflight	4105	GenericAsm	generic-asm-wave-reconvergence	StmtLoweringVisitor::visitIntrinsicAsmStmt -> IRGenericAsm; _validateNVVMFunction semantic resolution	direct NVVM lowering does not support Slang IR instruction or shape 'GenericAsm assembly=_wavePrefixSum($1.x, $0) , signature=int(int, vector<uint,4>)'	complete
hlsl-intrinsic/wave-mask/wave-matrix.slang#cuda-1	hlsl-intrinsic/wave-mask/wave-matrix.slang	cuda_sm_7_0	False	extension	advanced wave/quad operation outside the initial MVP	correct	4458					preflight	4501	GenericAsm	generic-asm-wave-reconvergence	StmtLoweringVisitor::visitIntrinsicAsmStmt -> IRGenericAsm; _validateNVVMFunction semantic resolution	direct NVVM lowering does not support Slang IR instruction or shape 'GenericAsm assembly=_waveSumMultiple($1.x, $0), signature=Void(array<vector<int,2>,2>, vector<uint,4>, OutParam<array<vector<int,2>,2>>)'	preflight	4267	GenericAsm	generic-asm-wave-reconvergence	StmtLoweringVisitor::visitIntrinsicAsmStmt -> IRGenericAsm; _validateNVVMFunction semantic resolution	direct NVVM lowering does not support Slang IR instruction or shape 'GenericAsm assembly=_waveSumMultiple($1.x, $0), signature=Void(array<vector<int,2>,2>, vector<uint,4>, OutParam<array<vector<int,2>,2>>)'	complete
hlsl-intrinsic/wave-mask/wave-prefix-product.slang#cuda-1	hlsl-intrinsic/wave-mask/wave-prefix-product.slang	cuda_sm_7_0	False	extension	advanced wave/quad operation outside the initial MVP	correct	4550					preflight	4289	GenericAsm	generic-asm-wave-reconvergence	StmtLoweringVisitor::visitIntrinsicAsmStmt -> IRGenericAsm; _validateNVVMFunction semantic resolution	direct NVVM lowering does not support Slang IR instruction or shape 'GenericAsm assembly=_wavePrefixProduct($1.x, $0) , signature=int(int, vector<uint,4>)'	preflight	3973	GenericAsm	generic-asm-wave-reconvergence	StmtLoweringVisitor::visitIntrinsicAsmStmt -> IRGenericAsm; _validateNVVMFunction semantic resolution	direct NVVM lowering does not support Slang IR instruction or shape 'GenericAsm assembly=_wavePrefixProduct($1.x, $0) , signature=int(int, vector<uint,4>)'	complete
hlsl-intrinsic/wave-mask/wave-prefix-sum.slang#cuda-1	hlsl-intrinsic/wave-mask/wave-prefix-sum.slang	cuda_sm_7_0	False	extension	advanced wave/quad operation outside the initial MVP	correct	4525					preflight	4193	GenericAsm	generic-asm-wave-reconvergence	StmtLoweringVisitor::visitIntrinsicAsmStmt -> IRGenericAsm; _validateNVVMFunction semantic resolution	direct NVVM lowering does not support Slang IR instruction or shape 'GenericAsm assembly=_wavePrefixSum($1.x, $0) , signature=int(int, vector<uint,4>)'	preflight	4061	GenericAsm	generic-asm-wave-reconvergence	StmtLoweringVisitor::visitIntrinsicAsmStmt -> IRGenericAsm; _validateNVVMFunction semantic resolution	direct NVVM lowering does not support Slang IR instruction or shape 'GenericAsm assembly=_wavePrefixSum($1.x, $0) , signature=int(int, vector<uint,4>)'	complete
hlsl-intrinsic/wave-mask/wave-read-lane-at-vk.slang#cuda-1	hlsl-intrinsic/wave-mask/wave-read-lane-at-vk.slang	cuda_sm_7_0	False	mvp		correct	4436					correct	4609					correct	4276					complete
hlsl-intrinsic/wave-mask/wave-read-lane-at.slang#cuda-1	hlsl-intrinsic/wave-mask/wave-read-lane-at.slang	cuda_sm_7_0	False	mvp		correct	4269					preflight	4330	GenericAsm	generic-asm-wave-reconvergence	StmtLoweringVisitor::visitIntrinsicAsmStmt -> IRGenericAsm; _validateNVVMFunction semantic resolution	direct NVVM lowering does not support Slang IR instruction or shape 'GenericAsm assembly=_waveShuffleMultiple($0, $1, $2), signature=Void(uint, array<vector<int,2>,2>, int, OutParam<array<vector<int,2>,2>>)'	preflight	4281	GenericAsm	generic-asm-wave-reconvergence	StmtLoweringVisitor::visitIntrinsicAsmStmt -> IRGenericAsm; _validateNVVMFunction semantic resolution	direct NVVM lowering does not support Slang IR instruction or shape 'GenericAsm assembly=_waveShuffleMultiple($0, $1, $2), signature=Void(uint, array<vector<int,2>,2>, int, OutParam<array<vector<int,2>,2>>)'	complete
hlsl-intrinsic/wave-mask/wave-shuffle-vk.slang#cuda-1	hlsl-intrinsic/wave-mask/wave-shuffle-vk.slang	cuda_sm_7_0	False	mvp		correct	4239					correct	4348					correct	4302					complete
hlsl-intrinsic/wave-mask/wave-shuffle.slang#cuda-1	hlsl-intrinsic/wave-mask/wave-shuffle.slang	cuda_sm_7_0	False	mvp		correct	4419					preflight	4137	GenericAsm	generic-asm-wave-reconvergence	StmtLoweringVisitor::visitIntrinsicAsmStmt -> IRGenericAsm; _validateNVVMFunction semantic resolution	direct NVVM lowering does not support Slang IR instruction or shape 'GenericAsm assembly=_waveShuffleMultiple($0, $1, $2), signature=Void(uint, array<vector<int,2>,2>, int, OutParam<array<vector<int,2>,2>>)'	preflight	4031	GenericAsm	generic-asm-wave-reconvergence	StmtLoweringVisitor::visitIntrinsicAsmStmt -> IRGenericAsm; _validateNVVMFunction semantic resolution	direct NVVM lowering does not support Slang IR instruction or shape 'GenericAsm assembly=_waveShuffleMultiple($0, $1, $2), signature=Void(uint, array<vector<int,2>,2>, int, OutParam<array<vector<int,2>,2>>)'	complete
hlsl-intrinsic/wave-mask/wave-vector.slang#cuda-1	hlsl-intrinsic/wave-mask/wave-vector.slang	cuda_sm_7_0	False	mvp		correct	4477					preflight	4205	GenericAsm	generic-asm-wave-reconvergence	StmtLoweringVisitor::visitIntrinsicAsmStmt -> IRGenericAsm; _validateNVVMFunction semantic resolution	direct NVVM lowering does not support Slang IR instruction or shape 'GenericAsm assembly=_waveSumMultiple($1.x, $0), signature=vector<int,2>(vector<int,2>, vector<uint,4>)'	preflight	4047	GenericAsm	generic-asm-wave-reconvergence	StmtLoweringVisitor::visitIntrinsicAsmStmt -> IRGenericAsm; _validateNVVMFunction semantic resolution	direct NVVM lowering does not support Slang IR instruction or shape 'GenericAsm assembly=_waveSumMultiple($1.x, $0), signature=vector<int,2>(vector<int,2>, vector<uint,4>)'	complete
hlsl-intrinsic/wave-mask/wave.slang#cuda-1	hlsl-intrinsic/wave-mask/wave.slang	cuda_sm_7_0	False	mvp		correct	4456					correct	4453					correct	4511					complete
hlsl-intrinsic/wave-matrix.slang#cuda-1	hlsl-intrinsic/wave-matrix.slang	cuda_sm_7_0	False	extension	advanced wave/quad operation outside the initial MVP	correct	4711					preflight	4263	GenericAsm	generic-asm-wave-reconvergence	StmtLoweringVisitor::visitIntrinsicAsmStmt -> IRGenericAsm; _validateNVVMFunction semantic resolution	direct NVVM lowering does not support Slang IR instruction or shape 'GenericAsm assembly=_waveSumMultiple($1.x, $0), signature=Void(array<vector<int,2>,2>, vector<uint,4>, OutParam<array<vector<int,2>,2>>)'	preflight	4397	GenericAsm	generic-asm-wave-reconvergence	StmtLoweringVisitor::visitIntrinsicAsmStmt -> IRGenericAsm; _validateNVVMFunction semantic resolution	direct NVVM lowering does not support Slang IR instruction or shape 'GenericAsm assembly=_waveSumMultiple($1.x, $0), signature=Void(array<vector<int,2>,2>, vector<uint,4>, OutParam<array<vector<int,2>,2>>)'	complete
hlsl-intrinsic/wave-multi/wave-multi-bitwise.slang#cuda-1	hlsl-intrinsic/wave-multi/wave-multi-bitwise.slang	cuda_sm_7_0	False	extension	advanced wave/quad operation outside the initial MVP	correct	5114					preflight	4208	GenericAsm	generic-asm-wave-reconvergence	StmtLoweringVisitor::visitIntrinsicAsmStmt -> IRGenericAsm; _validateNVVMFunction semantic resolution	direct NVVM lowering does not support Slang IR instruction or shape 'GenericAsm assembly=_waveAnd($1.x, $0), signature=int(int, vector<uint,4>)'	preflight	4292	GenericAsm	generic-asm-wave-reconvergence	StmtLoweringVisitor::visitIntrinsicAsmStmt -> IRGenericAsm; _validateNVVMFunction semantic resolution	direct NVVM lowering does not support Slang IR instruction or shape 'GenericAsm assembly=_waveAnd($1.x, $0), signature=int(int, vector<uint,4>)'	complete
hlsl-intrinsic/wave-multi/wave-multi-min-max.slang#cuda-1	hlsl-intrinsic/wave-multi/wave-multi-min-max.slang	cuda_sm_7_0	False	extension	advanced wave/quad operation outside the initial MVP	correct	5423					preflight	4379	GenericAsm	generic-asm-wave-reconvergence	StmtLoweringVisitor::visitIntrinsicAsmStmt -> IRGenericAsm; _validateNVVMFunction semantic resolution	direct NVVM lowering does not support Slang IR instruction or shape 'GenericAsm assembly=_waveMin($1.x, $0), signature=int(int, vector<uint,4>)'	preflight	4346	GenericAsm	generic-asm-wave-reconvergence	StmtLoweringVisitor::visitIntrinsicAsmStmt -> IRGenericAsm; _validateNVVMFunction semantic resolution	direct NVVM lowering does not support Slang IR instruction or shape 'GenericAsm assembly=_waveMin($1.x, $0), signature=int(int, vector<uint,4>)'	complete
hlsl-intrinsic/wave-multi/wave-multi-prefix-bitwise.slang#cuda-1	hlsl-intrinsic/wave-multi/wave-multi-prefix-bitwise.slang	cuda_sm_7_0	False	extension	advanced wave/quad operation outside the initial MVP	correct	5561					preflight	4474	GenericAsm	generic-asm-wave-reconvergence	StmtLoweringVisitor::visitIntrinsicAsmStmt -> IRGenericAsm; _validateNVVMFunction semantic resolution	direct NVVM lowering does not support Slang IR instruction or shape 'GenericAsm assembly=_wavePrefixAnd($1.x, $0) & $0, signature=int(int, vector<uint,4>)'	preflight	4377	GenericAsm	generic-asm-wave-reconvergence	StmtLoweringVisitor::visitIntrinsicAsmStmt -> IRGenericAsm; _validateNVVMFunction semantic resolution	direct NVVM lowering does not support Slang IR instruction or shape 'GenericAsm assembly=_wavePrefixAnd($1.x, $0) & $0, signature=int(int, vector<uint,4>)'	complete
hlsl-intrinsic/wave-multi/wave-multi-prefix-max.slang#cuda-1	hlsl-intrinsic/wave-multi/wave-multi-prefix-max.slang	cuda_sm_7_0	False	extension	advanced wave/quad operation outside the initial MVP	correct	8303					preflight	4381	helper function parameter	helper-abi-type-contract	post-specialization linked IRFunc signature -> _validateNVVMHelperTarget	direct NVVM lowering does not support Slang IR instruction or shape 'helper function parameter: Ptr<KernelContext, addressSpace=1, access=0, operands=4>'	preflight	4562	helper function parameter	helper-abi-type-contract	post-specialization linked IRFunc signature -> _validateNVVMHelperTarget	direct NVVM lowering does not support Slang IR instruction or shape 'helper function parameter: Ptr<KernelContext, addressSpace=1, access=0, operands=4>'	complete
hlsl-intrinsic/wave-multi/wave-multi-prefix-min.slang#cuda-1	hlsl-intrinsic/wave-multi/wave-multi-prefix-min.slang	cuda_sm_7_0	False	extension	advanced wave/quad operation outside the initial MVP	correct	8290					preflight	4015	helper function parameter	helper-abi-type-contract	post-specialization linked IRFunc signature -> _validateNVVMHelperTarget	direct NVVM lowering does not support Slang IR instruction or shape 'helper function parameter: Ptr<KernelContext, addressSpace=1, access=0, operands=4>'	preflight	4375	helper function parameter	helper-abi-type-contract	post-specialization linked IRFunc signature -> _validateNVVMHelperTarget	direct NVVM lowering does not support Slang IR instruction or shape 'helper function parameter: Ptr<KernelContext, addressSpace=1, access=0, operands=4>'	complete
hlsl-intrinsic/wave-multi/wave-multi-prefix-scalar-functional.slang#cuda-1	hlsl-intrinsic/wave-multi/wave-multi-prefix-scalar-functional.slang	cuda_sm_7_0	False	extension	advanced wave/quad operation outside the initial MVP	correct	4221					preflight	3954	GenericAsm	generic-asm-wave-reconvergence	StmtLoweringVisitor::visitIntrinsicAsmStmt -> IRGenericAsm; _validateNVVMFunction semantic resolution	direct NVVM lowering does not support Slang IR instruction or shape 'GenericAsm assembly=_wavePrefixSum($1.x, $0) , signature=int(int, vector<uint,4>)'	preflight	4053	GenericAsm	generic-asm-wave-reconvergence	StmtLoweringVisitor::visitIntrinsicAsmStmt -> IRGenericAsm; _validateNVVMFunction semantic resolution	direct NVVM lowering does not support Slang IR instruction or shape 'GenericAsm assembly=_wavePrefixSum($1.x, $0) , signature=int(int, vector<uint,4>)'	complete
hlsl-intrinsic/wave-multi/wave-multi-prefix-sum-product.slang#cuda-1	hlsl-intrinsic/wave-multi/wave-multi-prefix-sum-product.slang	cuda_sm_7_0	False	extension	advanced wave/quad operation outside the initial MVP	correct	6794					preflight	4415	GenericAsm	generic-asm-wave-reconvergence	StmtLoweringVisitor::visitIntrinsicAsmStmt -> IRGenericAsm; _validateNVVMFunction semantic resolution	direct NVVM lowering does not support Slang IR instruction or shape 'GenericAsm assembly=_wavePrefixSum($1.x, $0) + $0, signature=int(int, vector<uint,4>)'	preflight	4303	GenericAsm	generic-asm-wave-reconvergence	StmtLoweringVisitor::visitIntrinsicAsmStmt -> IRGenericAsm; _validateNVVMFunction semantic resolution	direct NVVM lowering does not support Slang IR instruction or shape 'GenericAsm assembly=_wavePrefixSum($1.x, $0) + $0, signature=int(int, vector<uint,4>)'	complete
hlsl-intrinsic/wave-multi/wave-multi-sum-product.slang#cuda-1	hlsl-intrinsic/wave-multi/wave-multi-sum-product.slang	cuda_sm_7_0	False	extension	advanced wave/quad operation outside the initial MVP	correct	4875					preflight	4506	GenericAsm	generic-asm-wave-reconvergence	StmtLoweringVisitor::visitIntrinsicAsmStmt -> IRGenericAsm; _validateNVVMFunction semantic resolution	direct NVVM lowering does not support Slang IR instruction or shape 'GenericAsm assembly=_waveSum($1.x, $0), signature=int(int, vector<uint,4>)'	preflight	4382	GenericAsm	generic-asm-wave-reconvergence	StmtLoweringVisitor::visitIntrinsicAsmStmt -> IRGenericAsm; _validateNVVMFunction semantic resolution	direct NVVM lowering does not support Slang IR instruction or shape 'GenericAsm assembly=_waveSum($1.x, $0), signature=int(int, vector<uint,4>)'	complete
hlsl-intrinsic/wave-prefix-bitwise.slang#cuda-1	hlsl-intrinsic/wave-prefix-bitwise.slang	cuda_sm_7_0	False	extension	advanced wave/quad operation outside the initial MVP	correct	4227					preflight	4321	GenericAsm	generic-asm-wave-reconvergence	StmtLoweringVisitor::visitIntrinsicAsmStmt -> IRGenericAsm; _validateNVVMFunction semantic resolution	direct NVVM lowering does not support Slang IR instruction or shape 'GenericAsm assembly=_wavePrefixAnd($1.x, $0) , signature=uint(uint, vector<uint,4>)'	preflight	4244	GenericAsm	generic-asm-wave-reconvergence	StmtLoweringVisitor::visitIntrinsicAsmStmt -> IRGenericAsm; _validateNVVMFunction semantic resolution	direct NVVM lowering does not support Slang IR instruction or shape 'GenericAsm assembly=_wavePrefixAnd($1.x, $0) , signature=uint(uint, vector<uint,4>)'	complete
hlsl-intrinsic/wave-prefix-count-bits.slang#cuda-1	hlsl-intrinsic/wave-prefix-count-bits.slang	cuda_sm_7_0	False	extension	advanced wave/quad operation outside the initial MVP	correct	4011					preflight	3989	intCast	ordinary-numeric-bit-operation	typed expression/intrinsic IR op -> _resolveNVVMValueOperation	direct NVVM lowering does not support Slang IR instruction or shape 'intCast'	preflight	3961	intCast	ordinary-numeric-bit-operation	typed expression/intrinsic IR op -> _resolveNVVMValueOperation	direct NVVM lowering does not support Slang IR instruction or shape 'intCast'	complete
hlsl-intrinsic/wave-prefix-min-max.slang#cuda-1	hlsl-intrinsic/wave-prefix-min-max.slang	cuda_sm_7_0	False	extension	advanced wave/quad operation outside the initial MVP	correct	4075					preflight	4223	GenericAsm	generic-asm-wave-reconvergence	StmtLoweringVisitor::visitIntrinsicAsmStmt -> IRGenericAsm; _validateNVVMFunction semantic resolution	direct NVVM lowering does not support Slang IR instruction or shape 'GenericAsm assembly=_wavePrefixExclusiveMin(($1).x, $0), signature=int(int, vector<uint,4>)'	preflight	4008	GenericAsm	generic-asm-wave-reconvergence	StmtLoweringVisitor::visitIntrinsicAsmStmt -> IRGenericAsm; _validateNVVMFunction semantic resolution	direct NVVM lowering does not support Slang IR instruction or shape 'GenericAsm assembly=_wavePrefixExclusiveMin(($1).x, $0), signature=int(int, vector<uint,4>)'	complete
hlsl-intrinsic/wave-prefix-product.slang#cuda-1	hlsl-intrinsic/wave-prefix-product.slang	cuda_sm_7_0	False	extension	advanced wave/quad operation outside the initial MVP	correct	4089					preflight	4340	GenericAsm	generic-asm-wave-reconvergence	StmtLoweringVisitor::visitIntrinsicAsmStmt -> IRGenericAsm; _validateNVVMFunction semantic resolution	direct NVVM lowering does not support Slang IR instruction or shape 'GenericAsm assembly=_wavePrefixProduct($1.x, $0) , signature=int(int, vector<uint,4>)'	preflight	4258	GenericAsm	generic-asm-wave-reconvergence	StmtLoweringVisitor::visitIntrinsicAsmStmt -> IRGenericAsm; _validateNVVMFunction semantic resolution	direct NVVM lowering does not support Slang IR instruction or shape 'GenericAsm assembly=_wavePrefixProduct($1.x, $0) , signature=int(int, vector<uint,4>)'	complete
hlsl-intrinsic/wave-prefix-sum.slang#cuda-1	hlsl-intrinsic/wave-prefix-sum.slang	cuda_sm_7_0	False	extension	advanced wave/quad operation outside the initial MVP	correct	4621					preflight	4332	GenericAsm	generic-asm-wave-reconvergence	StmtLoweringVisitor::visitIntrinsicAsmStmt -> IRGenericAsm; _validateNVVMFunction semantic resolution	direct NVVM lowering does not support Slang IR instruction or shape 'GenericAsm assembly=_wavePrefixSum($1.x, $0) , signature=int(int, vector<uint,4>)'	preflight	4170	GenericAsm	generic-asm-wave-reconvergence	StmtLoweringVisitor::visitIntrinsicAsmStmt -> IRGenericAsm; _validateNVVMFunction semantic resolution	direct NVVM lowering does not support Slang IR instruction or shape 'GenericAsm assembly=_wavePrefixSum($1.x, $0) , signature=int(int, vector<uint,4>)'	complete
hlsl-intrinsic/wave-read-lane-at-vk.slang#cuda-1	hlsl-intrinsic/wave-read-lane-at-vk.slang	cuda_sm_7_0	False	mvp		correct	4675					correct	4058					correct	4201					complete
hlsl-intrinsic/wave-read-lane-at.slang#cuda-1	hlsl-intrinsic/wave-read-lane-at.slang	cuda_sm_7_0	False	mvp		correct	4616					preflight	4192	GenericAsm	generic-asm-wave-reconvergence	StmtLoweringVisitor::visitIntrinsicAsmStmt -> IRGenericAsm; _validateNVVMFunction semantic resolution	direct NVVM lowering does not support Slang IR instruction or shape 'GenericAsm assembly=_waveShuffleMultiple(_getActiveMask(), $0, $1), signature=Void(array<vector<int,2>,2>, int, OutParam<array<vector<int,2>,2>>)'	preflight	4072	GenericAsm	generic-asm-wave-reconvergence	StmtLoweringVisitor::visitIntrinsicAsmStmt -> IRGenericAsm; _validateNVVMFunction semantic resolution	direct NVVM lowering does not support Slang IR instruction or shape 'GenericAsm assembly=_waveShuffleMultiple(_getActiveMask(), $0, $1), signature=Void(array<vector<int,2>,2>, int, OutParam<array<vector<int,2>,2>>)'	complete
hlsl-intrinsic/wave-rotate/wave-rotate-clustered.slang#cuda-1	hlsl-intrinsic/wave-rotate/wave-rotate-clustered.slang	cuda_sm_7_0	False	extension	advanced wave/quad operation outside the initial MVP	correct	5007					preflight	4465	GenericAsm	generic-asm-wave-reconvergence	StmtLoweringVisitor::visitIntrinsicAsmStmt -> IRGenericAsm; _validateNVVMFunction semantic resolution	direct NVVM lowering does not support Slang IR instruction or shape 'GenericAsm assembly=_slang_waveClusteredRotate($0, $1, $2), signature=float(float, uint, uint)'	preflight	4300	GenericAsm	generic-asm-wave-reconvergence	StmtLoweringVisitor::visitIntrinsicAsmStmt -> IRGenericAsm; _validateNVVMFunction semantic resolution	direct NVVM lowering does not support Slang IR instruction or shape 'GenericAsm assembly=_slang_waveClusteredRotate($0, $1, $2), signature=float(float, uint, uint)'	complete
hlsl-intrinsic/wave-rotate/wave-rotate.slang#cuda-1	hlsl-intrinsic/wave-rotate/wave-rotate.slang	cuda_sm_7_0	False	extension	advanced wave/quad operation outside the initial MVP	correct	6550					preflight	6115	GenericAsm	generic-asm-wave-reconvergence	StmtLoweringVisitor::visitIntrinsicAsmStmt -> IRGenericAsm; _validateNVVMFunction semantic resolution	direct NVVM lowering does not support Slang IR instruction or shape 'GenericAsm assembly=__shfl_sync(0xFFFFFFFF, $0, (_getLaneId() + $1) % 32), signature=float(float, uint)'	preflight	5851	GenericAsm	generic-asm-wave-reconvergence	StmtLoweringVisitor::visitIntrinsicAsmStmt -> IRGenericAsm; _validateNVVMFunction semantic resolution	direct NVVM lowering does not support Slang IR instruction or shape 'GenericAsm assembly=__shfl_sync(0xFFFFFFFF, $0, (_getLaneId() + $1) % 32), signature=float(float, uint)'	complete
hlsl-intrinsic/wave-shuffle-vk.slang#cuda-1	hlsl-intrinsic/wave-shuffle-vk.slang	cuda_sm_7_0	False	mvp		correct	4414					correct	4036					correct	4104					complete
hlsl-intrinsic/wave-vector.slang#cuda-1	hlsl-intrinsic/wave-vector.slang	cuda_sm_7_0	False	mvp		correct	4603					preflight	3937	GenericAsm	generic-asm-wave-reconvergence	StmtLoweringVisitor::visitIntrinsicAsmStmt -> IRGenericAsm; _validateNVVMFunction semantic resolution	direct NVVM lowering does not support Slang IR instruction or shape 'GenericAsm assembly=_waveSumMultiple($1.x, $0), signature=vector<int,2>(vector<int,2>, vector<uint,4>)'	preflight	4054	GenericAsm	generic-asm-wave-reconvergence	StmtLoweringVisitor::visitIntrinsicAsmStmt -> IRGenericAsm; _validateNVVMFunction semantic resolution	direct NVVM lowering does not support Slang IR instruction or shape 'GenericAsm assembly=_waveSumMultiple($1.x, $0), signature=vector<int,2>(vector<int,2>, vector<uint,4>)'	complete
hlsl-intrinsic/wave.slang#cuda-1	hlsl-intrinsic/wave.slang	cuda_sm_7_0	False	mvp		correct	4553					preflight	4169	GenericAsm	generic-asm-wave-reconvergence	StmtLoweringVisitor::visitIntrinsicAsmStmt -> IRGenericAsm; _validateNVVMFunction semantic resolution	direct NVVM lowering does not support Slang IR instruction or shape 'GenericAsm assembly=_waveSum($1.x, $0), signature=int(int, vector<uint,4>)'	preflight	4322	GenericAsm	generic-asm-wave-reconvergence	StmtLoweringVisitor::visitIntrinsicAsmStmt -> IRGenericAsm; _validateNVVMFunction semantic resolution	direct NVVM lowering does not support Slang IR instruction or shape 'GenericAsm assembly=_waveSum($1.x, $0), signature=int(int, vector<uint,4>)'	complete
hlsl/append-structured-buffer.slang#cuda-1	hlsl/append-structured-buffer.slang	cuda_sm_7_0	False	mvp		correct	4340					preflight	4526	helper function parameter	helper-abi-type-contract	post-specialization linked IRFunc signature -> _validateNVVMHelperTarget	direct NVVM lowering does not support Slang IR instruction or shape 'helper function parameter: AppendStructuredBuffer<int>'	preflight	4229	helper function parameter	helper-abi-type-contract	post-specialization linked IRFunc signature -> _validateNVVMHelperTarget	direct NVVM lowering does not support Slang IR instruction or shape 'helper function parameter: AppendStructuredBuffer<int>'	complete
hlsl/byte-buffer-load-std430.slang#cuda-1	hlsl/byte-buffer-load-std430.slang	cuda_sm_7_0	False	mvp		correct	4411					correct	4400					correct	4069					complete
hlsl/cbuffer-float3-offsets-aligned.slang#cuda-1	hlsl/cbuffer-float3-offsets-aligned.slang	cuda_sm_7_0	False	mvp		correct	4467					runtime-mismatch	4147		runtime-constant-buffer-layout	compiled PTX executed by the CUDA compare-compute harness	BUFFER-NEXT: expected string not found in input	runtime-mismatch	4130		runtime-constant-buffer-layout	compiled PTX executed by the CUDA compare-compute harness	BUFFER-NEXT: expected string not found in input	complete
hlsl/cbuffer-float3-offsets-unaligned.slang#cuda-1	hlsl/cbuffer-float3-offsets-unaligned.slang	cuda_sm_7_0	False	mvp		correct	4529					preflight	4317	struct field address	aggregate-pointer-layout-transport	canonical linked aggregate/pointer IR -> _validateNVVMFunction	direct NVVM lowering does not support Slang IR instruction or shape 'struct field address'	preflight	4109	struct field address	aggregate-pointer-layout-transport	canonical linked aggregate/pointer IR -> _validateNVVMFunction	direct NVVM lowering does not support Slang IR instruction or shape 'struct field address'	complete
hlsl/consume-structured-buffer.slang#cuda-1	hlsl/consume-structured-buffer.slang	cuda_sm_7_0	False	mvp		correct	4223					preflight	4302	helper function parameter	helper-abi-type-contract	post-specialization linked IRFunc signature -> _validateNVVMHelperTarget	direct NVVM lowering does not support Slang IR instruction or shape 'helper function parameter: ConsumeStructuredBuffer<float>'	preflight	4177	helper function parameter	helper-abi-type-contract	post-specialization linked IRFunc signature -> _validateNVVMHelperTarget	direct NVVM lowering does not support Slang IR instruction or shape 'helper function parameter: ConsumeStructuredBuffer<float>'	complete
hlsl/packoffset.slang#cuda-1	hlsl/packoffset.slang	cuda_sm_7_0	False	mvp		correct	4300					correct	4335					correct	4092					complete
language-feature/anyvalue-layout.slang#cuda-1	language-feature/anyvalue-layout.slang	cuda_sm_7_0	False	mvp		correct	4592					runtime-mismatch	4194		runtime-anyvalue-layout	compiled PTX executed by the CUDA compare-compute harness	Slang compilation aborted due to an exception of class Slang::InternalError unexpected: Unsupported value size	runtime-mismatch	4241		runtime-anyvalue-layout	compiled PTX executed by the CUDA compare-compute harness	Slang compilation aborted due to an exception of class Slang::InternalError unexpected: Unsupported value size	complete
language-feature/atomic-t/atomic-0.slang#cuda-1	language-feature/atomic-t/atomic-0.slang	cuda_sm_7_0	False	mvp		correct	4606					preflight	4186	struct field address	aggregate-pointer-layout-transport	canonical linked aggregate/pointer IR -> _validateNVVMFunction	direct NVVM lowering does not support Slang IR instruction or shape 'struct field address'	preflight	4110	struct field address	aggregate-pointer-layout-transport	canonical linked aggregate/pointer IR -> _validateNVVMFunction	direct NVVM lowering does not support Slang IR instruction or shape 'struct field address'	complete
language-feature/atomic-t/atomic-1.slang#cuda-1	language-feature/atomic-t/atomic-1.slang	cuda_sm_7_0	False	mvp		correct	4608					preflight	4061	struct field address	aggregate-pointer-layout-transport	canonical linked aggregate/pointer IR -> _validateNVVMFunction	direct NVVM lowering does not support Slang IR instruction or shape 'struct field address'	preflight	4032	struct field address	aggregate-pointer-layout-transport	canonical linked aggregate/pointer IR -> _validateNVVMFunction	direct NVVM lowering does not support Slang IR instruction or shape 'struct field address'	complete
language-feature/atomic-t/atomic-2.slang#cuda-1	language-feature/atomic-t/atomic-2.slang	cuda_sm_7_0	False	mvp		correct	4507					preflight	4143	atomicStore	atomic-wave-operation	atomic/wave legalization IR op -> _validateNVVMFunction	direct NVVM lowering does not support Slang IR instruction or shape 'atomicStore'	preflight	4118	atomicStore	atomic-wave-operation	atomic/wave legalization IR op -> _validateNVVMFunction	direct NVVM lowering does not support Slang IR instruction or shape 'atomicStore'	complete
language-feature/bit-cast/struct-bit-cast-2.slang#cuda-1	language-feature/bit-cast/struct-bit-cast-2.slang	cuda_sm_7_0	False	mvp		correct	4465					preflight	4048	bitCast	ordinary-numeric-bit-operation	typed expression/intrinsic IR op -> _resolveNVVMValueOperation	direct NVVM lowering does not support Slang IR instruction or shape 'bitCast'	preflight	4062	bitCast	ordinary-numeric-bit-operation	typed expression/intrinsic IR op -> _resolveNVVMValueOperation	direct NVVM lowering does not support Slang IR instruction or shape 'bitCast'	complete
language-feature/bit-cast/struct-reinterpret.slang#cuda-1	language-feature/bit-cast/struct-reinterpret.slang	cuda_sm_7_0	False	mvp		correct	4342					preflight	4065	helper function result type	helper-abi-type-contract	post-specialization linked IRFunc signature -> _validateNVVMHelperTarget	direct NVVM lowering does not support Slang IR instruction or shape 'helper function result type: Ptr<int, addressSpace=1, access=0, operands=4>'	preflight	4017	helper function result type	helper-abi-type-contract	post-specialization linked IRFunc signature -> _validateNVVMHelperTarget	direct NVVM lowering does not support Slang IR instruction or shape 'helper function result type: Ptr<int, addressSpace=1, access=0, operands=4>'	complete
language-feature/bitfield/bitfield-extract.slang#cuda-1	language-feature/bitfield/bitfield-extract.slang	cuda_sm_7_0	False	mvp		correct	4263					preflight	4250	bitfieldExtract	ordinary-numeric-bit-operation	typed expression/intrinsic IR op -> _resolveNVVMValueOperation	direct NVVM lowering does not support Slang IR instruction or shape 'bitfieldExtract'	preflight	4124	bitfieldExtract	ordinary-numeric-bit-operation	typed expression/intrinsic IR op -> _resolveNVVMValueOperation	direct NVVM lowering does not support Slang IR instruction or shape 'bitfieldExtract'	complete
language-feature/bitfield/bitfield-insert.slang#cuda-1	language-feature/bitfield/bitfield-insert.slang	cuda_sm_7_0	False	mvp		correct	4609					preflight	4235	bitfieldInsert	ordinary-numeric-bit-operation	typed expression/intrinsic IR op -> _resolveNVVMValueOperation	direct NVVM lowering does not support Slang IR instruction or shape 'bitfieldInsert'	preflight	4117	bitfieldInsert	ordinary-numeric-bit-operation	typed expression/intrinsic IR op -> _resolveNVVMValueOperation	direct NVVM lowering does not support Slang IR instruction or shape 'bitfieldInsert'	complete
language-feature/constants/float-as-int-types.slang#cuda-1	language-feature/constants/float-as-int-types.slang	cuda_sm_7_0	False	mvp		correct	4287					correct	4416					correct	4274					complete
language-feature/constants/float-as-int.slang#cuda-1	language-feature/constants/float-as-int.slang	cuda_sm_7_0	False	mvp		correct	4587					correct	4362					correct	4278					complete
language-feature/conversions/conversion-to-bool.slang#cuda-1	language-feature/conversions/conversion-to-bool.slang	cuda_sm_7_0	False	mvp		correct	4725					preflight	4069	intCast	ordinary-numeric-bit-operation	typed expression/intrinsic IR op -> _resolveNVVMValueOperation	direct NVVM lowering does not support Slang IR instruction or shape 'intCast'	preflight	4051	intCast	ordinary-numeric-bit-operation	typed expression/intrinsic IR op -> _resolveNVVMValueOperation	direct NVVM lowering does not support Slang IR instruction or shape 'intCast'	complete
language-feature/conversions/conversion-to-double.slang#cuda-1	language-feature/conversions/conversion-to-double.slang	cuda_sm_7_0	False	mvp		correct	4794					correct	4469					correct	4316					complete
language-feature/conversions/conversion-to-float.slang#cuda-1	language-feature/conversions/conversion-to-float.slang	cuda_sm_7_0	False	mvp		correct	4855					correct	4345					correct	4319					complete
language-feature/conversions/conversion-to-half.slang#cuda-1	language-feature/conversions/conversion-to-half.slang	cuda_sm_7_0	False	mvp		correct	4742					correct	4249					correct	4262					complete
language-feature/conversions/conversion-to-int16.slang#cuda-1	language-feature/conversions/conversion-to-int16.slang	cuda_sm_7_0	False	mvp		correct	4561					correct	4119					correct	4201					complete
language-feature/conversions/conversion-to-int32.slang#cuda-1	language-feature/conversions/conversion-to-int32.slang	cuda_sm_7_0	False	mvp		correct	4517					correct	4210					correct	4250					complete
language-feature/conversions/conversion-to-int64.slang#cuda-1	language-feature/conversions/conversion-to-int64.slang	cuda_sm_7_0	False	mvp		correct	4436					correct	4535					correct	4414					complete
language-feature/conversions/conversion-to-int8.slang#cuda-1	language-feature/conversions/conversion-to-int8.slang	cuda_sm_7_0	False	mvp		correct	4490					correct	4435					correct	4303					complete
language-feature/conversions/conversion-to-uint16.slang#cuda-1	language-feature/conversions/conversion-to-uint16.slang	cuda_sm_7_0	False	mvp		correct	4471					correct	4269					correct	4287					complete
language-feature/conversions/conversion-to-uint32.slang#cuda-1	language-feature/conversions/conversion-to-uint32.slang	cuda_sm_7_0	False	mvp		correct	4452					correct	4344					correct	4356					complete
language-feature/conversions/conversion-to-uint64.slang#cuda-1	language-feature/conversions/conversion-to-uint64.slang	cuda_sm_7_0	False	mvp		correct	4644					correct	4427					correct	4526					complete
language-feature/conversions/conversion-to-uint8.slang#cuda-1	language-feature/conversions/conversion-to-uint8.slang	cuda_sm_7_0	False	mvp		correct	4722					correct	4408					correct	4476					complete
language-feature/dynamic-dispatch/assoc-type-dynamic-dispatch.slang#cuda-1	language-feature/dynamic-dispatch/assoc-type-dynamic-dispatch.slang	cuda_sm_7_0	False	mvp		correct	4492					correct	4211					correct	4167					complete
language-feature/dynamic-dispatch/assoc-type-explicit-annotation.slang#cuda-1	language-feature/dynamic-dispatch/assoc-type-explicit-annotation.slang	cuda_sm_7_0	False	mvp		correct	4350					correct	4134					correct	4325					complete
language-feature/dynamic-dispatch/assoc-type-interface-type-explicit.slang#cuda-1	language-feature/dynamic-dispatch/assoc-type-interface-type-explicit.slang	cuda_sm_7_0	False	mvp		correct	4389					correct	4485					correct	4235					complete
language-feature/dynamic-dispatch/assoc-type-interface-type-inline.slang#cuda-1	language-feature/dynamic-dispatch/assoc-type-interface-type-inline.slang	cuda_sm_7_0	False	mvp		correct	4388					correct	4581					correct	4305					complete
language-feature/dynamic-dispatch/assoc-type-interface-type.slang#cuda-1	language-feature/dynamic-dispatch/assoc-type-interface-type.slang	cuda_sm_7_0	False	mvp		correct	4371					correct	4421					correct	4063					complete
language-feature/dynamic-dispatch/assoc-type-mutating-method.slang#cuda-1	language-feature/dynamic-dispatch/assoc-type-mutating-method.slang	cuda_sm_7_0	False	mvp		correct	4442					correct	4127					correct	4236					complete
language-feature/dynamic-dispatch/buffer-address-ref.slang#cuda-1	language-feature/dynamic-dispatch/buffer-address-ref.slang	cuda_sm_7_0	False	mvp		correct	4387					preflight	4189	helper function result type	helper-abi-type-contract	post-specialization linked IRFunc signature -> _validateNVVMHelperTarget	direct NVVM lowering does not support Slang IR instruction or shape 'helper function result type: IndirectNode'	preflight	4319	helper function result type	helper-abi-type-contract	post-specialization linked IRFunc signature -> _validateNVVMHelperTarget	direct NVVM lowering does not support Slang IR instruction or shape 'helper function result type: IndirectNode'	complete
language-feature/dynamic-dispatch/buffer-interface-array-field.slang#cuda-1	language-feature/dynamic-dispatch/buffer-interface-array-field.slang	cuda_sm_7_0	False	mvp		correct	4609					correct	4356					correct	4420					complete
language-feature/dynamic-dispatch/buffer-interface-multi-element.slang#cuda-1	language-feature/dynamic-dispatch/buffer-interface-multi-element.slang	cuda_sm_7_0	False	mvp		correct	4724					correct	4131					correct	4148					complete
language-feature/dynamic-dispatch/buffer-struct-with-interface-field.slang#cuda-1	language-feature/dynamic-dispatch/buffer-struct-with-interface-field.slang	cuda_sm_7_0	False	mvp		correct	4412					preflight	4006	function name	function-identity	post-specialization linked IRFunc -> _collectNVVMFunctionNames	direct NVVM lowering does not support Slang IR instruction or shape 'function name'	preflight	3992	function name	function-identity	post-specialization linked IRFunc -> _collectNVVMFunctionNames	direct NVVM lowering does not support Slang IR instruction or shape 'function name'	complete
language-feature/dynamic-dispatch/distinct-type-dispatch.slang#cuda-1	language-feature/dynamic-dispatch/distinct-type-dispatch.slang	cuda_sm_7_0	False	mvp		correct	4335					correct	4327					correct	4231					complete
language-feature/dynamic-dispatch/dynamic-dispatch-params.slang#cuda-1	language-feature/dynamic-dispatch/dynamic-dispatch-params.slang	cuda_sm_7_0	False	mvp		correct	4400					correct	4343					correct	4294					complete
language-feature/dynamic-dispatch/generic-interface-10.slang#cuda-1	language-feature/dynamic-dispatch/generic-interface-10.slang	cuda_sm_7_0	False	mvp		correct	4448					correct	4281					correct	4356					complete
language-feature/dynamic-dispatch/generic-interface-4.slang#cuda-1	language-feature/dynamic-dispatch/generic-interface-4.slang	cuda_sm_7_0	False	mvp		correct	4271					correct	3914					correct	4204					complete
language-feature/dynamic-dispatch/generic-interface-5.slang#cuda-1	language-feature/dynamic-dispatch/generic-interface-5.slang	cuda_sm_7_0	False	mvp		correct	4195					correct	4334					correct	4218					complete
language-feature/dynamic-dispatch/generic-interface-6.slang#cuda-1	language-feature/dynamic-dispatch/generic-interface-6.slang	cuda_sm_7_0	False	mvp		correct	4321					correct	4399					correct	4404					complete
language-feature/dynamic-dispatch/generic-interface-7.slang#cuda-1	language-feature/dynamic-dispatch/generic-interface-7.slang	cuda_sm_7_0	False	mvp		correct	4748					correct	4368					correct	4250					complete
language-feature/dynamic-dispatch/generic-interface-8.slang#cuda-1	language-feature/dynamic-dispatch/generic-interface-8.slang	cuda_sm_7_0	False	mvp		correct	4394					correct	4358					correct	4221					complete
language-feature/dynamic-dispatch/generic-interface-9.slang#cuda-1	language-feature/dynamic-dispatch/generic-interface-9.slang	cuda_sm_7_0	False	mvp		correct	4214					correct	4045					correct	4191					complete
language-feature/dynamic-dispatch/generic-interface-dynamic-param.slang#cuda-1	language-feature/dynamic-dispatch/generic-interface-dynamic-param.slang	cuda_sm_7_0	False	mvp		correct	4259					provider	4271		provider-aggregate-field-pointer	canonical by-value aggregate field address -> provider field-pointer operation	LLVM 14 NVVM IR builder operation 'by-value aggregate field pointer' failed with result -2147024809	provider	4085		provider-aggregate-field-pointer	canonical by-value aggregate field address -> provider field-pointer operation	LLVM 14 NVVM IR builder operation 'by-value aggregate field pointer' failed with result -2147024809	complete
language-feature/dynamic-dispatch/generic-interface-inherit.slang#cuda-1	language-feature/dynamic-dispatch/generic-interface-inherit.slang	cuda_sm_7_0	False	mvp		correct	4344					preflight	4321	struct	preflight-other	canonical linked IR -> _validateNVVMFunction	direct NVVM lowering does not support Slang IR instruction or shape 'struct'	preflight	4164	struct	preflight-other	canonical linked IR -> _validateNVVMFunction	direct NVVM lowering does not support Slang IR instruction or shape 'struct'	complete
language-feature/dynamic-dispatch/generic-interface-multi-conform.slang#cuda-1	language-feature/dynamic-dispatch/generic-interface-multi-conform.slang	cuda_sm_7_0	False	mvp		correct	4250					preflight	3979	struct	preflight-other	canonical linked IR -> _validateNVVMFunction	direct NVVM lowering does not support Slang IR instruction or shape 'struct'	preflight	4128	struct	preflight-other	canonical linked IR -> _validateNVVMFunction	direct NVVM lowering does not support Slang IR instruction or shape 'struct'	complete
language-feature/dynamic-dispatch/generic-interface-nested.slang#cuda-1	language-feature/dynamic-dispatch/generic-interface-nested.slang	cuda_sm_7_0	False	mvp		correct	4313					preflight	4214	function name	function-identity	post-specialization linked IRFunc -> _collectNVVMFunctionNames	direct NVVM lowering does not support Slang IR instruction or shape 'function name'	preflight	4124	function name	function-identity	post-specialization linked IRFunc -> _collectNVVMFunctionNames	direct NVVM lowering does not support Slang IR instruction or shape 'function name'	complete
language-feature/dynamic-dispatch/generic-method-constrained.slang#cuda-1	language-feature/dynamic-dispatch/generic-method-constrained.slang	cuda_sm_7_0	False	mvp		correct	4348					correct	4418					correct	4289					complete
language-feature/dynamic-dispatch/generic-method-dispatch.slang#cuda-1	language-feature/dynamic-dispatch/generic-method-dispatch.slang	cuda_sm_7_0	False	mvp		correct	4511					correct	4464					correct	4319					complete
language-feature/dynamic-dispatch/generic-method-with-interface-arg.slang#cuda-1	language-feature/dynamic-dispatch/generic-method-with-interface-arg.slang	cuda_sm_7_0	False	mvp		correct	4574					correct	4408					correct	4333					complete
language-feature/dynamic-dispatch/generic-struct-with-interface-field.slang#cuda-1	language-feature/dynamic-dispatch/generic-struct-with-interface-field.slang	cuda_sm_7_0	False	mvp		correct	4254					correct	4040					correct	4388					complete
language-feature/dynamic-dispatch/global-interface-param-compute-mono.slang#cuda-1	language-feature/dynamic-dispatch/global-interface-param-compute-mono.slang	cuda_sm_7_0	False	mvp		correct	4483					correct	4303					correct	4512					complete
language-feature/dynamic-dispatch/global-interface-param-compute.slang#cuda-1	language-feature/dynamic-dispatch/global-interface-param-compute.slang	cuda_sm_7_0	False	mvp		correct	4493					correct	4438					correct	4332					complete
language-feature/dynamic-dispatch/groupshared-struct-with-interface.slang#cuda-1	language-feature/dynamic-dispatch/groupshared-struct-with-interface.slang	cuda_sm_7_0	False	mvp		correct	4522					preflight	4175	struct field address	aggregate-pointer-layout-transport	canonical linked aggregate/pointer IR -> _validateNVVMFunction	direct NVVM lowering does not support Slang IR instruction or shape 'struct field address'	preflight	4107	struct field address	aggregate-pointer-layout-transport	canonical linked aggregate/pointer IR -> _validateNVVMFunction	direct NVVM lowering does not support Slang IR instruction or shape 'struct field address'	complete
language-feature/dynamic-dispatch/impl-concrete-ptr-field.slang#cuda-1	language-feature/dynamic-dispatch/impl-concrete-ptr-field.slang	cuda_sm_7_0	False	mvp		correct	4432					preflight	4068	helper function parameter	helper-abi-type-contract	post-specialization linked IRFunc signature -> _validateNVVMHelperTarget	direct NVVM lowering does not support Slang IR instruction or shape 'helper function parameter: Ptr<Data, addressSpace=1, access=0, operands=4>'	preflight	4282	helper function parameter	helper-abi-type-contract	post-specialization linked IRFunc signature -> _validateNVVMHelperTarget	direct NVVM lowering does not support Slang IR instruction or shape 'helper function parameter: Ptr<Data, addressSpace=1, access=0, operands=4>'	complete
language-feature/dynamic-dispatch/impl-interface-ptr-field-deref.slang#cuda-1	language-feature/dynamic-dispatch/impl-interface-ptr-field-deref.slang	cuda_sm_7_0	False	mvp		correct	4452					preflight	4123	helper function parameter	helper-abi-type-contract	post-specialization linked IRFunc signature -> _validateNVVMHelperTarget	direct NVVM lowering does not support Slang IR instruction or shape 'helper function parameter: IndirectWrapper'	preflight	4193	helper function parameter	helper-abi-type-contract	post-specialization linked IRFunc signature -> _validateNVVMHelperTarget	direct NVVM lowering does not support Slang IR instruction or shape 'helper function parameter: IndirectWrapper'	complete
language-feature/dynamic-dispatch/impl-multiple-ptr-fields.slang#cuda-1	language-feature/dynamic-dispatch/impl-multiple-ptr-fields.slang	cuda_sm_7_0	False	mvp		correct	4503					preflight	4381	helper function parameter	helper-abi-type-contract	post-specialization linked IRFunc signature -> _validateNVVMHelperTarget	direct NVVM lowering does not support Slang IR instruction or shape 'helper function parameter: Ptr<int, addressSpace=1, access=0, operands=4>'	preflight	4208	helper function parameter	helper-abi-type-contract	post-specialization linked IRFunc signature -> _validateNVVMHelperTarget	direct NVVM lowering does not support Slang IR instruction or shape 'helper function parameter: Ptr<int, addressSpace=1, access=0, operands=4>'	complete
language-feature/dynamic-dispatch/impl-ptr-field-anyvaluesize.slang#cuda-1	language-feature/dynamic-dispatch/impl-ptr-field-anyvaluesize.slang	cuda_sm_7_0	False	mvp		correct	4527					preflight	4354	helper function parameter	helper-abi-type-contract	post-specialization linked IRFunc signature -> _validateNVVMHelperTarget	direct NVVM lowering does not support Slang IR instruction or shape 'helper function parameter: Ptr<int, addressSpace=1, access=0, operands=4>'	preflight	4143	helper function parameter	helper-abi-type-contract	post-specialization linked IRFunc signature -> _validateNVVMHelperTarget	direct NVVM lowering does not support Slang IR instruction or shape 'helper function parameter: Ptr<int, addressSpace=1, access=0, operands=4>'	complete
language-feature/dynamic-dispatch/impl-ptr-field-deref-after-dispatch.slang#cuda-1	language-feature/dynamic-dispatch/impl-ptr-field-deref-after-dispatch.slang	cuda_sm_7_0	False	mvp		correct	4280					preflight	3991	helper function parameter	helper-abi-type-contract	post-specialization linked IRFunc signature -> _validateNVVMHelperTarget	direct NVVM lowering does not support Slang IR instruction or shape 'helper function parameter: Ptr<int, addressSpace=1, access=0, operands=4>'	preflight	3948	helper function parameter	helper-abi-type-contract	post-specialization linked IRFunc signature -> _validateNVVMHelperTarget	direct NVVM lowering does not support Slang IR instruction or shape 'helper function parameter: Ptr<int, addressSpace=1, access=0, operands=4>'	complete
language-feature/dynamic-dispatch/impl-ptr-field-mutating.slang#cuda-1	language-feature/dynamic-dispatch/impl-ptr-field-mutating.slang	cuda_sm_7_0	False	mvp		correct	4349					preflight	4100	helper function parameter	helper-abi-type-contract	post-specialization linked IRFunc signature -> _validateNVVMHelperTarget	direct NVVM lowering does not support Slang IR instruction or shape 'helper function parameter: Ptr<int, addressSpace=1, access=0, operands=4>'	preflight	3989	helper function parameter	helper-abi-type-contract	post-specialization linked IRFunc signature -> _validateNVVMHelperTarget	direct NVVM lowering does not support Slang IR instruction or shape 'helper function parameter: Ptr<int, addressSpace=1, access=0, operands=4>'	complete
language-feature/dynamic-dispatch/interface-ptr-deref-via-buffer-address.slang#cuda-1	language-feature/dynamic-dispatch/interface-ptr-deref-via-buffer-address.slang	cuda_sm_7_0	False	mvp		correct	4413					preflight	4129	helper function result type	helper-abi-type-contract	post-specialization linked IRFunc signature -> _validateNVVMHelperTarget	direct NVVM lowering does not support Slang IR instruction or shape 'helper function result type: IndirectWrapper'	preflight	4275	helper function result type	helper-abi-type-contract	post-specialization linked IRFunc signature -> _validateNVVMHelperTarget	direct NVVM lowering does not support Slang IR instruction or shape 'helper function result type: IndirectWrapper'	complete
language-feature/dynamic-dispatch/interface-ptr-in-impl.slang#cuda-1	language-feature/dynamic-dispatch/interface-ptr-in-impl.slang	cuda_sm_7_0	False	mvp		correct	4456					preflight	4205	helper function parameter	helper-abi-type-contract	post-specialization linked IRFunc signature -> _validateNVVMHelperTarget	direct NVVM lowering does not support Slang IR instruction or shape 'helper function parameter: GoodImpl'	preflight	4199	helper function parameter	helper-abi-type-contract	post-specialization linked IRFunc signature -> _validateNVVMHelperTarget	direct NVVM lowering does not support Slang IR instruction or shape 'helper function parameter: GoodImpl'	complete
language-feature/dynamic-dispatch/layout-16bit-vectors.slang#cuda-1	language-feature/dynamic-dispatch/layout-16bit-vectors.slang	cuda_sm_7_0	False	mvp		correct	4559					correct	4079					correct	4242					complete
language-feature/dynamic-dispatch/layout-64bit-scalar.slang#cuda-1	language-feature/dynamic-dispatch/layout-64bit-scalar.slang	cuda_sm_7_0	False	mvp		correct	4315					preflight	4052	shr	ordinary-numeric-bit-operation	typed expression/intrinsic IR op -> _resolveNVVMValueOperation	direct NVVM lowering does not support Slang IR instruction or shape 'shr'	preflight	4176	shr	ordinary-numeric-bit-operation	typed expression/intrinsic IR op -> _resolveNVVMValueOperation	direct NVVM lowering does not support Slang IR instruction or shape 'shr'	complete
language-feature/dynamic-dispatch/layout-64bit-vector.slang#cuda-1	language-feature/dynamic-dispatch/layout-64bit-vector.slang	cuda_sm_7_0	False	mvp		correct	4301					preflight	4270	shr	ordinary-numeric-bit-operation	typed expression/intrinsic IR op -> _resolveNVVMValueOperation	direct NVVM lowering does not support Slang IR instruction or shape 'shr'	preflight	4263	shr	ordinary-numeric-bit-operation	typed expression/intrinsic IR op -> _resolveNVVMValueOperation	direct NVVM lowering does not support Slang IR instruction or shape 'shr'	complete
language-feature/dynamic-dispatch/layout-8bit-vectors.slang#cuda-1	language-feature/dynamic-dispatch/layout-8bit-vectors.slang	cuda_sm_7_0	False	mvp		correct	4438					preflight	4432	bitfieldInsert	ordinary-numeric-bit-operation	typed expression/intrinsic IR op -> _resolveNVVMValueOperation	direct NVVM lowering does not support Slang IR instruction or shape 'bitfieldInsert'	preflight	4234	bitfieldInsert	ordinary-numeric-bit-operation	typed expression/intrinsic IR op -> _resolveNVVMValueOperation	direct NVVM lowering does not support Slang IR instruction or shape 'bitfieldInsert'	complete
language-feature/dynamic-dispatch/layout-array-2d.slang#cuda-1	language-feature/dynamic-dispatch/layout-array-2d.slang	cuda_sm_7_0	False	mvp		correct	4377					correct	4231					correct	4191					complete
language-feature/dynamic-dispatch/layout-array-field.slang#cuda-1	language-feature/dynamic-dispatch/layout-array-field.slang	cuda_sm_7_0	False	mvp		correct	4399					correct	4041					correct	4131					complete
language-feature/dynamic-dispatch/layout-array-of-structs.slang#cuda-1	language-feature/dynamic-dispatch/layout-array-of-structs.slang	cuda_sm_7_0	False	mvp		correct	4601					correct	4173					correct	4474					complete
language-feature/dynamic-dispatch/layout-array-of-vectors.slang#cuda-1	language-feature/dynamic-dispatch/layout-array-of-vectors.slang	cuda_sm_7_0	False	mvp		correct	4482					correct	4317					correct	4609					complete
language-feature/dynamic-dispatch/layout-conditional-field.slang#cuda-1	language-feature/dynamic-dispatch/layout-conditional-field.slang	cuda_sm_7_0	False	mvp		correct	4678					correct	4357					correct	4454					complete
language-feature/dynamic-dispatch/layout-conditional-zero-size.slang#cuda-1	language-feature/dynamic-dispatch/layout-conditional-zero-size.slang	cuda_sm_7_0	False	mvp		correct	4449					correct	4184					correct	4452					complete
language-feature/dynamic-dispatch/layout-descriptor-handle-array.slang#cuda-1	language-feature/dynamic-dispatch/layout-descriptor-handle-array.slang	cuda_sm_7_0	False	mvp		correct	4323					runtime-mismatch	4192		runtime-descriptor-handle-layout	compiled PTX executed by the CUDA compare-compute harness	Slang compilation aborted due to an exception of class Slang::InternalError unexpected: Unsupported value size	runtime-mismatch	4299		runtime-descriptor-handle-layout	compiled PTX executed by the CUDA compare-compute harness	Slang compilation aborted due to an exception of class Slang::InternalError unexpected: Unsupported value size	complete
language-feature/dynamic-dispatch/layout-descriptor-handle-dispatch.slang#cuda-1	language-feature/dynamic-dispatch/layout-descriptor-handle-dispatch.slang	cuda_sm_7_0	False	mvp		correct	4284					runtime-mismatch	4160		runtime-descriptor-handle-layout	compiled PTX executed by the CUDA compare-compute harness	Slang compilation aborted due to an exception of class Slang::InternalError unexpected: Unsupported value size	runtime-mismatch	4362		runtime-descriptor-handle-layout	compiled PTX executed by the CUDA compare-compute harness	Slang compilation aborted due to an exception of class Slang::InternalError unexpected: Unsupported value size	complete
language-feature/dynamic-dispatch/layout-descriptor-handle-multi.slang#cuda-1	language-feature/dynamic-dispatch/layout-descriptor-handle-multi.slang	cuda_sm_7_0	False	mvp		correct	4447					runtime-mismatch	4225		runtime-descriptor-handle-layout	compiled PTX executed by the CUDA compare-compute harness	Slang compilation aborted due to an exception of class Slang::InternalError unexpected: Unsupported value size	runtime-mismatch	4218		runtime-descriptor-handle-layout	compiled PTX executed by the CUDA compare-compute harness	Slang compilation aborted due to an exception of class Slang::InternalError unexpected: Unsupported value size	complete
language-feature/dynamic-dispatch/layout-empty-tuple-field.slang#cuda-1	language-feature/dynamic-dispatch/layout-empty-tuple-field.slang	cuda_sm_7_0	False	mvp		correct	4343					correct	4323					correct	4262					complete
language-feature/dynamic-dispatch/layout-enum-field.slang#cuda-1	language-feature/dynamic-dispatch/layout-enum-field.slang	cuda_sm_7_0	False	mvp		correct	4268					correct	4337					correct	4474					complete
language-feature/dynamic-dispatch/layout-enum-return.slang#cuda-1	language-feature/dynamic-dispatch/layout-enum-return.slang	cuda_sm_7_0	False	mvp		correct	4426					correct	4294					correct	4418					complete
language-feature/dynamic-dispatch/layout-enum-underlying-types.slang#cuda-1	language-feature/dynamic-dispatch/layout-enum-underlying-types.slang	cuda_sm_7_0	False	mvp		correct	4692					preflight	4031	bitfieldInsert	ordinary-numeric-bit-operation	typed expression/intrinsic IR op -> _resolveNVVMValueOperation	direct NVVM lowering does not support Slang IR instruction or shape 'bitfieldInsert'	preflight	4022	bitfieldInsert	ordinary-numeric-bit-operation	typed expression/intrinsic IR op -> _resolveNVVMValueOperation	direct NVVM lowering does not support Slang IR instruction or shape 'bitfieldInsert'	complete
language-feature/dynamic-dispatch/layout-matrix-field.slang#cuda-1	language-feature/dynamic-dispatch/layout-matrix-field.slang	cuda_sm_7_0	False	mvp		correct	4976					correct	4305					correct	4493					complete
language-feature/dynamic-dispatch/layout-mixed-bitwidths.slang#cuda-1	language-feature/dynamic-dispatch/layout-mixed-bitwidths.slang	cuda_sm_7_0	False	mvp		correct	4628					preflight	4177	bitfieldInsert	ordinary-numeric-bit-operation	typed expression/intrinsic IR op -> _resolveNVVMValueOperation	direct NVVM lowering does not support Slang IR instruction or shape 'bitfieldInsert'	preflight	4411	bitfieldInsert	ordinary-numeric-bit-operation	typed expression/intrinsic IR op -> _resolveNVVMValueOperation	direct NVVM lowering does not support Slang IR instruction or shape 'bitfieldInsert'	complete
language-feature/dynamic-dispatch/layout-nested-tuple-field.slang#cuda-1	language-feature/dynamic-dispatch/layout-nested-tuple-field.slang	cuda_sm_7_0	False	mvp		correct	4415					correct	4266					correct	4405					complete
language-feature/dynamic-dispatch/layout-optional-field.slang#cuda-1	language-feature/dynamic-dispatch/layout-optional-field.slang	cuda_sm_7_0	False	mvp		correct	4569					correct	4270					correct	4500					complete
language-feature/dynamic-dispatch/layout-tuple-field.slang#cuda-1	language-feature/dynamic-dispatch/layout-tuple-field.slang	cuda_sm_7_0	False	mvp		correct	4507					correct	4143					correct	4359					complete
language-feature/dynamic-dispatch/layout-vector-field.slang#cuda-1	language-feature/dynamic-dispatch/layout-vector-field.slang	cuda_sm_7_0	False	mvp		correct	4535					correct	4145					correct	4464					complete
language-feature/dynamic-dispatch/layout-vector-matrix-mixed.slang#cuda-1	language-feature/dynamic-dispatch/layout-vector-matrix-mixed.slang	cuda_sm_7_0	False	mvp		correct	4527					correct	4236					correct	4344					complete
language-feature/dynamic-dispatch/mutating-dispatch.slang#cuda-1	language-feature/dynamic-dispatch/mutating-dispatch.slang	cuda_sm_7_0	False	mvp		correct	4658					correct	4257					correct	4159					complete
language-feature/dynamic-dispatch/nested-existential-dynamic-dispatch.slang#cuda-1	language-feature/dynamic-dispatch/nested-existential-dynamic-dispatch.slang	cuda_sm_7_0	False	mvp		correct	4543					correct	4174					correct	4819					complete
language-feature/dynamic-dispatch/optional-downcast-struct-with-interface-field.slang#cuda-1	language-feature/dynamic-dispatch/optional-downcast-struct-with-interface-field.slang	cuda_sm_7_0	False	mvp		correct	4533					preflight	4155	struct	preflight-other	canonical linked IR -> _validateNVVMFunction	direct NVVM lowering does not support Slang IR instruction or shape 'struct'	preflight	4535	struct	preflight-other	canonical linked IR -> _validateNVVMFunction	direct NVVM lowering does not support Slang IR instruction or shape 'struct'	complete
language-feature/dynamic-dispatch/optional-single-concrete-layout.slang#cuda-1	language-feature/dynamic-dispatch/optional-single-concrete-layout.slang	cuda_sm_7_0	False	mvp		correct	4404					preflight	4048	helper function result type	helper-abi-type-contract	post-specialization linked IRFunc signature -> _validateNVVMHelperTarget	direct NVVM lowering does not support Slang IR instruction or shape 'helper function result type: Tuple'	preflight	4361	helper function result type	helper-abi-type-contract	post-specialization linked IRFunc signature -> _validateNVVMHelperTarget	direct NVVM lowering does not support Slang IR instruction or shape 'helper function result type: Tuple'	complete
language-feature/dynamic-dispatch/optional-single-concrete-widen.slang#cuda-1	language-feature/dynamic-dispatch/optional-single-concrete-widen.slang	cuda_sm_7_0	False	mvp		correct	4251					correct	4185					correct	4543					complete
language-feature/dynamic-dispatch/ptr-to-interface-array.slang#cuda-1	language-feature/dynamic-dispatch/ptr-to-interface-array.slang	cuda_sm_7_0	False	mvp		correct	4425					preflight	4098	helper function parameter	helper-abi-type-contract	post-specialization linked IRFunc signature -> _validateNVVMHelperTarget	direct NVVM lowering does not support Slang IR instruction or shape 'helper function parameter: Ptr<int, addressSpace=1, access=0, operands=4>'	preflight	4283	helper function parameter	helper-abi-type-contract	post-specialization linked IRFunc signature -> _validateNVVMHelperTarget	direct NVVM lowering does not support Slang IR instruction or shape 'helper function parameter: Ptr<int, addressSpace=1, access=0, operands=4>'	complete
language-feature/dynamic-dispatch/ptr-to-interface-cast.slang#cuda-1	language-feature/dynamic-dispatch/ptr-to-interface-cast.slang	cuda_sm_7_0	False	mvp		correct	4279					preflight	3995	struct field address	aggregate-pointer-layout-transport	canonical linked aggregate/pointer IR -> _validateNVVMFunction	direct NVVM lowering does not support Slang IR instruction or shape 'struct field address'	preflight	4088	struct field address	aggregate-pointer-layout-transport	canonical linked aggregate/pointer IR -> _validateNVVMFunction	direct NVVM lowering does not support Slang IR instruction or shape 'struct field address'	complete
language-feature/dynamic-dispatch/ptr-to-interface-deref.slang#cuda-1	language-feature/dynamic-dispatch/ptr-to-interface-deref.slang	cuda_sm_7_0	False	mvp		correct	4323					preflight	4056	struct field address	aggregate-pointer-layout-transport	canonical linked aggregate/pointer IR -> _validateNVVMFunction	direct NVVM lowering does not support Slang IR instruction or shape 'struct field address'	preflight	4181	struct field address	aggregate-pointer-layout-transport	canonical linked aggregate/pointer IR -> _validateNVVMFunction	direct NVVM lowering does not support Slang IR instruction or shape 'struct field address'	complete
language-feature/dynamic-dispatch/ptr-to-interface-param.slang#cuda-1	language-feature/dynamic-dispatch/ptr-to-interface-param.slang	cuda_sm_7_0	False	mvp		correct	4265					preflight	3881	helper function parameter	helper-abi-type-contract	post-specialization linked IRFunc signature -> _validateNVVMHelperTarget	direct NVVM lowering does not support Slang IR instruction or shape 'helper function parameter: Ptr<Tuple, addressSpace=1, access=0, operands=4>'	preflight	4095	helper function parameter	helper-abi-type-contract	post-specialization linked IRFunc signature -> _validateNVVMHelperTarget	direct NVVM lowering does not support Slang IR instruction or shape 'helper function parameter: Ptr<Tuple, addressSpace=1, access=0, operands=4>'	complete
language-feature/dynamic-dispatch/return-interface-from-dispatch.slang#cuda-1	language-feature/dynamic-dispatch/return-interface-from-dispatch.slang	cuda_sm_7_0	False	mvp		correct	4507					preflight	4042	device scalar pointer	preflight-other	canonical linked IR -> _validateNVVMFunction	direct NVVM lowering does not support Slang IR instruction or shape 'device scalar pointer'	preflight	4575	device scalar pointer	preflight-other	canonical linked IR -> _validateNVVMFunction	direct NVVM lowering does not support Slang IR instruction or shape 'device scalar pointer'	complete
language-feature/dynamic-dispatch/return-interface-tuple-limitation.slang#cuda-1	language-feature/dynamic-dispatch/return-interface-tuple-limitation.slang	cuda_sm_7_0	False	mvp		correct	4669					correct	4179					correct	4717					complete
language-feature/dynamic-dispatch/rwstructuredbuffer-interface-readwrite.slang#cuda-1	language-feature/dynamic-dispatch/rwstructuredbuffer-interface-readwrite.slang	cuda_sm_7_0	False	mvp		correct	4509					correct	4150					correct	4642					complete
language-feature/dynamic-dispatch/special-members-dispatch.slang#cuda-1	language-feature/dynamic-dispatch/special-members-dispatch.slang	cuda_sm_7_0	False	mvp		correct	4286					correct	4250					correct	4564					complete
language-feature/dynamic-dispatch/special-members-generic-subscript.slang#cuda-1	language-feature/dynamic-dispatch/special-members-generic-subscript.slang	cuda_sm_7_0	False	mvp		correct	4363					correct	4096					correct	4543					complete
language-feature/dynamic-dispatch/special-members-setter.slang#cuda-1	language-feature/dynamic-dispatch/special-members-setter.slang	cuda_sm_7_0	False	mvp		correct	4482					preflight	4077	DebugNoScope	residual-target-marker-or-undefined-value	named upstream IR producer -> _validateNVVMFunction default rejection	direct NVVM lowering does not support Slang IR instruction or shape 'DebugNoScope'	preflight	4030	DebugNoScope	residual-target-marker-or-undefined-value	named upstream IR producer -> _validateNVVMFunction default rejection	direct NVVM lowering does not support Slang IR instruction or shape 'DebugNoScope'	complete
language-feature/dynamic-dispatch/stateless-dynamic-object.slang#cuda-1	language-feature/dynamic-dispatch/stateless-dynamic-object.slang	cuda_sm_7_0	False	mvp		correct	4364					correct	4197					correct	4409					complete
language-feature/dynamic-dispatch/static-method-dispatch.slang#cuda-1	language-feature/dynamic-dispatch/static-method-dispatch.slang	cuda_sm_7_0	False	mvp		correct	4240					preflight	4033	function name	function-identity	post-specialization linked IRFunc -> _collectNVVMFunctionNames	direct NVVM lowering does not support Slang IR instruction or shape 'function name'	preflight	4392	function name	function-identity	post-specialization linked IRFunc -> _collectNVVMFunctionNames	direct NVVM lowering does not support Slang IR instruction or shape 'function name'	complete
language-feature/dynamic-dispatch/structuredbuffer-interface-read.slang#cuda-1	language-feature/dynamic-dispatch/structuredbuffer-interface-read.slang	cuda_sm_7_0	False	mvp		correct	4444					correct	4101					correct	4473					complete
language-feature/dynamic-dispatch/tagged-union-lowering-runtime.slang#cuda-1	language-feature/dynamic-dispatch/tagged-union-lowering-runtime.slang	cuda_sm_7_0	False	mvp		correct	4374					correct	4357					correct	4502					complete
language-feature/dynamic-dispatch/this-return-chained.slang#cuda-1	language-feature/dynamic-dispatch/this-return-chained.slang	cuda_sm_7_0	False	mvp		correct	4524					preflight	4237	function name	function-identity	post-specialization linked IRFunc -> _collectNVVMFunctionNames	direct NVVM lowering does not support Slang IR instruction or shape 'function name'	preflight	4408	function name	function-identity	post-specialization linked IRFunc -> _collectNVVMFunctionNames	direct NVVM lowering does not support Slang IR instruction or shape 'function name'	complete
language-feature/execution-model/atomic-interlocked-functional.slang#cuda-1	language-feature/execution-model/atomic-interlocked-functional.slang	cuda_sm_7_0	False	mvp		correct	4226					correct	4215					correct	4562					complete
language-feature/execution-model/compute-numthreads-functional.slang#cuda-1	language-feature/execution-model/compute-numthreads-functional.slang	cuda_sm_7_0	False	mvp		correct	4341					correct	4182					correct	4563					complete
language-feature/execution-model/compute-system-values-comprehensive.slang#cuda-1	language-feature/execution-model/compute-system-values-comprehensive.slang	cuda_sm_7_0	False	mvp		correct	4674					correct	4175					correct	4181					complete
language-feature/execution-model/early-return-wave-op-functional.slang#cuda-1	language-feature/execution-model/early-return-wave-op-functional.slang	cuda_sm_7_0	False	mvp		correct	4443					preflight	4083	GenericAsm	generic-asm-wave-reconvergence	StmtLoweringVisitor::visitIntrinsicAsmStmt -> IRGenericAsm; _validateNVVMFunction semantic resolution	direct NVVM lowering does not support Slang IR instruction or shape 'GenericAsm assembly=_waveMin($1.x, $0), signature=int(int, vector<uint,4>)'	preflight	4376	GenericAsm	generic-asm-wave-reconvergence	StmtLoweringVisitor::visitIntrinsicAsmStmt -> IRGenericAsm; _validateNVVMFunction semantic resolution	direct NVVM lowering does not support Slang IR instruction or shape 'GenericAsm assembly=_waveMin($1.x, $0), signature=int(int, vector<uint,4>)'	complete
language-feature/execution-model/generic-entry-point.slang#cuda-1	language-feature/execution-model/generic-entry-point.slang	cuda_sm_7_0	False	mvp		correct	4162					correct	4241					correct	4541					complete
language-feature/execution-model/groupshared-barrier-functional.slang#cuda-1	language-feature/execution-model/groupshared-barrier-functional.slang	cuda_sm_7_0	False	mvp		correct	4501					correct	4207					correct	4321					complete
language-feature/execution-model/groupshared-multi-barrier-functional.slang#cuda-1	language-feature/execution-model/groupshared-multi-barrier-functional.slang	cuda_sm_7_0	False	mvp		correct	4457					correct	4237					correct	4817					complete
language-feature/execution-model/loop-break-wave-op-functional.slang#cuda-1	language-feature/execution-model/loop-break-wave-op-functional.slang	cuda_sm_7_0	False	mvp		correct	4601					correct	4375					correct	4931					complete
language-feature/execution-model/loop-divergence-reconvergence-functional.slang#cuda-1	language-feature/execution-model/loop-divergence-reconvergence-functional.slang	cuda_sm_7_0	False	mvp		correct	4534					preflight	4243	GenericAsm	generic-asm-wave-reconvergence	StmtLoweringVisitor::visitIntrinsicAsmStmt -> IRGenericAsm; _validateNVVMFunction semantic resolution	direct NVVM lowering does not support Slang IR instruction or shape 'GenericAsm assembly=_waveSum($1.x, $0), signature=int(int, vector<uint,4>)'	preflight	4601	GenericAsm	generic-asm-wave-reconvergence	StmtLoweringVisitor::visitIntrinsicAsmStmt -> IRGenericAsm; _validateNVVMFunction semantic resolution	direct NVVM lowering does not support Slang IR instruction or shape 'GenericAsm assembly=_waveSum($1.x, $0), signature=int(int, vector<uint,4>)'	complete
language-feature/execution-model/multi-wave-thread-group-functional.slang#cuda-1	language-feature/execution-model/multi-wave-thread-group-functional.slang	cuda_sm_7_0	False	mvp		correct	4358					preflight	4309	GenericAsm	generic-asm-wave-reconvergence	StmtLoweringVisitor::visitIntrinsicAsmStmt -> IRGenericAsm; _validateNVVMFunction semantic resolution	direct NVVM lowering does not support Slang IR instruction or shape 'GenericAsm assembly=_waveSum($1.x, $0), signature=uint(uint, vector<uint,4>)'	preflight	4620	GenericAsm	generic-asm-wave-reconvergence	StmtLoweringVisitor::visitIntrinsicAsmStmt -> IRGenericAsm; _validateNVVMFunction semantic resolution	direct NVVM lowering does not support Slang IR instruction or shape 'GenericAsm assembly=_waveSum($1.x, $0), signature=uint(uint, vector<uint,4>)'	complete
language-feature/execution-model/nested-divergence-functional.slang#cuda-1	language-feature/execution-model/nested-divergence-functional.slang	cuda_sm_7_0	False	mvp		correct	4639					preflight	4189	GenericAsm	generic-asm-wave-reconvergence	StmtLoweringVisitor::visitIntrinsicAsmStmt -> IRGenericAsm; _validateNVVMFunction semantic resolution	direct NVVM lowering does not support Slang IR instruction or shape 'GenericAsm assembly=_waveSum($1.x, $0), signature=int(int, vector<uint,4>)'	preflight	4388	GenericAsm	generic-asm-wave-reconvergence	StmtLoweringVisitor::visitIntrinsicAsmStmt -> IRGenericAsm; _validateNVVMFunction semantic resolution	direct NVVM lowering does not support Slang IR instruction or shape 'GenericAsm assembly=_waveSum($1.x, $0), signature=int(int, vector<uint,4>)'	complete
language-feature/execution-model/numthreads-3d-linearization.slang#cuda-1	language-feature/execution-model/numthreads-3d-linearization.slang	cuda_sm_7_0	False	mvp		correct	4705					correct	4248					correct	4397					complete
language-feature/execution-model/wave-active-all-any-functional.slang#cuda-1	language-feature/execution-model/wave-active-all-any-functional.slang	cuda_sm_7_0	False	mvp		correct	4422					correct	4325					correct	4612					complete
language-feature/execution-model/wave-ballot-verify-functional.slang#cuda-1	language-feature/execution-model/wave-ballot-verify-functional.slang	cuda_sm_7_0	False	mvp		correct	4181					correct	4247					correct	4046					complete
language-feature/execution-model/wave-divergent-if-functional.slang#cuda-1	language-feature/execution-model/wave-divergent-if-functional.slang	cuda_sm_7_0	False	mvp		correct	4346					preflight	4180	GenericAsm	generic-asm-wave-reconvergence	StmtLoweringVisitor::visitIntrinsicAsmStmt -> IRGenericAsm; _validateNVVMFunction semantic resolution	direct NVVM lowering does not support Slang IR instruction or shape 'GenericAsm assembly=_waveMin($1.x, $0), signature=int(int, vector<uint,4>)'	preflight	4247	GenericAsm	generic-asm-wave-reconvergence	StmtLoweringVisitor::visitIntrinsicAsmStmt -> IRGenericAsm; _validateNVVMFunction semantic resolution	direct NVVM lowering does not support Slang IR instruction or shape 'GenericAsm assembly=_waveMin($1.x, $0), signature=int(int, vector<uint,4>)'	complete
language-feature/execution-model/wave-switch-divergence-functional.slang#cuda-1	language-feature/execution-model/wave-switch-divergence-functional.slang	cuda_sm_7_0	False	mvp		correct	4388					preflight	4120	waveMaskMatch	atomic-wave-operation	atomic/wave legalization IR op -> _validateNVVMFunction	direct NVVM lowering does not support Slang IR instruction or shape 'waveMaskMatch'	preflight	4363	waveMaskMatch	atomic-wave-operation	atomic/wave legalization IR op -> _validateNVVMFunction	direct NVVM lowering does not support Slang IR instruction or shape 'waveMaskMatch'	complete
language-feature/generics/variadic-type-pack-expand-tuple.slang#cuda-1	language-feature/generics/variadic-type-pack-expand-tuple.slang	cuda_sm_7_0	False	mvp		correct	4473					preflight	4051	DebugNoScope	residual-target-marker-or-undefined-value	named upstream IR producer -> _validateNVVMFunction default rejection	direct NVVM lowering does not support Slang IR instruction or shape 'DebugNoScope'	preflight	4396	DebugNoScope	residual-target-marker-or-undefined-value	named upstream IR producer -> _validateNVVMFunction default rejection	direct NVVM lowering does not support Slang IR instruction or shape 'DebugNoScope'	complete
language-feature/if-let/if-let-1.slang#cuda-1	language-feature/if-let/if-let-1.slang	cuda_sm_7_0	False	mvp		correct	4202					preflight	4085	function name	function-identity	post-specialization linked IRFunc -> _collectNVVMFunctionNames	direct NVVM lowering does not support Slang IR instruction or shape 'function name'	preflight	4513	function name	function-identity	post-specialization linked IRFunc -> _collectNVVMFunctionNames	direct NVVM lowering does not support Slang IR instruction or shape 'function name'	complete
language-feature/if-let/if-let-less-than.slang#cuda-1	language-feature/if-let/if-let-less-than.slang	cuda_sm_7_0	False	mvp		correct	4423					correct	4152					correct	4601					complete
language-feature/if-let/if-let.slang#cuda-1	language-feature/if-let/if-let.slang	cuda_sm_7_0	False	mvp		correct	4626					correct	4132					correct	3976					complete
language-feature/operator-overload/builtin-operator-fastpath-bool.slang#cuda-1	language-feature/operator-overload/builtin-operator-fastpath-bool.slang	cuda_sm_7_0	True	mvp		correct	4498					correct	4211					correct	4481					complete
language-feature/operator-overload/builtin-operator-fastpath-float.slang#cuda-1	language-feature/operator-overload/builtin-operator-fastpath-float.slang	cuda_sm_7_0	True	mvp		correct	4532					correct	4143					correct	4057					complete
language-feature/operator-overload/builtin-operator-fastpath-uint.slang#cuda-1	language-feature/operator-overload/builtin-operator-fastpath-uint.slang	cuda_sm_7_0	True	mvp		correct	4331					correct	4069					correct	4055					complete
language-feature/operator-overload/builtin-operator-fastpath.slang#cuda-1	language-feature/operator-overload/builtin-operator-fastpath.slang	cuda_sm_7_0	True	mvp		correct	4445					correct	4243					correct	4353					complete
language-feature/optional-descriptor-handle.slang#cuda-1	language-feature/optional-descriptor-handle.slang	cuda_sm_7_0	False	mvp		correct	4492					preflight	4023	helper function result type	helper-abi-type-contract	post-specialization linked IRFunc signature -> _validateNVVMHelperTarget	direct NVVM lowering does not support Slang IR instruction or shape 'helper function result type: _slang_Optional_DomeLight'	preflight	4336	helper function result type	helper-abi-type-contract	post-specialization linked IRFunc signature -> _validateNVVMHelperTarget	direct NVVM lowering does not support Slang IR instruction or shape 'helper function result type: _slang_Optional_DomeLight'	complete
language-feature/pointer/const-ref.slang#cuda-1	language-feature/pointer/const-ref.slang	cuda_sm_7_0	False	mvp		correct	4286					preflight	4094	helper function parameter	helper-abi-type-contract	post-specialization linked IRFunc signature -> _validateNVVMHelperTarget	direct NVVM lowering does not support Slang IR instruction or shape 'helper function parameter: BorrowInParam<Thing, addressSpace=2147483647, access=1, operands=4>'	preflight	4386	helper function parameter	helper-abi-type-contract	post-specialization linked IRFunc signature -> _validateNVVMHelperTarget	direct NVVM lowering does not support Slang IR instruction or shape 'helper function parameter: BorrowInParam<Thing, addressSpace=2147483647, access=1, operands=4>'	complete
language-feature/pointer/ptr-to-groupshared-1.slang#cuda-1	language-feature/pointer/ptr-to-groupshared-1.slang	cuda_sm_7_0	False	mvp		correct	4215					preflight	4039	helper function parameter	helper-abi-type-contract	post-specialization linked IRFunc signature -> _validateNVVMHelperTarget	direct NVVM lowering does not support Slang IR instruction or shape 'helper function parameter: Ptr<vector<uint,4>, addressSpace=3, access=0, operands=4>'	preflight	4337	helper function parameter	helper-abi-type-contract	post-specialization linked IRFunc signature -> _validateNVVMHelperTarget	direct NVVM lowering does not support Slang IR instruction or shape 'helper function parameter: Ptr<vector<uint,4>, addressSpace=3, access=0, operands=4>'	complete
language-feature/scalar-ternary-op-short-and-non-short-circuit.slang#cuda-1	language-feature/scalar-ternary-op-short-and-non-short-circuit.slang	cuda_sm_7_0	False	mvp		correct	4496					correct	4105					correct	4234					complete
language-feature/shader-params/entry-point-uniform-params.slang#cuda-1	language-feature/shader-params/entry-point-uniform-params.slang	cuda_sm_7_0	False	mvp		correct	4529					correct	4129					correct	4429					complete
language-feature/system-value-extraction.slang#cuda-1	language-feature/system-value-extraction.slang	cuda_sm_7_0	False	mvp		correct	4175					correct	4098					correct	4336					complete
metal/atomic-byteaddressbuffer.slang#cuda-1	metal/atomic-byteaddressbuffer.slang	cuda_sm_7_0	False	mvp		correct	4195					preflight	3920	atomicCompareExchange	atomic-wave-operation	atomic/wave legalization IR op -> _validateNVVMFunction	direct NVVM lowering does not support Slang IR instruction or shape 'atomicCompareExchange'	preflight	4024	atomicCompareExchange	atomic-wave-operation	atomic/wave legalization IR op -> _validateNVVMFunction	direct NVVM lowering does not support Slang IR instruction or shape 'atomicCompareExchange'	complete
metal/metal-pointer-uniform.slang#cuda-1	metal/metal-pointer-uniform.slang	cuda_sm_7_0	False	mvp		correct	4261					preflight	4292	struct field address	aggregate-pointer-layout-transport	canonical linked aggregate/pointer IR -> _validateNVVMFunction	direct NVVM lowering does not support Slang IR instruction or shape 'struct field address'	preflight	4157	struct field address	aggregate-pointer-layout-transport	canonical linked aggregate/pointer IR -> _validateNVVMFunction	direct NVVM lowering does not support Slang IR instruction or shape 'struct field address'	complete
slang-extension/atomic-float-byte-address-buffer.slang#cuda-1	slang-extension/atomic-float-byte-address-buffer.slang	cuda_sm_7_0	False	mvp		correct	4459					preflight	4301	GenericAsm	generic-asm-atomic	StmtLoweringVisitor::visitIntrinsicAsmStmt -> IRGenericAsm; _validateNVVMFunction semantic resolution	direct NVVM lowering does not support Slang IR instruction or shape 'GenericAsm assembly=(*$3 = atomicAdd($0._getPtrAt<float>($1), $2)), signature=Void(RWByteAddressBuffer, uint, float, OutParam<float>)'	preflight	4324	GenericAsm	generic-asm-atomic	StmtLoweringVisitor::visitIntrinsicAsmStmt -> IRGenericAsm; _validateNVVMFunction semantic resolution	direct NVVM lowering does not support Slang IR instruction or shape 'GenericAsm assembly=(*$3 = atomicAdd($0._getPtrAt<float>($1), $2)), signature=Void(RWByteAddressBuffer, uint, float, OutParam<float>)'	complete
slang-extension/atomic-int64-byte-address-buffer.slang#cuda-1	slang-extension/atomic-int64-byte-address-buffer.slang	cuda_sm_7_0	False	mvp		correct	4321					preflight	4164	equivalent structured-buffer view	raw-buffer-view-access	raw-buffer legalization IR op -> direct-NVVM raw-buffer resolver	direct NVVM lowering does not support Slang IR instruction or shape 'equivalent structured-buffer view'	preflight	4285	equivalent structured-buffer view	raw-buffer-view-access	raw-buffer legalization IR op -> direct-NVVM raw-buffer resolver	direct NVVM lowering does not support Slang IR instruction or shape 'equivalent structured-buffer view'	complete
slang-extension/cas-int64-byte-address-buffer.slang#cuda-1	slang-extension/cas-int64-byte-address-buffer.slang	cuda_sm_7_0	False	mvp		correct	3982					preflight	4058	GenericAsm	generic-asm-atomic	StmtLoweringVisitor::visitIntrinsicAsmStmt -> IRGenericAsm; _validateNVVMFunction semantic resolution	direct NVVM lowering does not support Slang IR instruction or shape 'GenericAsm assembly=(*$4 = atomicCAS($0._getPtrAt<uint64_t>($1), $2, $3)), signature=Void(RWByteAddressBuffer, uint, uint64_t, uint64_t, OutParam<uint64_t>)'	preflight	4363	GenericAsm	generic-asm-atomic	StmtLoweringVisitor::visitIntrinsicAsmStmt -> IRGenericAsm; _validateNVVMFunction semantic resolution	direct NVVM lowering does not support Slang IR instruction or shape 'GenericAsm assembly=(*$4 = atomicCAS($0._getPtrAt<uint64_t>($1), $2, $3)), signature=Void(RWByteAddressBuffer, uint, uint64_t, uint64_t, OutParam<uint64_t>)'	complete
slang-extension/exchange-int64-byte-address-buffer.slang#cuda-1	slang-extension/exchange-int64-byte-address-buffer.slang	cuda_sm_7_0	False	mvp		correct	4129					preflight	3940	atomicExchange	atomic-wave-operation	atomic/wave legalization IR op -> _validateNVVMFunction	direct NVVM lowering does not support Slang IR instruction or shape 'atomicExchange'	preflight	4161	atomicExchange	atomic-wave-operation	atomic/wave legalization IR op -> _validateNVVMFunction	direct NVVM lowering does not support Slang IR instruction or shape 'atomicExchange'	complete
slang-extension/realtime-clock.slang#cuda-1	slang-extension/realtime-clock.slang	cuda_sm_7_0	False	extension	device clock/syscall operation outside the initial MVP	correct	4139					preflight	3834	GenericAsm	generic-asm-device-clock	StmtLoweringVisitor::visitIntrinsicAsmStmt -> IRGenericAsm; _validateNVVMFunction semantic resolution	direct NVVM lowering does not support Slang IR instruction or shape 'GenericAsm assembly=clock, signature=uint()'	preflight	3858	GenericAsm	generic-asm-device-clock	StmtLoweringVisitor::visitIntrinsicAsmStmt -> IRGenericAsm; _validateNVVMFunction semantic resolution	direct NVVM lowering does not support Slang IR instruction or shape 'GenericAsm assembly=clock, signature=uint()'	complete
spirv/int-cast-unsigned-to-signed.slang#cuda-1	spirv/int-cast-unsigned-to-signed.slang	cuda_sm_7_0	False	mvp		correct	3989					correct	3715					correct	3908					complete
