id	source	capability	reference_derived_from_direct	coverage_tier	scope_reason	nvrtc-o3_classification	nvrtc-o3_elapsed_ms	nvrtc-o3_shape	nvrtc-o3_cluster	nvrtc-o3_producer	nvrtc-o3_diagnostic	nvvm-o0_classification	nvvm-o0_elapsed_ms	nvvm-o0_shape	nvvm-o0_cluster	nvvm-o0_producer	nvvm-o0_diagnostic	nvvm-o3_classification	nvvm-o3_elapsed_ms	nvvm-o3_shape	nvvm-o3_cluster	nvvm-o3_producer	nvvm-o3_diagnostic	evidence_status
bugs/empty-switch.slang#cuda-1	bugs/empty-switch.slang	cuda_sm_7_0	False	mvp		correct	6136					correct	5990					correct	5975					complete
bugs/frexp-double.slang#cuda-1	bugs/frexp-double.slang	cuda_sm_7_0	False	mvp		correct	6394					correct	6025					correct	5487					complete
bugs/frexp.slang#cuda-1	bugs/frexp.slang	cuda_sm_7_0	False	mvp		correct	6256					correct	6009					correct	5945					complete
bugs/gh-11627-flag-enum-compound-assign.slang#cuda-1	bugs/gh-11627-flag-enum-compound-assign.slang	cuda_sm_7_0	False	mvp		correct	6199					correct	5125					correct	5397					complete
bugs/gh-3637.slang#cuda-1	bugs/gh-3637.slang	cuda_sm_7_0	False	mvp		correct	5369					correct	5614					correct	5133					complete
bugs/gh-3980.slang#cuda-1	bugs/gh-3980.slang	cuda_sm_7_0	False	mvp		correct	6034					correct	5218					correct	6031					complete
bugs/gh-4533.slang#cuda-1	bugs/gh-4533.slang	cuda_sm_7_0	False	mvp		correct	6138					preflight	5826	LoadFromUninitializedMemory	residual-target-marker-or-undefined-value	named upstream IR producer -> _validateNVVMFunction default rejection	direct NVVM lowering does not support Slang IR instruction or shape 'LoadFromUninitializedMemory'	preflight	5469	LoadFromUninitializedMemory	residual-target-marker-or-undefined-value	named upstream IR producer -> _validateNVVMFunction default rejection	direct NVVM lowering does not support Slang IR instruction or shape 'LoadFromUninitializedMemory'	complete
bugs/gh-5776.slang#cuda-1	bugs/gh-5776.slang	cuda_sm_7_0	False	mvp		correct	6363					preflight	5806	helper function parameter	helper-abi-type-contract	post-specialization linked IRFunc signature -> _validateNVVMHelperTarget	direct NVVM lowering does not support Slang IR instruction or shape 'helper function parameter: WrappedBuffer'	preflight	5667	helper function parameter	helper-abi-type-contract	post-specialization linked IRFunc signature -> _validateNVVMHelperTarget	direct NVVM lowering does not support Slang IR instruction or shape 'helper function parameter: WrappedBuffer'	complete
bugs/gh-7441.slang#cuda-1	bugs/gh-7441.slang	cuda_sm_7_0	False	mvp		correct	4399					preflight	4247	structured-buffer element layout	aggregate-pointer-layout-transport	canonical linked aggregate/pointer IR -> _validateNVVMFunction	direct NVVM lowering does not support Slang IR instruction or shape 'structured-buffer element layout'	preflight	4379	structured-buffer element layout	aggregate-pointer-layout-transport	canonical linked aggregate/pointer IR -> _validateNVVMFunction	direct NVVM lowering does not support Slang IR instruction or shape 'structured-buffer element layout'	complete
bugs/gh-8121.slang#cuda-1	bugs/gh-8121.slang	cuda_sm_7_0	False	mvp		correct	4673					preflight	4266	struct field address	aggregate-pointer-layout-transport	canonical linked aggregate/pointer IR -> _validateNVVMFunction	direct NVVM lowering does not support Slang IR instruction or shape 'struct field address'	preflight	4488	struct field address	aggregate-pointer-layout-transport	canonical linked aggregate/pointer IR -> _validateNVVMFunction	direct NVVM lowering does not support Slang IR instruction or shape 'struct field address'	complete
bugs/gh-8185.slang#cuda-1	bugs/gh-8185.slang	cuda_sm_7_0	False	mvp		correct	5125					correct	4745					correct	5215					complete
bugs/legalize-defuse-no-zero-init-non-var-primitive.slang#cuda-1	bugs/legalize-defuse-no-zero-init-non-var-primitive.slang	cuda_sm_7_0	False	mvp		correct	5209					preflight	4798	LoadFromUninitializedMemory	residual-target-marker-or-undefined-value	named upstream IR producer -> _validateNVVMFunction default rejection	direct NVVM lowering does not support Slang IR instruction or shape 'LoadFromUninitializedMemory'	preflight	4913	LoadFromUninitializedMemory	residual-target-marker-or-undefined-value	named upstream IR producer -> _validateNVVMFunction default rejection	direct NVVM lowering does not support Slang IR instruction or shape 'LoadFromUninitializedMemory'	complete
bugs/legalize-defuse-no-zero-init-non-var.slang#cuda-1	bugs/legalize-defuse-no-zero-init-non-var.slang	cuda_sm_7_0	False	mvp		correct	5392					preflight	4753	LoadFromUninitializedMemory	residual-target-marker-or-undefined-value	named upstream IR producer -> _validateNVVMFunction default rejection	direct NVVM lowering does not support Slang IR instruction or shape 'LoadFromUninitializedMemory'	preflight	4805	LoadFromUninitializedMemory	residual-target-marker-or-undefined-value	named upstream IR producer -> _validateNVVMFunction default rejection	direct NVVM lowering does not support Slang IR instruction or shape 'LoadFromUninitializedMemory'	complete
bugs/legalize-defuse-no-zero-init.slang#cuda-1	bugs/legalize-defuse-no-zero-init.slang	cuda_sm_7_0	False	mvp		correct	5543					preflight	4809	DebugNoScope	residual-target-marker-or-undefined-value	named upstream IR producer -> _validateNVVMFunction default rejection	direct NVVM lowering does not support Slang IR instruction or shape 'DebugNoScope'	preflight	4813	DebugNoScope	residual-target-marker-or-undefined-value	named upstream IR producer -> _validateNVVMFunction default rejection	direct NVVM lowering does not support Slang IR instruction or shape 'DebugNoScope'	complete
bugs/loop-optimize.slang#cuda-1	bugs/loop-optimize.slang	cuda_sm_7_0	False	mvp		correct	5412					correct	5046					correct	5088					complete
bugs/matrix-reshape.slang#cuda-1	bugs/matrix-reshape.slang	cuda_sm_7_0	False	mvp		correct	5338					correct	5003					correct	4937					complete
bugs/metal-return-value-lost.slang#cuda-1	bugs/metal-return-value-lost.slang	cuda_sm_7_0	False	mvp		correct	4650					preflight	4386	DebugNoScope	residual-target-marker-or-undefined-value	named upstream IR producer -> _validateNVVMFunction default rejection	direct NVVM lowering does not support Slang IR instruction or shape 'DebugNoScope'	preflight	4305	DebugNoScope	residual-target-marker-or-undefined-value	named upstream IR producer -> _validateNVVMFunction default rejection	direct NVVM lowering does not support Slang IR instruction or shape 'DebugNoScope'	complete
bugs/overload-ambiguous-1.slang#cuda-1	bugs/overload-ambiguous-1.slang	cuda_sm_7_0	False	mvp		correct	4286					correct	4438					correct	4250					complete
bugs/overload-ambiguous-2.slang#cuda-1	bugs/overload-ambiguous-2.slang	cuda_sm_7_0	False	mvp		correct	4677					correct	4248					correct	4557					complete
bugs/overload-ambiguous.slang#cuda-1	bugs/overload-ambiguous.slang	cuda_sm_7_0	False	mvp		correct	4784					correct	4671					correct	4723					complete
bugs/string-inline.slang#cuda-1	bugs/string-inline.slang	cuda_sm_7_0	False	mvp		correct	4819					preflight	4801	getStringHash	residual-target-marker-or-undefined-value	named upstream IR producer -> _validateNVVMFunction default rejection	direct NVVM lowering does not support Slang IR instruction or shape 'getStringHash'	preflight	4705	getStringHash	residual-target-marker-or-undefined-value	named upstream IR producer -> _validateNVVMFunction default rejection	direct NVVM lowering does not support Slang IR instruction or shape 'getStringHash'	complete
compute/array-existential-parameter.slang#cuda-1	compute/array-existential-parameter.slang	cuda_sm_7_0	False	mvp		correct	5062					correct	4847					correct	4942					complete
compute/array-param.slang#cuda-1	compute/array-param.slang	cuda_sm_7_0	False	mvp		correct	5036					correct	4804					correct	4784					complete
compute/assoctype-nested-lookup.slang#cuda-1	compute/assoctype-nested-lookup.slang	cuda_sm_7_0	False	mvp		correct	5047					correct	4908					correct	4854					complete
compute/atomics-groupshared.slang#cuda-1	compute/atomics-groupshared.slang	cuda_sm_7_0	False	mvp		correct	4938					correct	4687					correct	4514					complete
compute/atomics.slang#cuda-1	compute/atomics.slang	cuda_sm_7_0	False	mvp		correct	4633					correct	4609					correct	4485					complete
compute/bitcast-64bit.slang#cuda-1	compute/bitcast-64bit.slang	cuda_sm_7_0	False	mvp		correct	4634					correct	4308					correct	4308					complete
compute/bound-check-zero-index.slang#cuda-1	compute/bound-check-zero-index.slang	cuda_sm_7_0	False	mvp		correct	4771					runtime-mismatch	4437		runtime-bounds-zero-index	compiled PTX executed by the CUDA compare-compute harness	slang-test expected/actual runtime result mismatch	runtime-mismatch	4628		runtime-bounds-zero-index	compiled PTX executed by the CUDA compare-compute harness	slang-test expected/actual runtime result mismatch	complete
compute/buffer-layout.slang#cuda-1	compute/buffer-layout.slang	cuda_sm_7_0	False	mvp		correct	5009					correct	4588					correct	4656					complete
compute/byte-address-buffer-64bit.slang#cuda-1	compute/byte-address-buffer-64bit.slang	cuda_sm_7_0	True	mvp		correct	5235					correct	4786					correct	4783					complete
compute/byte-address-buffer-aligned.slang#cuda-1	compute/byte-address-buffer-aligned.slang	cuda_sm_7_0	False	mvp		correct	5360					correct	4878					correct	4964					complete
compute/byte-address-buffer-array.slang#cuda-1	compute/byte-address-buffer-array.slang	cuda_sm_7_0	False	mvp		correct	5295					correct	4846					correct	4824					complete
compute/byte-address-buffer-atomic-mixed-width-12265.slang#cuda-1	compute/byte-address-buffer-atomic-mixed-width-12265.slang	cuda_sm_7_0	False	mvp		infrastructure	4593		infrastructure-native-reference	NVRTC/toolkit or generated reference contract	warning[E41012]: profile implicitly upgraded	runtime-mismatch	4817		runtime-sm90-mixed-width-atomic	compiled PTX executed by the CUDA compare-compute harness	warning[E41012]: profile implicitly upgraded	runtime-mismatch	4723		runtime-sm90-mixed-width-atomic	compiled PTX executed by the CUDA compare-compute harness	warning[E41012]: profile implicitly upgraded	complete
compute/byte-address-buffer-atomic-via-helper-12265.slang#cuda-1	compute/byte-address-buffer-atomic-via-helper-12265.slang	cuda_sm_7_0	False	mvp		correct	4789					correct	4922					correct	4579					complete
compute/byte-address-buffer-singlearg-float3-11592.slang#cuda-1	compute/byte-address-buffer-singlearg-float3-11592.slang	cuda_sm_7_0	True	mvp		correct	4518					correct	4615					correct	4353					complete
compute/byte-address-buffer.slang#cuda-1	compute/byte-address-buffer.slang	cuda_sm_7_0	True	mvp		correct	4411					correct	4351					correct	4303					complete
compute/byte-address-buffer.slang#cuda-2	compute/byte-address-buffer.slang	cuda_sm_7_0	True	mvp		correct	4593					correct	4426					correct	4360					complete
compute/column-major.slang#cuda-1	compute/column-major.slang	cuda_sm_7_0	False	mvp		correct	4887					correct	4700					correct	4612					complete
compute/constant-buffer-memory-packing.slang#cuda-1	compute/constant-buffer-memory-packing.slang	cuda_sm_7_0	False	mvp		correct	5051					correct	4749					correct	4958					complete
compute/dot1-generic.slang#cuda-1	compute/dot1-generic.slang	cuda_sm_7_0	False	mvp		correct	4999					correct	4817					correct	4897					complete
compute/dot1.slang#cuda-1	compute/dot1.slang	cuda_sm_7_0	False	mvp		correct	4623					correct	4739					correct	4842					complete
compute/dynamic-dispatch-1.slang#cuda-1	compute/dynamic-dispatch-1.slang	cuda_sm_7_0	False	mvp		correct	4978					correct	4805					correct	4724					complete
compute/dynamic-dispatch-10.slang#cuda-1	compute/dynamic-dispatch-10.slang	cuda_sm_7_0	False	mvp		correct	4740					correct	4773					correct	4717					complete
compute/dynamic-dispatch-13.slang#cuda-1	compute/dynamic-dispatch-13.slang	cuda_sm_7_0	False	mvp		correct	4644					correct	4518					correct	4600					complete
compute/dynamic-dispatch-15.slang#cuda-1	compute/dynamic-dispatch-15.slang	cuda_sm_7_0	False	mvp		correct	4574					correct	4415					correct	4470					complete
compute/dynamic-dispatch-16.slang#cuda-1	compute/dynamic-dispatch-16.slang	cuda_sm_7_0	False	mvp		correct	4877					preflight	4218	structured-buffer element layout	aggregate-pointer-layout-transport	canonical linked aggregate/pointer IR -> _validateNVVMFunction	direct NVVM lowering does not support Slang IR instruction or shape 'structured-buffer element layout'	preflight	4492	structured-buffer element layout	aggregate-pointer-layout-transport	canonical linked aggregate/pointer IR -> _validateNVVMFunction	direct NVVM lowering does not support Slang IR instruction or shape 'structured-buffer element layout'	complete
compute/dynamic-dispatch-17.slang#cuda-1	compute/dynamic-dispatch-17.slang	cuda_sm_7_0	False	mvp		correct	5205					preflight	4575	structured-buffer element layout	aggregate-pointer-layout-transport	canonical linked aggregate/pointer IR -> _validateNVVMFunction	direct NVVM lowering does not support Slang IR instruction or shape 'structured-buffer element layout'	preflight	4848	structured-buffer element layout	aggregate-pointer-layout-transport	canonical linked aggregate/pointer IR -> _validateNVVMFunction	direct NVVM lowering does not support Slang IR instruction or shape 'structured-buffer element layout'	complete
compute/dynamic-dispatch-18.slang#cuda-1	compute/dynamic-dispatch-18.slang	cuda_sm_7_0	False	mvp		correct	5087					correct	4763					correct	5023					complete
compute/dynamic-dispatch-19.slang#cuda-1	compute/dynamic-dispatch-19.slang	cuda_sm_7_0	False	mvp		correct	4480					correct	4490					correct	4959					complete
compute/dynamic-dispatch-2.slang#cuda-1	compute/dynamic-dispatch-2.slang	cuda_sm_7_0	False	mvp		correct	4810					correct	4716					correct	4966					complete
compute/dynamic-dispatch-3.slang#cuda-1	compute/dynamic-dispatch-3.slang	cuda_sm_7_0	False	mvp		correct	5008					correct	4870					correct	4758					complete
compute/dynamic-dispatch-4.slang#cuda-1	compute/dynamic-dispatch-4.slang	cuda_sm_7_0	False	mvp		correct	5002					correct	4714					correct	4646					complete
compute/dynamic-dispatch-5.slang#cuda-1	compute/dynamic-dispatch-5.slang	cuda_sm_7_0	False	mvp		correct	4713					correct	4517					correct	4594					complete
compute/dynamic-dispatch-6.slang#cuda-1	compute/dynamic-dispatch-6.slang	cuda_sm_7_0	False	mvp		correct	4731					correct	4316					correct	4208					complete
compute/dynamic-dispatch-7.slang#cuda-1	compute/dynamic-dispatch-7.slang	cuda_sm_7_0	False	mvp		correct	5050					correct	4447					correct	4754					complete
compute/dynamic-dispatch-8.slang#cuda-1	compute/dynamic-dispatch-8.slang	cuda_sm_7_0	False	mvp		correct	5084					correct	4783					correct	4862					complete
compute/dynamic-dispatch-9.slang#cuda-1	compute/dynamic-dispatch-9.slang	cuda_sm_7_0	False	mvp		correct	4744					correct	4307					correct	4771					complete
compute/dynamic-dispatch-bindless-texture.slang#cuda-1	compute/dynamic-dispatch-bindless-texture.slang	cuda_sm_7_0	False	mvp		correct	4664					correct	4577					correct	5010					complete
compute/dynamic-dispatch-substandard-float.slang#cuda-1	compute/dynamic-dispatch-substandard-float.slang	cuda_sm_7_0	False	mvp		correct	5155					preflight	4657	helper function result type	helper-abi-type-contract	post-specialization linked IRFunc signature -> _validateNVVMHelperTarget	direct NVVM lowering does not support Slang IR instruction or shape 'helper function result type: A'	preflight	4824	helper function result type	helper-abi-type-contract	post-specialization linked IRFunc signature -> _validateNVVMHelperTarget	direct NVVM lowering does not support Slang IR instruction or shape 'helper function result type: A'	complete
compute/dynamic-generics-simple.slang#cuda-1	compute/dynamic-generics-simple.slang	cuda_sm_7_0	False	mvp		correct	5020					correct	4697					correct	4849					complete
compute/entry-point-uniform-params.slang#cuda-1	compute/entry-point-uniform-params.slang	cuda_sm_7_0	False	mvp		correct	4887					correct	4657					correct	4928					complete
compute/func-param-legalize.slang#cuda-1	compute/func-param-legalize.slang	cuda_sm_7_0	False	mvp		correct	4537					correct	4560					correct	4704					complete
compute/func-resource-param.slang#cuda-1	compute/func-resource-param.slang	cuda_sm_7_0	True	mvp		correct	4751					correct	4389					correct	4555					complete
compute/groupshared.slang#cuda-1	compute/groupshared.slang	cuda_sm_7_0	False	mvp		correct	4908					correct	4624					correct	4815					complete
compute/half-calc.slang#cuda-1	compute/half-calc.slang	cuda_sm_7_0	False	mvp		correct	4928					correct	4393					correct	4407					complete
compute/half-opaque-convert.slang#cuda-1	compute/half-opaque-convert.slang	cuda_sm_7_0	False	mvp		correct	4545					correct	4592					correct	5129					complete
compute/half-rw-texture-convert.slang#cuda-1	compute/half-rw-texture-convert.slang	cuda_sm_7_0	False	mvp		correct	5107					correct	4599					correct	4963					complete
compute/half-rw-texture-convert2.slang#cuda-1	compute/half-rw-texture-convert2.slang	cuda_sm_7_0	False	mvp		correct	5250					correct	4963					correct	4872					complete
compute/half-rw-texture-simple.slang#cuda-1	compute/half-rw-texture-simple.slang	cuda_sm_7_0	False	mvp		correct	5131					provider	4705		provider-unoptimized-half-operation	NVVMTypeLoweringContext/emitNVVMIRFromLinkedIR -> libNVVM compilation	libNVVM compilation failed: Error: unsupported operation	correct	4809					complete
compute/half-structured-buffer.slang#cuda-1	compute/half-structured-buffer.slang	cuda_sm_7_0	False	mvp		correct	4683					correct	4784					correct	4730					complete
compute/half-texture-simple.slang#cuda-1	compute/half-texture-simple.slang	cuda_sm_7_0	False	mvp		correct	4665					correct	4502					correct	4422					complete
compute/half-vector-calc.slang#cuda-1	compute/half-vector-calc.slang	cuda_sm_7_0	False	mvp		infrastructure	4684		infrastructure-native-reference	NVRTC/toolkit or generated reference contract	"error : class ""__half4"" has no member ""xyz"""	provider	4316		provider-unoptimized-half-operation	NVVMTypeLoweringContext/emitNVVMIRFromLinkedIR -> libNVVM compilation	libNVVM compilation failed: Error: unsupported operation	correct	5120					complete
compute/half-vector-compare.slang#cuda-1	compute/half-vector-compare.slang	cuda_sm_7_0	False	mvp		correct	5017					provider	4443		provider-unoptimized-half-operation	NVVMTypeLoweringContext/emitNVVMIRFromLinkedIR -> libNVVM compilation	libNVVM compilation failed: Error: unsupported operation	correct	4475					complete
compute/ieee754-mixed-type-nan-comparisons.slang#cuda-1	compute/ieee754-mixed-type-nan-comparisons.slang	cuda_sm_7_0	False	mvp		correct	4670					correct	4353					correct	4694					complete
compute/int-generic.slang#cuda-1	compute/int-generic.slang	cuda_sm_7_0	False	mvp		correct	4837					correct	4392					correct	4910					complete
compute/interface-assoc-type-param.slang#cuda-1	compute/interface-assoc-type-param.slang	cuda_sm_7_0	False	mvp		correct	5143					preflight	4455	entry-point parameter	aggregate-pointer-layout-transport	canonical linked aggregate/pointer IR -> _validateNVVMFunction	direct NVVM lowering does not support Slang IR instruction or shape 'entry-point parameter'	preflight	4865	entry-point parameter	aggregate-pointer-layout-transport	canonical linked aggregate/pointer IR -> _validateNVVMFunction	direct NVVM lowering does not support Slang IR instruction or shape 'entry-point parameter'	complete
compute/interface-func-param-in-struct.slang#cuda-1	compute/interface-func-param-in-struct.slang	cuda_sm_7_0	False	mvp		correct	5135					preflight	4487	entry-point parameter	aggregate-pointer-layout-transport	canonical linked aggregate/pointer IR -> _validateNVVMFunction	direct NVVM lowering does not support Slang IR instruction or shape 'entry-point parameter'	preflight	5004	entry-point parameter	aggregate-pointer-layout-transport	canonical linked aggregate/pointer IR -> _validateNVVMFunction	direct NVVM lowering does not support Slang IR instruction or shape 'entry-point parameter'	complete
compute/kernel-context-threading.slang#cuda-1	compute/kernel-context-threading.slang	cuda_sm_7_0	False	mvp		correct	5002					correct	4588					correct	5088					complete
compute/kernel-context-threading.slang#cuda-2	compute/kernel-context-threading.slang	cuda_sm_7_0	False	mvp		correct	4592					correct	4542					correct	4513					complete
compute/logic-no-short-circuit-evaluation.slang#cuda-1	compute/logic-no-short-circuit-evaluation.slang	cuda_sm_7_0	False	mvp		correct	4845					correct	4445					correct	4736					complete
compute/logic-short-circuit-evaluation.slang#cuda-1	compute/logic-short-circuit-evaluation.slang	cuda_sm_7_0	False	mvp		correct	4950					correct	4507					correct	4515					complete
compute/loop-unroll.slang#cuda-1	compute/loop-unroll.slang	cuda_sm_7_0	False	mvp		correct	4964					correct	4314					correct	4521					complete
compute/matrix-layout-structured-buffer.slang#cuda-1	compute/matrix-layout-structured-buffer.slang	cuda_sm_7_0	False	mvp		correct	4799					correct	4389					correct	4801					complete
compute/mutating-and-inout.slang#cuda-1	compute/mutating-and-inout.slang	cuda_sm_7_0	False	mvp		correct	4802					correct	4420					correct	5000					complete
compute/nested-assoc-types.slang#cuda-1	compute/nested-assoc-types.slang	cuda_sm_7_0	False	mvp		correct	5068					correct	4538					correct	4825					complete
compute/non-square-row-major.slang#cuda-1	compute/non-square-row-major.slang	cuda_sm_7_0	False	mvp		correct	4912					correct	4664					correct	4822					complete
compute/pack-any-value-16bit.slang#cuda-1	compute/pack-any-value-16bit.slang	cuda_sm_7_0	False	mvp		correct	4606					correct	4561					correct	4702					complete
compute/pack-any-value-8bit.slang#cuda-1	compute/pack-any-value-8bit.slang	cuda_sm_7_0	False	mvp		correct	4469					correct	4437					correct	4617					complete
compute/parameter-block.slang#cuda-1	compute/parameter-block.slang	cuda_sm_7_0	False	mvp		correct	4809					correct	4470					correct	4766					complete
compute/reinterpret-structured-buffer.slang#cuda-1	compute/reinterpret-structured-buffer.slang	cuda_sm_7_0	False	mvp		correct	5017					preflight	4409	helper function result type	helper-abi-type-contract	post-specialization linked IRFunc signature -> _validateNVVMHelperTarget	direct NVVM lowering does not support Slang IR instruction or shape 'helper function result type: RWStructuredBuffer<vector<half,2>>'	preflight	4169	helper function result type	helper-abi-type-contract	post-specialization linked IRFunc signature -> _validateNVVMHelperTarget	direct NVVM lowering does not support Slang IR instruction or shape 'helper function result type: RWStructuredBuffer<vector<half,2>>'	complete
compute/row-major.slang#cuda-1	compute/row-major.slang	cuda_sm_7_0	True	mvp		correct	4543					correct	4381					correct	4507					complete
compute/rw-texture-simple.slang#cuda-1	compute/rw-texture-simple.slang	cuda_sm_7_0	False	mvp		correct	4809					correct	4402					correct	4739					complete
compute/simple-interface-parameter.slang#cuda-1	compute/simple-interface-parameter.slang	cuda_sm_7_0	False	mvp		correct	4778					preflight	4541	global_param	aggregate-pointer-layout-transport	canonical linked aggregate/pointer IR -> _validateNVVMFunction	direct NVVM lowering does not support Slang IR instruction or shape 'global_param'	preflight	4758	global_param	aggregate-pointer-layout-transport	canonical linked aggregate/pointer IR -> _validateNVVMFunction	direct NVVM lowering does not support Slang IR instruction or shape 'global_param'	complete
compute/simple.slang#cuda-1	compute/simple.slang	cuda_sm_7_0	False	mvp		correct	4803					correct	4542					correct	4775					complete
compute/struct-default-init.slang#cuda-1	compute/struct-default-init.slang	cuda_sm_7_0	False	mvp		correct	4747					correct	4645					correct	4706					complete
compute/struct-in-generic.slang#cuda-1	compute/struct-in-generic.slang	cuda_sm_7_0	False	mvp		correct	4582					correct	4581					correct	4499					complete
compute/structured-buffer-load.slang#cuda-1	compute/structured-buffer-load.slang	cuda_sm_7_0	True	mvp		correct	4882					correct	4717					correct	4791					complete
compute/structured-buffer-of-matrices.slang#cuda-1	compute/structured-buffer-of-matrices.slang	cuda_sm_7_0	True	mvp		correct	4985					correct	4480					correct	4470					complete
compute/structured-buffer-of-struct.slang#cuda-1	compute/structured-buffer-of-struct.slang	cuda_sm_7_0	False	mvp		correct	4505					correct	4377					correct	4388					complete
compute/structured-buffer-swizzle-store.slang#cuda-1	compute/structured-buffer-swizzle-store.slang	cuda_sm_7_0	False	mvp		correct	4769					correct	4411					correct	4696					complete
compute/switch-stmt.slang#cuda-1	compute/switch-stmt.slang	cuda_sm_7_0	False	mvp		correct	4740					correct	4434					correct	4705					complete
compute/texture-get-dimensions-cuda.slang#cuda-1	compute/texture-get-dimensions-cuda.slang	cuda_sm_7_0	False	mvp		correct	4860					correct	4567					correct	4798					complete
compute/texture-simple.slang#cuda-1	compute/texture-simple.slang	cuda_sm_7_0	False	mvp		correct	4932					correct	4738					correct	4883					complete
compute/texture-simpler.slang#cuda-1	compute/texture-simpler.slang	cuda_sm_7_0	False	mvp		correct	4752					correct	4607					correct	4280					complete
compute/texture-subscript-cuda.slang#cuda-1	compute/texture-subscript-cuda.slang	cuda_sm_7_0	False	mvp		correct	4893					correct	4574					correct	4922					complete
compute/texture-subscript-uint-cuda.slang#cuda-1	compute/texture-subscript-uint-cuda.slang	cuda_sm_7_0	False	mvp		correct	4878					correct	4564					correct	4741					complete
compute/texture-subscript.slang#cuda-1	compute/texture-subscript.slang	cuda_sm_7_0	True	mvp		infrastructure	4344		infrastructure-native-reference	NVRTC/toolkit or generated reference contract	BUF: expected string not found in input	correct	4634					correct	4339					complete
compute/transcendental-double.slang#cuda-1	compute/transcendental-double.slang	cuda_sm_7_0	False	mvp		correct	4774					correct	4513					correct	4407					complete
compute/transcendental.slang#cuda-1	compute/transcendental.slang	cuda_sm_7_0	False	mvp		correct	4771					correct	4363					correct	4589					complete
compute/transitive-interface.slang#cuda-1	compute/transitive-interface.slang	cuda_sm_7_0	False	mvp		correct	4861					correct	4372					correct	4465					complete
compute/typedef-member.slang#cuda-1	compute/typedef-member.slang	cuda_sm_7_0	False	mvp		correct	4839					correct	4634					correct	4738					complete
compute/vector-scalar-compare.slang#cuda-1	compute/vector-scalar-compare.slang	cuda_sm_7_0	False	mvp		correct	4898					correct	4755					correct	4579					complete
compute/write-structured-buffer-field.slang#cuda-1	compute/write-structured-buffer-field.slang	cuda_sm_7_0	False	mvp		correct	4651					correct	4398					correct	4763					complete
cross-compile/simple-cross-compile.slang#cuda-1	cross-compile/simple-cross-compile.slang	cuda_sm_7_0	False	mvp		correct	5302					correct	4820					correct	5037					complete
cuda/compile-to-cuda.slang#cuda-1	cuda/compile-to-cuda.slang	cuda_sm_7_0	False	mvp		correct	4923					correct	4647					correct	4583					complete
cuda/copy-elision-this-2.slang#cuda-1	cuda/copy-elision-this-2.slang	cuda_sm_7_0	False	mvp		correct	4595					preflight	4345	global_param	aggregate-pointer-layout-transport	canonical linked aggregate/pointer IR -> _validateNVVMFunction	direct NVVM lowering does not support Slang IR instruction or shape 'global_param'	preflight	4214	global_param	aggregate-pointer-layout-transport	canonical linked aggregate/pointer IR -> _validateNVVMFunction	direct NVVM lowering does not support Slang IR instruction or shape 'global_param'	complete
cuda/cuda-array-layout.slang#cuda-1	cuda/cuda-array-layout.slang	cuda_sm_7_0	False	mvp		correct	4800					correct	4498					correct	4299					complete
cuda/cuda-kernel-param-layout.slang#cuda-1	cuda/cuda-kernel-param-layout.slang	cuda_sm_7_0	False	mvp		correct	4753					correct	4396					correct	4404					complete
cuda/cuda-layout.slang#cuda-1	cuda/cuda-layout.slang	cuda_sm_7_0	False	mvp		correct	4878					correct	4478					correct	4648					complete
cuda/cuda-texture.slang#cuda-1	cuda/cuda-texture.slang	cuda_sm_7_0	False	mvp		correct	4779					preflight	4555	RequireComputeDerivative	residual-target-marker-or-undefined-value	named upstream IR producer -> _validateNVVMFunction default rejection	direct NVVM lowering does not support Slang IR instruction or shape 'RequireComputeDerivative'	preflight	4613	RequireComputeDerivative	residual-target-marker-or-undefined-value	named upstream IR producer -> _validateNVVMFunction default rejection	direct NVVM lowering does not support Slang IR instruction or shape 'RequireComputeDerivative'	complete
cuda/cuda-vector-binary-ops.slang#cuda-1	cuda/cuda-vector-binary-ops.slang	cuda_sm_7_0	False	mvp		correct	4523					correct	4360					correct	4491					complete
cuda/get-buffer-ptr.slang#cuda-1	cuda/get-buffer-ptr.slang	cuda_sm_7_0	False	mvp		correct	4861					correct	4702					correct	4728					complete
cuda/make-matrix.slang#cuda-1	cuda/make-matrix.slang	cuda_sm_7_0	False	mvp		correct	4726					preflight	4826	struct field address	aggregate-pointer-layout-transport	canonical linked aggregate/pointer IR -> _validateNVVMFunction	direct NVVM lowering does not support Slang IR instruction or shape 'struct field address'	preflight	4610	struct field address	aggregate-pointer-layout-transport	canonical linked aggregate/pointer IR -> _validateNVVMFunction	direct NVVM lowering does not support Slang IR instruction or shape 'struct field address'	complete
cuda/nvvm-conventional-global-multi-resource.slang#cuda-1	cuda/nvvm-conventional-global-multi-resource.slang	cuda_sm_7_0	False	mvp		correct	4576					correct	4801					correct	4539					complete
cuda/nvvm-float-matrix-values.slang#cuda-1	cuda/nvvm-float-matrix-values.slang	cuda_sm_7_0	True	mvp		correct	4647					correct	4582					correct	4515					complete
cuda/nvvm-half-values.slang#cuda-1	cuda/nvvm-half-values.slang	cuda_sm_7_0	True	mvp		correct	4882					provider	4445		provider-unoptimized-half-operation	NVVMTypeLoweringContext/emitNVVMIRFromLinkedIR -> libNVVM compilation	CHECK: expected string not found in input	correct	4421					complete
cuda/nvvm-helper-copyable-values.slang#cuda-1	cuda/nvvm-helper-copyable-values.slang	cuda_sm_7_0	False	mvp		correct	5047					correct	4487					correct	4522					complete
cuda/nvvm-thread-local-global-context.slang#cuda-1	cuda/nvvm-thread-local-global-context.slang	cuda_sm_7_0	True	mvp		correct	5095					correct	4770					correct	4781					complete
cuda/nvvm-typed-select.slang#cuda-1	cuda/nvvm-typed-select.slang	cuda_sm_7_0	True	mvp		correct	4771					correct	4508					correct	4570					complete
cuda/param-block-alignment.slang#cuda-1	cuda/param-block-alignment.slang	cuda_sm_7_0	False	mvp		correct	4910					correct	4519					correct	4778					complete
cuda/require-prelude.slang#cuda-1	cuda/require-prelude.slang	cuda_sm_7_0	False	mvp		correct	4984					preflight	4925	RequirePrelude	residual-target-marker-or-undefined-value	named upstream IR producer -> _validateNVVMFunction default rejection	direct NVVM lowering does not support Slang IR instruction or shape 'RequirePrelude'	preflight	4807	RequirePrelude	residual-target-marker-or-undefined-value	named upstream IR producer -> _validateNVVMFunction default rejection	direct NVVM lowering does not support Slang IR instruction or shape 'RequirePrelude'	complete
cuda/vector-dot-signed-zero.slang#cuda-1	cuda/vector-dot-signed-zero.slang	cuda_sm_7_0	False	mvp		correct	4758					correct	4999					correct	4804					complete
cuda/wave-lane-index-multidim-3d.slang#cuda-1	cuda/wave-lane-index-multidim-3d.slang	cuda_sm_7_0	False	mvp		correct	4588					correct	4850					correct	4731					complete
front-end/float-literal-values-rounding-dec-compute.slang#cuda-1	front-end/float-literal-values-rounding-dec-compute.slang	cuda_sm_7_0	False	mvp		correct	4786					correct	4776					correct	4672					complete
glsl-intrinsic/array-length.slang#cuda-1	glsl-intrinsic/array-length.slang	cuda_sm_7_0	False	mvp		correct	4929					correct	4229					correct	4601					complete
glsl-intrinsic/unpack-float.slang#cuda-1	glsl-intrinsic/unpack-float.slang	cuda_sm_7_0	False	mvp		correct	5205					correct	4650					correct	4913					complete
hlsl-intrinsic/active-mask/for-break.slang#cuda-1	hlsl-intrinsic/active-mask/for-break.slang	cuda_sm_7_0	False	mvp		correct	4888					correct	4542					correct	4317					complete
hlsl-intrinsic/active-mask/for-continue-ext.slang#cuda-1	hlsl-intrinsic/active-mask/for-continue-ext.slang	cuda_sm_7_0	False	mvp		correct	4828					correct	4358					correct	4753					complete
hlsl-intrinsic/active-mask/for-continue.slang#cuda-1	hlsl-intrinsic/active-mask/for-continue.slang	cuda_sm_7_0	False	mvp		correct	4887					correct	4810					correct	4406					complete
hlsl-intrinsic/active-mask/for.slang#cuda-1	hlsl-intrinsic/active-mask/for.slang	cuda_sm_7_0	False	mvp		correct	4574					correct	4506					correct	4451					complete
hlsl-intrinsic/active-mask/if-conditional-exit.slang#cuda-1	hlsl-intrinsic/active-mask/if-conditional-exit.slang	cuda_sm_7_0	False	mvp		correct	4775					correct	4559					correct	4613					complete
hlsl-intrinsic/active-mask/if-early-exit.slang#cuda-1	hlsl-intrinsic/active-mask/if-early-exit.slang	cuda_sm_7_0	False	mvp		correct	4811					correct	4695					correct	4740					complete
hlsl-intrinsic/active-mask/if-one-sided.slang#cuda-1	hlsl-intrinsic/active-mask/if-one-sided.slang	cuda_sm_7_0	False	mvp		correct	4819					correct	4792					correct	4710					complete
hlsl-intrinsic/active-mask/if.slang#cuda-1	hlsl-intrinsic/active-mask/if.slang	cuda_sm_7_0	False	mvp		correct	4504					correct	4878					correct	4723					complete
hlsl-intrinsic/active-mask/switch-no-default.slang#cuda-1	hlsl-intrinsic/active-mask/switch-no-default.slang	cuda_sm_7_0	False	mvp		correct	4667					preflight	4731	waveMaskMatch	atomic-wave-operation	atomic/wave legalization IR op -> _validateNVVMFunction	direct NVVM lowering does not support Slang IR instruction or shape 'waveMaskMatch'	preflight	4377	waveMaskMatch	atomic-wave-operation	atomic/wave legalization IR op -> _validateNVVMFunction	direct NVVM lowering does not support Slang IR instruction or shape 'waveMaskMatch'	complete
hlsl-intrinsic/active-mask/switch.slang#cuda-1	hlsl-intrinsic/active-mask/switch.slang	cuda_sm_7_0	False	mvp		correct	4760					preflight	4378	waveMaskMatch	atomic-wave-operation	atomic/wave legalization IR op -> _validateNVVMFunction	direct NVVM lowering does not support Slang IR instruction or shape 'waveMaskMatch'	preflight	4541	waveMaskMatch	atomic-wave-operation	atomic/wave legalization IR op -> _validateNVVMFunction	direct NVVM lowering does not support Slang IR instruction or shape 'waveMaskMatch'	complete
hlsl-intrinsic/asfloat16.slang#cuda-1	hlsl-intrinsic/asfloat16.slang	cuda_sm_7_0	False	mvp		correct	4875					correct	4801					correct	4571					complete
hlsl-intrinsic/atomic/atomic-intrinsics-64bit.slang#cuda-1	hlsl-intrinsic/atomic/atomic-intrinsics-64bit.slang	cuda_sm_7_0	False	mvp		correct	4951					preflight	4494	sequential element pointer	aggregate-pointer-layout-transport	canonical linked aggregate/pointer IR -> _validateNVVMFunction	direct NVVM lowering does not support Slang IR instruction or shape 'sequential element pointer: Ptr<uint64_t, addressSpace=3, access=0, operands=4, layout=ScalarLayout>'	preflight	4205	sequential element pointer	aggregate-pointer-layout-transport	canonical linked aggregate/pointer IR -> _validateNVVMFunction	direct NVVM lowering does not support Slang IR instruction or shape 'sequential element pointer: Ptr<uint64_t, addressSpace=3, access=0, operands=4, layout=ScalarLayout>'	complete
hlsl-intrinsic/atomic/atomic-intrinsics.slang#cuda-1	hlsl-intrinsic/atomic/atomic-intrinsics.slang	cuda_sm_7_0	False	mvp		correct	4814					preflight	4337	atomicAnd	atomic-wave-operation	atomic/wave legalization IR op -> _validateNVVMFunction	direct NVVM lowering does not support Slang IR instruction or shape 'atomicAnd'	preflight	4353	atomicAnd	atomic-wave-operation	atomic/wave legalization IR op -> _validateNVVMFunction	direct NVVM lowering does not support Slang IR instruction or shape 'atomicAnd'	complete
hlsl-intrinsic/atomic/atomic-reduce-float.slang#cuda-1	hlsl-intrinsic/atomic/atomic-reduce-float.slang	cuda_sm_7_0	False	mvp		correct	4741					preflight	4501	helper function parameter	helper-abi-type-contract	post-specialization linked IRFunc signature -> _validateNVVMHelperTarget	direct NVVM lowering does not support Slang IR instruction or shape 'helper function parameter: RefParam<float, addressSpace=2147483647, access=0, operands=4, layout=DefaultLayout>'	preflight	4481	helper function parameter	helper-abi-type-contract	post-specialization linked IRFunc signature -> _validateNVVMHelperTarget	direct NVVM lowering does not support Slang IR instruction or shape 'helper function parameter: RefParam<float, addressSpace=2147483647, access=0, operands=4, layout=DefaultLayout>'	complete
hlsl-intrinsic/atomic/atomic-reduce-half-cuda.slang#cuda-1	hlsl-intrinsic/atomic/atomic-reduce-half-cuda.slang	cuda_sm_7_0	False	mvp		correct	4772					preflight	4566	helper function parameter	helper-abi-type-contract	post-specialization linked IRFunc signature -> _validateNVVMHelperTarget	direct NVVM lowering does not support Slang IR instruction or shape 'helper function parameter: RefParam<half, addressSpace=2147483647, access=0, operands=4, layout=DefaultLayout>'	preflight	4582	helper function parameter	helper-abi-type-contract	post-specialization linked IRFunc signature -> _validateNVVMHelperTarget	direct NVVM lowering does not support Slang IR instruction or shape 'helper function parameter: RefParam<half, addressSpace=2147483647, access=0, operands=4, layout=DefaultLayout>'	complete
hlsl-intrinsic/atomic/atomic-reduce-intrinsics.slang#cuda-1	hlsl-intrinsic/atomic/atomic-reduce-intrinsics.slang	cuda_sm_7_0	False	mvp		correct	4662					preflight	4941	helper function parameter	helper-abi-type-contract	post-specialization linked IRFunc signature -> _validateNVVMHelperTarget	direct NVVM lowering does not support Slang IR instruction or shape 'helper function parameter: RefParam<uint, addressSpace=2147483647, access=0, operands=4, layout=DefaultLayout>'	preflight	4598	helper function parameter	helper-abi-type-contract	post-specialization linked IRFunc signature -> _validateNVVMHelperTarget	direct NVVM lowering does not support Slang IR instruction or shape 'helper function parameter: RefParam<uint, addressSpace=2147483647, access=0, operands=4, layout=DefaultLayout>'	complete
hlsl-intrinsic/atomic/atomic-reduce-methods-float.slang#cuda-1	hlsl-intrinsic/atomic/atomic-reduce-methods-float.slang	cuda_sm_7_0	False	mvp		correct	4696					preflight	4948	helper function parameter	helper-abi-type-contract	post-specialization linked IRFunc signature -> _validateNVVMHelperTarget	direct NVVM lowering does not support Slang IR instruction or shape 'helper function parameter: RefParam<Atomic, addressSpace=2147483647, access=0, operands=4, layout=DefaultLayout>'	preflight	4600	helper function parameter	helper-abi-type-contract	post-specialization linked IRFunc signature -> _validateNVVMHelperTarget	direct NVVM lowering does not support Slang IR instruction or shape 'helper function parameter: RefParam<Atomic, addressSpace=2147483647, access=0, operands=4, layout=DefaultLayout>'	complete
hlsl-intrinsic/atomic/atomic-reduce-methods.slang#cuda-1	hlsl-intrinsic/atomic/atomic-reduce-methods.slang	cuda_sm_7_0	False	mvp		correct	4844					preflight	4558	helper function parameter	helper-abi-type-contract	post-specialization linked IRFunc signature -> _validateNVVMHelperTarget	direct NVVM lowering does not support Slang IR instruction or shape 'helper function parameter: RefParam<Atomic, addressSpace=2147483647, access=0, operands=4, layout=DefaultLayout>'	preflight	4548	helper function parameter	helper-abi-type-contract	post-specialization linked IRFunc signature -> _validateNVVMHelperTarget	direct NVVM lowering does not support Slang IR instruction or shape 'helper function parameter: RefParam<Atomic, addressSpace=2147483647, access=0, operands=4, layout=DefaultLayout>'	complete
hlsl-intrinsic/bit-cast-double.slang#cuda-1	hlsl-intrinsic/bit-cast-double.slang	cuda_sm_7_0	False	mvp		correct	4382					correct	4781					correct	4327					complete
hlsl-intrinsic/bit-cast.slang#cuda-1	hlsl-intrinsic/bit-cast.slang	cuda_sm_7_0	False	mvp		correct	4829					correct	4434					correct	4391					complete
hlsl-intrinsic/bit-cast/bit-cast-16-bit.slang#cuda-1	hlsl-intrinsic/bit-cast/bit-cast-16-bit.slang	cuda_sm_7_0	False	mvp		correct	4870					provider	4656		provider-unoptimized-half-operation	NVVMTypeLoweringContext/emitNVVMIRFromLinkedIR -> libNVVM compilation	libNVVM compilation failed: Error: unsupported operation	correct	4622					complete
hlsl-intrinsic/byte-address-buffer-atomics.slang#cuda-1	hlsl-intrinsic/byte-address-buffer-atomics.slang	cuda_sm_7_0	False	mvp		correct	4758					preflight	4672	selected atomic operation	atomic-wave-operation	atomic/wave legalization IR op -> _validateNVVMFunction	direct NVVM lowering does not support Slang IR instruction or shape 'selected atomic operation'	preflight	4314	selected atomic operation	atomic-wave-operation	atomic/wave legalization IR op -> _validateNVVMFunction	direct NVVM lowering does not support Slang IR instruction or shape 'selected atomic operation'	complete
hlsl-intrinsic/byte-address-buffer/byte-address-16bit-vector.slang#cuda-1	hlsl-intrinsic/byte-address-buffer/byte-address-16bit-vector.slang	cuda_sm_7_0	False	mvp		correct	4731					preflight	4268	core byte-address buffer access	raw-buffer-view-access	raw-buffer legalization IR op -> direct-NVVM raw-buffer resolver	direct NVVM lowering does not support Slang IR instruction or shape 'core byte-address buffer access'	preflight	4526	core byte-address buffer access	raw-buffer-view-access	raw-buffer legalization IR op -> direct-NVVM raw-buffer resolver	direct NVVM lowering does not support Slang IR instruction or shape 'core byte-address buffer access'	complete
hlsl-intrinsic/byte-address-buffer/byte-address-16bit.slang#cuda-1	hlsl-intrinsic/byte-address-buffer/byte-address-16bit.slang	cuda_sm_7_0	False	mvp		correct	4861					preflight	4332	core byte-address buffer access	raw-buffer-view-access	raw-buffer legalization IR op -> direct-NVVM raw-buffer resolver	direct NVVM lowering does not support Slang IR instruction or shape 'core byte-address buffer access'	preflight	4454	core byte-address buffer access	raw-buffer-view-access	raw-buffer legalization IR op -> direct-NVVM raw-buffer resolver	direct NVVM lowering does not support Slang IR instruction or shape 'core byte-address buffer access'	complete
hlsl-intrinsic/byte-address-buffer/byte-address-half-atomics.slang#cuda-1	hlsl-intrinsic/byte-address-buffer/byte-address-half-atomics.slang	cuda_sm_7_0	False	mvp		correct	4869					preflight	4676	equivalent structured-buffer view	raw-buffer-view-access	raw-buffer legalization IR op -> direct-NVVM raw-buffer resolver	direct NVVM lowering does not support Slang IR instruction or shape 'equivalent structured-buffer view'	preflight	4542	equivalent structured-buffer view	raw-buffer-view-access	raw-buffer legalization IR op -> direct-NVVM raw-buffer resolver	direct NVVM lowering does not support Slang IR instruction or shape 'equivalent structured-buffer view'	complete
hlsl-intrinsic/byte-address-buffer/byte-address-struct.slang#cuda-1	hlsl-intrinsic/byte-address-buffer/byte-address-struct.slang	cuda_sm_7_0	False	mvp		correct	4614					correct	4797					correct	4584					complete
hlsl-intrinsic/classify-double.slang#cuda-1	hlsl-intrinsic/classify-double.slang	cuda_sm_7_0	False	mvp		correct	4723					correct	4526					correct	4431					complete
hlsl-intrinsic/classify-float.slang#cuda-1	hlsl-intrinsic/classify-float.slang	cuda_sm_7_0	False	mvp		correct	4514					correct	4625					correct	4432					complete
hlsl-intrinsic/countbits.slang#cuda-1	hlsl-intrinsic/countbits.slang	cuda_sm_7_0	False	mvp		correct	4676					correct	4707					correct	4316					complete
hlsl-intrinsic/countbits16.slang#cuda-1	hlsl-intrinsic/countbits16.slang	cuda_sm_7_0	False	mvp		correct	4826					correct	4542					correct	4445					complete
hlsl-intrinsic/countbits64.slang#cuda-1	hlsl-intrinsic/countbits64.slang	cuda_sm_7_0	False	mvp		correct	4952					correct	4312					correct	4507					complete
hlsl-intrinsic/countbits8.slang#cuda-1	hlsl-intrinsic/countbits8.slang	cuda_sm_7_0	False	mvp		correct	4879					correct	4755					correct	4629					complete
hlsl-intrinsic/dot-accumulate.slang#cuda-1	hlsl-intrinsic/dot-accumulate.slang	cuda_sm_7_0	False	mvp		correct	4681					correct	4753					correct	4667					complete
hlsl-intrinsic/f16tof32.slang#cuda-1	hlsl-intrinsic/f16tof32.slang	cuda_sm_7_0	False	mvp		correct	5031					correct	4855					correct	4403					complete
hlsl-intrinsic/f32tof16.slang#cuda-1	hlsl-intrinsic/f32tof16.slang	cuda_sm_7_0	False	mvp		correct	5057					correct	4466					correct	4545					complete
hlsl-intrinsic/firstbithigh.slang#cuda-1	hlsl-intrinsic/firstbithigh.slang	cuda_sm_7_0	False	mvp		correct	4712					correct	4762					correct	4506					complete
hlsl-intrinsic/firstbithigh64.slang#cuda-1	hlsl-intrinsic/firstbithigh64.slang	cuda_sm_7_0	False	mvp		correct	4675					correct	5105					correct	4492					complete
hlsl-intrinsic/firstbitlow.slang#cuda-1	hlsl-intrinsic/firstbitlow.slang	cuda_sm_7_0	False	mvp		correct	4994					correct	4989					correct	4478					complete
hlsl-intrinsic/firstbitlow64.slang#cuda-1	hlsl-intrinsic/firstbitlow64.slang	cuda_sm_7_0	False	mvp		correct	5300					correct	4835					correct	4574					complete
hlsl-intrinsic/literal-int64.slang#cuda-1	hlsl-intrinsic/literal-int64.slang	cuda_sm_7_0	False	mvp		correct	5170					correct	5175					correct	4629					complete
hlsl-intrinsic/matrix-cast-to-vector.slang#cuda-1	hlsl-intrinsic/matrix-cast-to-vector.slang	cuda_sm_7_0	False	mvp		correct	4704					correct	5197					correct	4668					complete
hlsl-intrinsic/matrix-double-reduced-intrinsic.slang#cuda-1	hlsl-intrinsic/matrix-double-reduced-intrinsic.slang	cuda_sm_7_0	False	mvp		correct	4953					preflight	4868	add: vector<double,2> -> vector<double,2>	preflight-other	canonical linked IR -> _validateNVVMFunction	direct NVVM lowering does not support Slang IR instruction or shape 'add: vector<double,2> -> vector<double,2>'	preflight	4376	add: vector<double,2> -> vector<double,2>	preflight-other	canonical linked IR -> _validateNVVMFunction	direct NVVM lowering does not support Slang IR instruction or shape 'add: vector<double,2> -> vector<double,2>'	complete
hlsl-intrinsic/matrix-double.slang#cuda-1	hlsl-intrinsic/matrix-double.slang	cuda_sm_7_0	False	mvp		correct	6380					preflight	4417	unmodified	preflight-other	canonical linked IR -> _validateNVVMFunction	direct NVVM lowering does not support Slang IR instruction or shape 'unmodified'	preflight	4573	unmodified	preflight-other	canonical linked IR -> _validateNVVMFunction	direct NVVM lowering does not support Slang IR instruction or shape 'unmodified'	complete
hlsl-intrinsic/matrix-float.slang#cuda-1	hlsl-intrinsic/matrix-float.slang	cuda_sm_7_0	False	mvp		correct	5882					runtime-mismatch	4757		runtime-other	compiled PTX executed by the CUDA compare-compute harness	slang-test expected/actual runtime result mismatch	runtime-mismatch	5058		runtime-other	compiled PTX executed by the CUDA compare-compute harness	slang-test expected/actual runtime result mismatch	complete
hlsl-intrinsic/matrix-int-runtime-index.slang#cuda-1	hlsl-intrinsic/matrix-int-runtime-index.slang	cuda_sm_7_0	False	mvp		correct	4569					correct	5067					correct	4418					complete
hlsl-intrinsic/matrix-int.slang#cuda-1	hlsl-intrinsic/matrix-int.slang	cuda_sm_7_0	False	mvp		correct	4638					correct	5100					correct	4379					complete
hlsl-intrinsic/min-max-iarithmetic.slang#cuda-1	hlsl-intrinsic/min-max-iarithmetic.slang	cuda_sm_7_0	False	mvp		correct	4993					correct	5113					correct	4436					complete
hlsl-intrinsic/packed/pack-unpack-float.slang#cuda-1	hlsl-intrinsic/packed/pack-unpack-float.slang	cuda_sm_7_0	False	mvp		correct	5205					correct	4558					correct	4830					complete
hlsl-intrinsic/packed/pack-unpack.slang#cuda-1	hlsl-intrinsic/packed/pack-unpack.slang	cuda_sm_7_0	False	mvp		correct	4636					correct	4820					correct	4727					complete
hlsl-intrinsic/packed/pack-unpack.slang#cuda-2	hlsl-intrinsic/packed/pack-unpack.slang	cuda_sm_7_0	False	mvp		correct	4554					correct	4755					correct	4633					complete
hlsl-intrinsic/packed/unpack-float.slang#cuda-1	hlsl-intrinsic/packed/unpack-float.slang	cuda_sm_7_0	False	mvp		correct	4780					correct	4729					correct	4504					complete
hlsl-intrinsic/quad-control/quad-control-comp-functionality.slang#cuda-1	hlsl-intrinsic/quad-control/quad-control-comp-functionality.slang	cuda_sm_7_0	False	extension	advanced wave/quad operation outside the initial MVP	correct	4730					preflight	4251	RequireMaximallyReconverges	residual-target-marker-or-undefined-value	named upstream IR producer -> _validateNVVMFunction default rejection	direct NVVM lowering does not support Slang IR instruction or shape 'RequireMaximallyReconverges'	preflight	4637	RequireMaximallyReconverges	residual-target-marker-or-undefined-value	named upstream IR producer -> _validateNVVMFunction default rejection	direct NVVM lowering does not support Slang IR instruction or shape 'RequireMaximallyReconverges'	complete
hlsl-intrinsic/reversebits.slang#cuda-1	hlsl-intrinsic/reversebits.slang	cuda_sm_7_0	False	mvp		correct	4684					correct	4698					correct	4631					complete
hlsl-intrinsic/reversebits64.slang#cuda-1	hlsl-intrinsic/reversebits64.slang	cuda_sm_7_0	False	mvp		correct	4668					correct	4883					correct	4547					complete
hlsl-intrinsic/scalar-bf16.slang#cuda-1	hlsl-intrinsic/scalar-bf16.slang	cuda_sm_7_0	False	mvp		correct	5063					preflight	4755	helper function result type	helper-abi-type-contract	post-specialization linked IRFunc signature -> _validateNVVMHelperTarget	direct NVVM lowering does not support Slang IR instruction or shape 'helper function result type: BFloat16'	preflight	4342	helper function result type	helper-abi-type-contract	post-specialization linked IRFunc signature -> _validateNVVMHelperTarget	direct NVVM lowering does not support Slang IR instruction or shape 'helper function result type: BFloat16'	complete
hlsl-intrinsic/scalar-double-abs.slang#cuda-1	hlsl-intrinsic/scalar-double-abs.slang	cuda_sm_7_0	False	mvp		correct	4976					correct	4317					correct	4546					complete
hlsl-intrinsic/scalar-double-acos.slang#cuda-1	hlsl-intrinsic/scalar-double-acos.slang	cuda_sm_7_0	False	mvp		correct	5001					correct	4662					correct	4691					complete
hlsl-intrinsic/scalar-double-asdouble.slang#cuda-1	hlsl-intrinsic/scalar-double-asdouble.slang	cuda_sm_7_0	False	mvp		correct	4634					correct	4681					correct	4696					complete
hlsl-intrinsic/scalar-double-asin.slang#cuda-1	hlsl-intrinsic/scalar-double-asin.slang	cuda_sm_7_0	False	mvp		correct	5024					correct	4790					correct	4338					complete
hlsl-intrinsic/scalar-double-asuint.slang#cuda-1	hlsl-intrinsic/scalar-double-asuint.slang	cuda_sm_7_0	False	mvp		correct	4913					correct	4458					correct	4613					complete
hlsl-intrinsic/scalar-double-atan.slang#cuda-1	hlsl-intrinsic/scalar-double-atan.slang	cuda_sm_7_0	False	mvp		correct	5049					correct	4490					correct	4765					complete
hlsl-intrinsic/scalar-double-atan2.slang#cuda-1	hlsl-intrinsic/scalar-double-atan2.slang	cuda_sm_7_0	False	mvp		correct	4946					correct	4688					correct	4755					complete
hlsl-intrinsic/scalar-double-ceil.slang#cuda-1	hlsl-intrinsic/scalar-double-ceil.slang	cuda_sm_7_0	False	mvp		correct	5055					correct	4843					correct	4635					complete
hlsl-intrinsic/scalar-double-clamp.slang#cuda-1	hlsl-intrinsic/scalar-double-clamp.slang	cuda_sm_7_0	False	mvp		correct	5118					correct	4372					correct	4504					complete
hlsl-intrinsic/scalar-double-cos.slang#cuda-1	hlsl-intrinsic/scalar-double-cos.slang	cuda_sm_7_0	False	mvp		correct	5152					correct	4389					correct	4687					complete
hlsl-intrinsic/scalar-double-d3d-intrinsic.slang#cuda-1	hlsl-intrinsic/scalar-double-d3d-intrinsic.slang	cuda_sm_7_0	False	mvp		correct	5065					correct	4518					correct	4832					complete
hlsl-intrinsic/scalar-double-exp.slang#cuda-1	hlsl-intrinsic/scalar-double-exp.slang	cuda_sm_7_0	False	mvp		correct	4983					correct	4655					correct	4652					complete
hlsl-intrinsic/scalar-double-exp2.slang#cuda-1	hlsl-intrinsic/scalar-double-exp2.slang	cuda_sm_7_0	False	mvp		correct	5025					correct	4744					correct	4667					complete
hlsl-intrinsic/scalar-double-floor.slang#cuda-1	hlsl-intrinsic/scalar-double-floor.slang	cuda_sm_7_0	False	mvp		correct	4932					correct	4403					correct	4785					complete
hlsl-intrinsic/scalar-double-frac.slang#cuda-1	hlsl-intrinsic/scalar-double-frac.slang	cuda_sm_7_0	False	mvp		correct	4841					correct	4623					correct	4759					complete
hlsl-intrinsic/scalar-double-ldexp.slang#cuda-1	hlsl-intrinsic/scalar-double-ldexp.slang	cuda_sm_7_0	False	mvp		correct	4851					correct	4692					correct	4735					complete
hlsl-intrinsic/scalar-double-lerp.slang#cuda-1	hlsl-intrinsic/scalar-double-lerp.slang	cuda_sm_7_0	False	mvp		correct	4880					correct	4715					correct	4558					complete
hlsl-intrinsic/scalar-double-log.slang#cuda-1	hlsl-intrinsic/scalar-double-log.slang	cuda_sm_7_0	False	mvp		correct	4904					correct	4408					correct	4538					complete
hlsl-intrinsic/scalar-double-log10.slang#cuda-1	hlsl-intrinsic/scalar-double-log10.slang	cuda_sm_7_0	False	mvp		correct	4918					correct	4430					correct	4611					complete
hlsl-intrinsic/scalar-double-log2.slang#cuda-1	hlsl-intrinsic/scalar-double-log2.slang	cuda_sm_7_0	False	mvp		correct	4950					correct	4719					correct	4500					complete
hlsl-intrinsic/scalar-double-max.slang#cuda-1	hlsl-intrinsic/scalar-double-max.slang	cuda_sm_7_0	False	mvp		correct	4964					correct	4680					correct	4397					complete
hlsl-intrinsic/scalar-double-min.slang#cuda-1	hlsl-intrinsic/scalar-double-min.slang	cuda_sm_7_0	False	mvp		correct	4859					correct	4405					correct	4675					complete
hlsl-intrinsic/scalar-double-pow.slang#cuda-1	hlsl-intrinsic/scalar-double-pow.slang	cuda_sm_7_0	False	mvp		correct	4938					correct	4492					correct	4623					complete
hlsl-intrinsic/scalar-double-rcp.slang#cuda-1	hlsl-intrinsic/scalar-double-rcp.slang	cuda_sm_7_0	False	mvp		correct	4784					correct	4526					correct	4705					complete
hlsl-intrinsic/scalar-double-rsqrt.slang#cuda-1	hlsl-intrinsic/scalar-double-rsqrt.slang	cuda_sm_7_0	False	mvp		correct	4968					correct	4695					correct	4532					complete
hlsl-intrinsic/scalar-double-saturate.slang#cuda-1	hlsl-intrinsic/scalar-double-saturate.slang	cuda_sm_7_0	False	mvp		correct	4954					correct	4531					correct	4528					complete
hlsl-intrinsic/scalar-double-sign.slang#cuda-1	hlsl-intrinsic/scalar-double-sign.slang	cuda_sm_7_0	False	mvp		correct	4791					correct	4520					correct	4735					complete
hlsl-intrinsic/scalar-double-simple.slang#cuda-1	hlsl-intrinsic/scalar-double-simple.slang	cuda_sm_7_0	False	mvp		correct	4890					correct	4579					correct	4484					complete
hlsl-intrinsic/scalar-double-sin.slang#cuda-1	hlsl-intrinsic/scalar-double-sin.slang	cuda_sm_7_0	False	mvp		correct	5065					correct	4596					correct	4516					complete
hlsl-intrinsic/scalar-double-sincos.slang#cuda-1	hlsl-intrinsic/scalar-double-sincos.slang	cuda_sm_7_0	False	mvp		correct	4996					correct	4388					correct	4595					complete
hlsl-intrinsic/scalar-double-smoothstep.slang#cuda-1	hlsl-intrinsic/scalar-double-smoothstep.slang	cuda_sm_7_0	False	mvp		correct	4919					correct	4424					correct	4686					complete
hlsl-intrinsic/scalar-double-sqrt.slang#cuda-1	hlsl-intrinsic/scalar-double-sqrt.slang	cuda_sm_7_0	False	mvp		correct	4589					correct	4652					correct	4654					complete
hlsl-intrinsic/scalar-double-step.slang#cuda-1	hlsl-intrinsic/scalar-double-step.slang	cuda_sm_7_0	False	mvp		correct	4820					correct	4553					correct	4582					complete
hlsl-intrinsic/scalar-double-tan.slang#cuda-1	hlsl-intrinsic/scalar-double-tan.slang	cuda_sm_7_0	False	mvp		correct	4900					correct	4596					correct	4541					complete
hlsl-intrinsic/scalar-double-trunc.slang#cuda-1	hlsl-intrinsic/scalar-double-trunc.slang	cuda_sm_7_0	False	mvp		correct	4909					correct	4554					correct	4617					complete
hlsl-intrinsic/scalar-double-vk-intrinsic.slang#cuda-1	hlsl-intrinsic/scalar-double-vk-intrinsic.slang	cuda_sm_7_0	False	mvp		correct	4864					correct	4600					correct	4849					complete
hlsl-intrinsic/scalar-double.slang#cuda-1	hlsl-intrinsic/scalar-double.slang	cuda_sm_7_0	False	mvp		correct	5257					correct	4742					correct	4744					complete
hlsl-intrinsic/scalar-float.slang#cuda-1	hlsl-intrinsic/scalar-float.slang	cuda_sm_7_0	False	mvp		correct	5222					correct	4541					correct	4675					complete
hlsl-intrinsic/scalar-half.slang#cuda-1	hlsl-intrinsic/scalar-half.slang	cuda_sm_7_0	False	mvp		correct	5293					preflight	4183	GenericAsm	generic-asm-ordinary-intrinsic	StmtLoweringVisitor::visitIntrinsicAsmStmt -> IRGenericAsm; _validateNVVMFunction semantic resolution	direct NVVM lowering does not support Slang IR instruction or shape 'GenericAsm assembly=$P_min($0, $1), signature=half(half, half)'	preflight	4636	GenericAsm	generic-asm-ordinary-intrinsic	StmtLoweringVisitor::visitIntrinsicAsmStmt -> IRGenericAsm; _validateNVVMFunction semantic resolution	direct NVVM lowering does not support Slang IR instruction or shape 'GenericAsm assembly=$P_min($0, $1), signature=half(half, half)'	complete
hlsl-intrinsic/scalar-int.slang#cuda-1	hlsl-intrinsic/scalar-int.slang	cuda_sm_7_0	False	mvp		correct	4407					correct	4426					correct	4757					complete
hlsl-intrinsic/scalar-int64.slang#cuda-1	hlsl-intrinsic/scalar-int64.slang	cuda_sm_7_0	False	mvp		correct	4722					correct	4573					correct	4591					complete
hlsl-intrinsic/scalar-swizzling.slang#cuda-1	hlsl-intrinsic/scalar-swizzling.slang	cuda_sm_7_0	False	mvp		correct	4827					correct	4744					correct	4594					complete
hlsl-intrinsic/scalar-uint.slang#cuda-1	hlsl-intrinsic/scalar-uint.slang	cuda_sm_7_0	False	mvp		correct	4906					correct	4587					correct	4494					complete
hlsl-intrinsic/scalar-uint64.slang#cuda-1	hlsl-intrinsic/scalar-uint64.slang	cuda_sm_7_0	False	mvp		correct	4599					correct	4481					correct	4682					complete
hlsl-intrinsic/size-of/align-of-2.slang#cuda-1	hlsl-intrinsic/size-of/align-of-2.slang	cuda_sm_7_0	False	mvp		correct	4849					correct	4662					correct	4400					complete
hlsl-intrinsic/size-of/align-of-3.slang#cuda-1	hlsl-intrinsic/size-of/align-of-3.slang	cuda_sm_7_0	False	mvp		correct	4939					correct	4445					correct	4457					complete
hlsl-intrinsic/size-of/align-of-generic.slang#cuda-1	hlsl-intrinsic/size-of/align-of-generic.slang	cuda_sm_7_0	False	mvp		correct	4831					correct	4478					correct	4587					complete
hlsl-intrinsic/size-of/align-of.slang#cuda-1	hlsl-intrinsic/size-of/align-of.slang	cuda_sm_7_0	False	mvp		correct	4768					correct	4393					correct	4627					complete
hlsl-intrinsic/size-of/size-of-2.slang#cuda-1	hlsl-intrinsic/size-of/size-of-2.slang	cuda_sm_7_0	False	mvp		correct	4560					correct	4555					correct	4561					complete
hlsl-intrinsic/size-of/size-of-3.slang#cuda-1	hlsl-intrinsic/size-of/size-of-3.slang	cuda_sm_7_0	False	mvp		correct	4730					correct	4633					correct	4493					complete
hlsl-intrinsic/size-of/size-of-compile-time.slang#cuda-1	hlsl-intrinsic/size-of/size-of-compile-time.slang	cuda_sm_7_0	False	mvp		correct	4894					correct	4767					correct	4531					complete
hlsl-intrinsic/size-of/size-of-generic.slang#cuda-1	hlsl-intrinsic/size-of/size-of-generic.slang	cuda_sm_7_0	False	mvp		correct	4599					correct	4336					correct	4731					complete
hlsl-intrinsic/size-of/size-of-tuple.slang#cuda-1	hlsl-intrinsic/size-of/size-of-tuple.slang	cuda_sm_7_0	False	mvp		correct	4691					preflight	4435	function name	function-identity	post-specialization linked IRFunc -> _collectNVVMFunctionNames	direct NVVM lowering does not support Slang IR instruction or shape 'function name'	preflight	4506	function name	function-identity	post-specialization linked IRFunc -> _collectNVVMFunctionNames	direct NVVM lowering does not support Slang IR instruction or shape 'function name'	complete
hlsl-intrinsic/size-of/size-of.slang#cuda-1	hlsl-intrinsic/size-of/size-of.slang	cuda_sm_7_0	False	mvp		correct	4857					correct	4624					correct	4519					complete
hlsl-intrinsic/substandard-fp-folding.slang#cuda-1	hlsl-intrinsic/substandard-fp-folding.slang	cuda_sm_7_0	False	mvp		correct	5002					preflight	4478	helper function parameter	helper-abi-type-contract	post-specialization linked IRFunc signature -> _validateNVVMHelperTarget	direct NVVM lowering does not support Slang IR instruction or shape 'helper function parameter: FloatE4M3'	preflight	4472	helper function parameter	helper-abi-type-contract	post-specialization linked IRFunc signature -> _validateNVVMHelperTarget	direct NVVM lowering does not support Slang IR instruction or shape 'helper function parameter: FloatE4M3'	complete
hlsl-intrinsic/texture-2d-gather.slang#cuda-1	hlsl-intrinsic/texture-2d-gather.slang	cuda_sm_7_0	False	mvp		correct	4802					preflight	4345	GenericAsm	generic-asm-texture	StmtLoweringVisitor::visitIntrinsicAsmStmt -> IRGenericAsm; _validateNVVMFunction semantic resolution	direct NVVM lowering does not support Slang IR instruction or shape 'GenericAsm assembly=tex2Dgather<$TR>($0, ($2).x, ($2).y, 0), signature=vector<float,4>(Texture2D, SamplerState, vector<float,2>)'	preflight	4584	GenericAsm	generic-asm-texture	StmtLoweringVisitor::visitIntrinsicAsmStmt -> IRGenericAsm; _validateNVVMFunction semantic resolution	direct NVVM lowering does not support Slang IR instruction or shape 'GenericAsm assembly=tex2Dgather<$TR>($0, ($2).x, ($2).y, 0), signature=vector<float,4>(Texture2D, SamplerState, vector<float,2>)'	complete
hlsl-intrinsic/vector-dot-int.slang#cuda-1	hlsl-intrinsic/vector-dot-int.slang	cuda_sm_7_0	False	mvp		correct	4641					correct	4559					correct	4674					complete
hlsl-intrinsic/vector-double-reduced-intrinsic.slang#cuda-1	hlsl-intrinsic/vector-double-reduced-intrinsic.slang	cuda_sm_7_0	False	mvp		correct	4618					preflight	4626	add: vector<double,3> -> vector<double,3>	preflight-other	canonical linked IR -> _validateNVVMFunction	direct NVVM lowering does not support Slang IR instruction or shape 'add: vector<double,3> -> vector<double,3>'	preflight	4564	add: vector<double,3> -> vector<double,3>	preflight-other	canonical linked IR -> _validateNVVMFunction	direct NVVM lowering does not support Slang IR instruction or shape 'add: vector<double,3> -> vector<double,3>'	complete
hlsl-intrinsic/vector-float.slang#cuda-1	hlsl-intrinsic/vector-float.slang	cuda_sm_7_0	False	mvp		correct	5205					correct	4838					correct	4789					complete
hlsl-intrinsic/vector-int-runtime-index.slang#cuda-1	hlsl-intrinsic/vector-int-runtime-index.slang	cuda_sm_7_0	False	mvp		correct	4695					correct	4554					correct	4535					complete
hlsl-intrinsic/vector-int.slang#cuda-1	hlsl-intrinsic/vector-int.slang	cuda_sm_7_0	False	mvp		correct	4600					correct	4553					correct	4495					complete
hlsl-intrinsic/wave-active-count-bits.slang#cuda-1	hlsl-intrinsic/wave-active-count-bits.slang	cuda_sm_7_0	False	mvp		correct	4533					correct	4592					correct	4330					complete
hlsl-intrinsic/wave-active-count-bits.slang#cuda-2	hlsl-intrinsic/wave-active-count-bits.slang	cuda_sm_7_0	False	mvp		correct	4697					correct	4725					correct	4413					complete
hlsl-intrinsic/wave-active-product.slang#cuda-1	hlsl-intrinsic/wave-active-product.slang	cuda_sm_7_0	False	mvp		correct	4762					correct	4555					correct	4591					complete
hlsl-intrinsic/wave-broadcast-lane-at-vk.slang#cuda-1	hlsl-intrinsic/wave-broadcast-lane-at-vk.slang	cuda_sm_7_0	False	mvp		correct	4729					correct	4363					correct	4557					complete
hlsl-intrinsic/wave-builtins-interface-specialization.slang#cuda-1	hlsl-intrinsic/wave-builtins-interface-specialization.slang	cuda_sm_7_0	False	mvp		correct	4479					correct	4606					correct	4608					complete
hlsl-intrinsic/wave-diverge.slang#cuda-1	hlsl-intrinsic/wave-diverge.slang	cuda_sm_7_0	False	mvp		correct	4813					correct	4560					correct	4357					complete
hlsl-intrinsic/wave-equality.slang#cuda-1	hlsl-intrinsic/wave-equality.slang	cuda_sm_7_0	False	mvp		correct	4610					correct	4546					correct	4697					complete
hlsl-intrinsic/wave-get-lane-index.slang#cuda-1	hlsl-intrinsic/wave-get-lane-index.slang	cuda_sm_7_0	False	mvp		correct	4416					correct	4370					correct	4685					complete
hlsl-intrinsic/wave-get-lane-mask.slang#cuda-1	hlsl-intrinsic/wave-get-lane-mask.slang	cuda_sm_7_0	False	mvp		correct	4596					correct	4611					correct	4498					complete
hlsl-intrinsic/wave-get-num-waves.slang#cuda-1	hlsl-intrinsic/wave-get-num-waves.slang	cuda_sm_7_0	False	mvp		correct	4730					correct	4537					correct	4385					complete
hlsl-intrinsic/wave-get-wave-index.slang#cuda-1	hlsl-intrinsic/wave-get-wave-index.slang	cuda_sm_7_0	False	mvp		correct	4900					correct	4559					correct	4567					complete
hlsl-intrinsic/wave-is-first-lane.slang#cuda-1	hlsl-intrinsic/wave-is-first-lane.slang	cuda_sm_7_0	False	mvp		correct	4754					correct	4436					correct	4533					complete
hlsl-intrinsic/wave-mask/wave-active-product.slang#cuda-1	hlsl-intrinsic/wave-mask/wave-active-product.slang	cuda_sm_7_0	False	mvp		correct	4656					correct	4618					correct	4750					complete
hlsl-intrinsic/wave-mask/wave-broadcast-lane-at-vk.slang#cuda-1	hlsl-intrinsic/wave-mask/wave-broadcast-lane-at-vk.slang	cuda_sm_7_0	False	mvp		correct	4793					correct	4731					correct	4373					complete
hlsl-intrinsic/wave-mask/wave-broadcast-lane-at.slang#cuda-1	hlsl-intrinsic/wave-mask/wave-broadcast-lane-at.slang	cuda_sm_7_0	False	mvp		correct	4730					preflight	4519	GenericAsm	generic-asm-wave-reconvergence	StmtLoweringVisitor::visitIntrinsicAsmStmt -> IRGenericAsm; _validateNVVMFunction semantic resolution	direct NVVM lowering does not support Slang IR instruction or shape 'GenericAsm assembly=_waveShuffleMultiple($0, $1, $2), signature=Void(uint, array<vector<int,2>,2>, int, OutParam<array<vector<int,2>,2>>)'	preflight	4393	GenericAsm	generic-asm-wave-reconvergence	StmtLoweringVisitor::visitIntrinsicAsmStmt -> IRGenericAsm; _validateNVVMFunction semantic resolution	direct NVVM lowering does not support Slang IR instruction or shape 'GenericAsm assembly=_waveShuffleMultiple($0, $1, $2), signature=Void(uint, array<vector<int,2>,2>, int, OutParam<array<vector<int,2>,2>>)'	complete
hlsl-intrinsic/wave-mask/wave-diverge.slang#cuda-1	hlsl-intrinsic/wave-mask/wave-diverge.slang	cuda_sm_7_0	False	mvp		correct	4509					correct	4495					correct	4624					complete
hlsl-intrinsic/wave-mask/wave-equality.slang#cuda-1	hlsl-intrinsic/wave-mask/wave-equality.slang	cuda_sm_7_0	False	mvp		correct	4590					correct	4536					correct	4467					complete
hlsl-intrinsic/wave-mask/wave-get-active.slang#cuda-1	hlsl-intrinsic/wave-mask/wave-get-active.slang	cuda_sm_7_0	False	mvp		correct	4903					preflight	4556	GenericAsm	generic-asm-wave-reconvergence	StmtLoweringVisitor::visitIntrinsicAsmStmt -> IRGenericAsm; _validateNVVMFunction semantic resolution	direct NVVM lowering does not support Slang IR instruction or shape 'GenericAsm assembly=make_uint4(__activemask(), 0, 0, 0), signature=vector<uint,4>()'	preflight	4388	GenericAsm	generic-asm-wave-reconvergence	StmtLoweringVisitor::visitIntrinsicAsmStmt -> IRGenericAsm; _validateNVVMFunction semantic resolution	direct NVVM lowering does not support Slang IR instruction or shape 'GenericAsm assembly=make_uint4(__activemask(), 0, 0, 0), signature=vector<uint,4>()'	complete
hlsl-intrinsic/wave-mask/wave-get-converged.slang#cuda-1	hlsl-intrinsic/wave-mask/wave-get-converged.slang	cuda_sm_7_0	False	mvp		correct	4781					preflight	4556	GenericAsm	generic-asm-wave-reconvergence	StmtLoweringVisitor::visitIntrinsicAsmStmt -> IRGenericAsm; _validateNVVMFunction semantic resolution	direct NVVM lowering does not support Slang IR instruction or shape 'GenericAsm assembly=__activemask(), signature=uint()'	preflight	4360	GenericAsm	generic-asm-wave-reconvergence	StmtLoweringVisitor::visitIntrinsicAsmStmt -> IRGenericAsm; _validateNVVMFunction semantic resolution	direct NVVM lowering does not support Slang IR instruction or shape 'GenericAsm assembly=__activemask(), signature=uint()'	complete
hlsl-intrinsic/wave-mask/wave-is-first-lane.slang#cuda-1	hlsl-intrinsic/wave-mask/wave-is-first-lane.slang	cuda_sm_7_0	False	mvp		correct	4809					correct	4439					correct	4450					complete
hlsl-intrinsic/wave-mask/wave-mask-prefix-min-max.slang#cuda-1	hlsl-intrinsic/wave-mask/wave-mask-prefix-min-max.slang	cuda_sm_7_0	False	extension	advanced wave/quad operation outside the initial MVP	correct	4853					preflight	4325	GenericAsm	generic-asm-wave-reconvergence	StmtLoweringVisitor::visitIntrinsicAsmStmt -> IRGenericAsm; _validateNVVMFunction semantic resolution	direct NVVM lowering does not support Slang IR instruction or shape 'GenericAsm assembly=_wavePrefixExclusiveMinMultiple(($1).x, $0), signature=vector<float,2>(vector<float,2>, vector<uint,4>)'	preflight	4667	GenericAsm	generic-asm-wave-reconvergence	StmtLoweringVisitor::visitIntrinsicAsmStmt -> IRGenericAsm; _validateNVVMFunction semantic resolution	direct NVVM lowering does not support Slang IR instruction or shape 'GenericAsm assembly=_wavePrefixExclusiveMinMultiple(($1).x, $0), signature=vector<float,2>(vector<float,2>, vector<uint,4>)'	complete
hlsl-intrinsic/wave-mask/wave-mask-prefix.slang#cuda-1	hlsl-intrinsic/wave-mask/wave-mask-prefix.slang	cuda_sm_7_0	False	mvp		correct	4838					correct	4679					correct	4666					complete
hlsl-intrinsic/wave-mask/wave-matrix.slang#cuda-1	hlsl-intrinsic/wave-mask/wave-matrix.slang	cuda_sm_7_0	False	extension	advanced wave/quad operation outside the initial MVP	correct	4856					preflight	4544	GenericAsm	generic-asm-wave-reconvergence	StmtLoweringVisitor::visitIntrinsicAsmStmt -> IRGenericAsm; _validateNVVMFunction semantic resolution	direct NVVM lowering does not support Slang IR instruction or shape 'GenericAsm assembly=_waveSumMultiple($1.x, $0), signature=Void(array<vector<int,2>,2>, vector<uint,4>, OutParam<array<vector<int,2>,2>>)'	preflight	4548	GenericAsm	generic-asm-wave-reconvergence	StmtLoweringVisitor::visitIntrinsicAsmStmt -> IRGenericAsm; _validateNVVMFunction semantic resolution	direct NVVM lowering does not support Slang IR instruction or shape 'GenericAsm assembly=_waveSumMultiple($1.x, $0), signature=Void(array<vector<int,2>,2>, vector<uint,4>, OutParam<array<vector<int,2>,2>>)'	complete
hlsl-intrinsic/wave-mask/wave-prefix-product.slang#cuda-1	hlsl-intrinsic/wave-mask/wave-prefix-product.slang	cuda_sm_7_0	False	extension	advanced wave/quad operation outside the initial MVP	correct	4617					preflight	4354	GenericAsm	generic-asm-wave-reconvergence	StmtLoweringVisitor::visitIntrinsicAsmStmt -> IRGenericAsm; _validateNVVMFunction semantic resolution	direct NVVM lowering does not support Slang IR instruction or shape 'GenericAsm assembly=_wavePrefixProductMultiple($1.x, $0) , signature=vector<float,2>(vector<float,2>, vector<uint,4>)'	preflight	4584	GenericAsm	generic-asm-wave-reconvergence	StmtLoweringVisitor::visitIntrinsicAsmStmt -> IRGenericAsm; _validateNVVMFunction semantic resolution	direct NVVM lowering does not support Slang IR instruction or shape 'GenericAsm assembly=_wavePrefixProductMultiple($1.x, $0) , signature=vector<float,2>(vector<float,2>, vector<uint,4>)'	complete
hlsl-intrinsic/wave-mask/wave-prefix-sum.slang#cuda-1	hlsl-intrinsic/wave-mask/wave-prefix-sum.slang	cuda_sm_7_0	False	extension	advanced wave/quad operation outside the initial MVP	correct	4494					preflight	4206	GenericAsm	generic-asm-wave-reconvergence	StmtLoweringVisitor::visitIntrinsicAsmStmt -> IRGenericAsm; _validateNVVMFunction semantic resolution	direct NVVM lowering does not support Slang IR instruction or shape 'GenericAsm assembly=_wavePrefixSumMultiple($1.x, $0) , signature=vector<float,2>(vector<float,2>, vector<uint,4>)'	preflight	4642	GenericAsm	generic-asm-wave-reconvergence	StmtLoweringVisitor::visitIntrinsicAsmStmt -> IRGenericAsm; _validateNVVMFunction semantic resolution	direct NVVM lowering does not support Slang IR instruction or shape 'GenericAsm assembly=_wavePrefixSumMultiple($1.x, $0) , signature=vector<float,2>(vector<float,2>, vector<uint,4>)'	complete
hlsl-intrinsic/wave-mask/wave-read-lane-at-vk.slang#cuda-1	hlsl-intrinsic/wave-mask/wave-read-lane-at-vk.slang	cuda_sm_7_0	False	mvp		correct	4796					correct	4542					correct	4767					complete
hlsl-intrinsic/wave-mask/wave-read-lane-at.slang#cuda-1	hlsl-intrinsic/wave-mask/wave-read-lane-at.slang	cuda_sm_7_0	False	mvp		correct	4964					preflight	4487	GenericAsm	generic-asm-wave-reconvergence	StmtLoweringVisitor::visitIntrinsicAsmStmt -> IRGenericAsm; _validateNVVMFunction semantic resolution	direct NVVM lowering does not support Slang IR instruction or shape 'GenericAsm assembly=_waveShuffleMultiple($0, $1, $2), signature=Void(uint, array<vector<int,2>,2>, int, OutParam<array<vector<int,2>,2>>)'	preflight	4494	GenericAsm	generic-asm-wave-reconvergence	StmtLoweringVisitor::visitIntrinsicAsmStmt -> IRGenericAsm; _validateNVVMFunction semantic resolution	direct NVVM lowering does not support Slang IR instruction or shape 'GenericAsm assembly=_waveShuffleMultiple($0, $1, $2), signature=Void(uint, array<vector<int,2>,2>, int, OutParam<array<vector<int,2>,2>>)'	complete
hlsl-intrinsic/wave-mask/wave-shuffle-vk.slang#cuda-1	hlsl-intrinsic/wave-mask/wave-shuffle-vk.slang	cuda_sm_7_0	False	mvp		correct	4991					correct	4443					correct	4559					complete
hlsl-intrinsic/wave-mask/wave-shuffle.slang#cuda-1	hlsl-intrinsic/wave-mask/wave-shuffle.slang	cuda_sm_7_0	False	mvp		correct	4873					preflight	4153	GenericAsm	generic-asm-wave-reconvergence	StmtLoweringVisitor::visitIntrinsicAsmStmt -> IRGenericAsm; _validateNVVMFunction semantic resolution	direct NVVM lowering does not support Slang IR instruction or shape 'GenericAsm assembly=_waveShuffleMultiple($0, $1, $2), signature=Void(uint, array<vector<int,2>,2>, int, OutParam<array<vector<int,2>,2>>)'	preflight	4540	GenericAsm	generic-asm-wave-reconvergence	StmtLoweringVisitor::visitIntrinsicAsmStmt -> IRGenericAsm; _validateNVVMFunction semantic resolution	direct NVVM lowering does not support Slang IR instruction or shape 'GenericAsm assembly=_waveShuffleMultiple($0, $1, $2), signature=Void(uint, array<vector<int,2>,2>, int, OutParam<array<vector<int,2>,2>>)'	complete
hlsl-intrinsic/wave-mask/wave-vector.slang#cuda-1	hlsl-intrinsic/wave-mask/wave-vector.slang	cuda_sm_7_0	False	mvp		correct	4881					preflight	4527	GenericAsm	generic-asm-wave-reconvergence	StmtLoweringVisitor::visitIntrinsicAsmStmt -> IRGenericAsm; _validateNVVMFunction semantic resolution	direct NVVM lowering does not support Slang IR instruction or shape 'GenericAsm assembly=_waveSumMultiple($1.x, $0), signature=vector<int,2>(vector<int,2>, vector<uint,4>)'	preflight	4514	GenericAsm	generic-asm-wave-reconvergence	StmtLoweringVisitor::visitIntrinsicAsmStmt -> IRGenericAsm; _validateNVVMFunction semantic resolution	direct NVVM lowering does not support Slang IR instruction or shape 'GenericAsm assembly=_waveSumMultiple($1.x, $0), signature=vector<int,2>(vector<int,2>, vector<uint,4>)'	complete
hlsl-intrinsic/wave-mask/wave.slang#cuda-1	hlsl-intrinsic/wave-mask/wave.slang	cuda_sm_7_0	False	mvp		correct	5039					correct	4689					correct	4581					complete
hlsl-intrinsic/wave-matrix.slang#cuda-1	hlsl-intrinsic/wave-matrix.slang	cuda_sm_7_0	False	extension	advanced wave/quad operation outside the initial MVP	correct	5010					preflight	4593	GenericAsm	generic-asm-wave-reconvergence	StmtLoweringVisitor::visitIntrinsicAsmStmt -> IRGenericAsm; _validateNVVMFunction semantic resolution	direct NVVM lowering does not support Slang IR instruction or shape 'GenericAsm assembly=_waveSumMultiple($1.x, $0), signature=Void(array<vector<int,2>,2>, vector<uint,4>, OutParam<array<vector<int,2>,2>>)'	preflight	4417	GenericAsm	generic-asm-wave-reconvergence	StmtLoweringVisitor::visitIntrinsicAsmStmt -> IRGenericAsm; _validateNVVMFunction semantic resolution	direct NVVM lowering does not support Slang IR instruction or shape 'GenericAsm assembly=_waveSumMultiple($1.x, $0), signature=Void(array<vector<int,2>,2>, vector<uint,4>, OutParam<array<vector<int,2>,2>>)'	complete
hlsl-intrinsic/wave-multi/wave-multi-bitwise.slang#cuda-1	hlsl-intrinsic/wave-multi/wave-multi-bitwise.slang	cuda_sm_7_0	False	extension	advanced wave/quad operation outside the initial MVP	correct	5172					preflight	4340	GenericAsm	generic-asm-wave-reconvergence	StmtLoweringVisitor::visitIntrinsicAsmStmt -> IRGenericAsm; _validateNVVMFunction semantic resolution	direct NVVM lowering does not support Slang IR instruction or shape 'GenericAsm assembly=_waveAndMultiple($1.x, $0), signature=vector<int,2>(vector<int,2>, vector<uint,4>)'	preflight	4477	GenericAsm	generic-asm-wave-reconvergence	StmtLoweringVisitor::visitIntrinsicAsmStmt -> IRGenericAsm; _validateNVVMFunction semantic resolution	direct NVVM lowering does not support Slang IR instruction or shape 'GenericAsm assembly=_waveAndMultiple($1.x, $0), signature=vector<int,2>(vector<int,2>, vector<uint,4>)'	complete
hlsl-intrinsic/wave-multi/wave-multi-min-max.slang#cuda-1	hlsl-intrinsic/wave-multi/wave-multi-min-max.slang	cuda_sm_7_0	False	extension	advanced wave/quad operation outside the initial MVP	correct	5735					preflight	4500	GenericAsm	generic-asm-wave-reconvergence	StmtLoweringVisitor::visitIntrinsicAsmStmt -> IRGenericAsm; _validateNVVMFunction semantic resolution	direct NVVM lowering does not support Slang IR instruction or shape 'GenericAsm assembly=_waveMinMultiple($1.x, $0), signature=vector<int,2>(vector<int,2>, vector<uint,4>)'	preflight	4528	GenericAsm	generic-asm-wave-reconvergence	StmtLoweringVisitor::visitIntrinsicAsmStmt -> IRGenericAsm; _validateNVVMFunction semantic resolution	direct NVVM lowering does not support Slang IR instruction or shape 'GenericAsm assembly=_waveMinMultiple($1.x, $0), signature=vector<int,2>(vector<int,2>, vector<uint,4>)'	complete
hlsl-intrinsic/wave-multi/wave-multi-prefix-bitwise.slang#cuda-1	hlsl-intrinsic/wave-multi/wave-multi-prefix-bitwise.slang	cuda_sm_7_0	False	extension	advanced wave/quad operation outside the initial MVP	correct	6266					preflight	4725	GenericAsm	generic-asm-wave-reconvergence	StmtLoweringVisitor::visitIntrinsicAsmStmt -> IRGenericAsm; _validateNVVMFunction semantic resolution	direct NVVM lowering does not support Slang IR instruction or shape 'GenericAsm assembly=_wavePrefixAndMultiple($1.x, $0) & $0, signature=vector<int,2>(vector<int,2>, vector<uint,4>)'	preflight	4441	GenericAsm	generic-asm-wave-reconvergence	StmtLoweringVisitor::visitIntrinsicAsmStmt -> IRGenericAsm; _validateNVVMFunction semantic resolution	direct NVVM lowering does not support Slang IR instruction or shape 'GenericAsm assembly=_wavePrefixAndMultiple($1.x, $0) & $0, signature=vector<int,2>(vector<int,2>, vector<uint,4>)'	complete
hlsl-intrinsic/wave-multi/wave-multi-prefix-max.slang#cuda-1	hlsl-intrinsic/wave-multi/wave-multi-prefix-max.slang	cuda_sm_7_0	False	extension	advanced wave/quad operation outside the initial MVP	correct	9199					preflight	4630	helper function parameter	helper-abi-type-contract	post-specialization linked IRFunc signature -> _validateNVVMHelperTarget	direct NVVM lowering does not support Slang IR instruction or shape 'helper function parameter: Ptr<KernelContext, addressSpace=1, access=0, operands=4, layout=DefaultLayout>'	preflight	4438	helper function parameter	helper-abi-type-contract	post-specialization linked IRFunc signature -> _validateNVVMHelperTarget	direct NVVM lowering does not support Slang IR instruction or shape 'helper function parameter: Ptr<KernelContext, addressSpace=1, access=0, operands=4, layout=DefaultLayout>'	complete
hlsl-intrinsic/wave-multi/wave-multi-prefix-min.slang#cuda-1	hlsl-intrinsic/wave-multi/wave-multi-prefix-min.slang	cuda_sm_7_0	False	extension	advanced wave/quad operation outside the initial MVP	correct	9136					preflight	4451	helper function parameter	helper-abi-type-contract	post-specialization linked IRFunc signature -> _validateNVVMHelperTarget	direct NVVM lowering does not support Slang IR instruction or shape 'helper function parameter: Ptr<KernelContext, addressSpace=1, access=0, operands=4, layout=DefaultLayout>'	preflight	4567	helper function parameter	helper-abi-type-contract	post-specialization linked IRFunc signature -> _validateNVVMHelperTarget	direct NVVM lowering does not support Slang IR instruction or shape 'helper function parameter: Ptr<KernelContext, addressSpace=1, access=0, operands=4, layout=DefaultLayout>'	complete
hlsl-intrinsic/wave-multi/wave-multi-prefix-scalar-functional.slang#cuda-1	hlsl-intrinsic/wave-multi/wave-multi-prefix-scalar-functional.slang	cuda_sm_7_0	False	extension	advanced wave/quad operation outside the initial MVP	correct	4664					correct	4376					correct	4499					complete
hlsl-intrinsic/wave-multi/wave-multi-prefix-sum-product.slang#cuda-1	hlsl-intrinsic/wave-multi/wave-multi-prefix-sum-product.slang	cuda_sm_7_0	False	extension	advanced wave/quad operation outside the initial MVP	correct	7072					preflight	4535	GenericAsm	generic-asm-wave-reconvergence	StmtLoweringVisitor::visitIntrinsicAsmStmt -> IRGenericAsm; _validateNVVMFunction semantic resolution	direct NVVM lowering does not support Slang IR instruction or shape 'GenericAsm assembly=_wavePrefixSumMultiple($1.x, $0) + $0, signature=vector<int,2>(vector<int,2>, vector<uint,4>)'	preflight	4358	GenericAsm	generic-asm-wave-reconvergence	StmtLoweringVisitor::visitIntrinsicAsmStmt -> IRGenericAsm; _validateNVVMFunction semantic resolution	direct NVVM lowering does not support Slang IR instruction or shape 'GenericAsm assembly=_wavePrefixSumMultiple($1.x, $0) + $0, signature=vector<int,2>(vector<int,2>, vector<uint,4>)'	complete
hlsl-intrinsic/wave-multi/wave-multi-sum-product.slang#cuda-1	hlsl-intrinsic/wave-multi/wave-multi-sum-product.slang	cuda_sm_7_0	False	extension	advanced wave/quad operation outside the initial MVP	correct	5306					preflight	4626	GenericAsm	generic-asm-wave-reconvergence	StmtLoweringVisitor::visitIntrinsicAsmStmt -> IRGenericAsm; _validateNVVMFunction semantic resolution	direct NVVM lowering does not support Slang IR instruction or shape 'GenericAsm assembly=_waveSumMultiple($1.x, $0), signature=vector<int,2>(vector<int,2>, vector<uint,4>)'	preflight	4445	GenericAsm	generic-asm-wave-reconvergence	StmtLoweringVisitor::visitIntrinsicAsmStmt -> IRGenericAsm; _validateNVVMFunction semantic resolution	direct NVVM lowering does not support Slang IR instruction or shape 'GenericAsm assembly=_waveSumMultiple($1.x, $0), signature=vector<int,2>(vector<int,2>, vector<uint,4>)'	complete
hlsl-intrinsic/wave-prefix-bitwise.slang#cuda-1	hlsl-intrinsic/wave-prefix-bitwise.slang	cuda_sm_7_0	False	extension	advanced wave/quad operation outside the initial MVP	correct	4424					preflight	4319	GenericAsm	generic-asm-wave-reconvergence	StmtLoweringVisitor::visitIntrinsicAsmStmt -> IRGenericAsm; _validateNVVMFunction semantic resolution	direct NVVM lowering does not support Slang IR instruction or shape 'GenericAsm assembly=_wavePrefixOrMultiple($1.x, $0) , signature=vector<uint,2>(vector<uint,2>, vector<uint,4>)'	preflight	4362	GenericAsm	generic-asm-wave-reconvergence	StmtLoweringVisitor::visitIntrinsicAsmStmt -> IRGenericAsm; _validateNVVMFunction semantic resolution	direct NVVM lowering does not support Slang IR instruction or shape 'GenericAsm assembly=_wavePrefixOrMultiple($1.x, $0) , signature=vector<uint,2>(vector<uint,2>, vector<uint,4>)'	complete
hlsl-intrinsic/wave-prefix-count-bits.slang#cuda-1	hlsl-intrinsic/wave-prefix-count-bits.slang	cuda_sm_7_0	False	extension	advanced wave/quad operation outside the initial MVP	correct	4409					preflight	4262	GenericAsm	generic-asm-wave-reconvergence	StmtLoweringVisitor::visitIntrinsicAsmStmt -> IRGenericAsm; _validateNVVMFunction semantic resolution	direct NVVM lowering does not support Slang IR instruction or shape 'GenericAsm assembly=__popc(__ballot_sync($0, $1)  & _getLaneLtMask()), signature=uint(uint, bool)'	preflight	4390	GenericAsm	generic-asm-wave-reconvergence	StmtLoweringVisitor::visitIntrinsicAsmStmt -> IRGenericAsm; _validateNVVMFunction semantic resolution	direct NVVM lowering does not support Slang IR instruction or shape 'GenericAsm assembly=__popc(__ballot_sync($0, $1)  & _getLaneLtMask()), signature=uint(uint, bool)'	complete
hlsl-intrinsic/wave-prefix-min-max.slang#cuda-1	hlsl-intrinsic/wave-prefix-min-max.slang	cuda_sm_7_0	False	extension	advanced wave/quad operation outside the initial MVP	correct	4485					preflight	4615	GenericAsm	generic-asm-wave-reconvergence	StmtLoweringVisitor::visitIntrinsicAsmStmt -> IRGenericAsm; _validateNVVMFunction semantic resolution	direct NVVM lowering does not support Slang IR instruction or shape 'GenericAsm assembly=_wavePrefixExclusiveMinMultiple(($1).x, $0), signature=vector<float,2>(vector<float,2>, vector<uint,4>)'	preflight	4356	GenericAsm	generic-asm-wave-reconvergence	StmtLoweringVisitor::visitIntrinsicAsmStmt -> IRGenericAsm; _validateNVVMFunction semantic resolution	direct NVVM lowering does not support Slang IR instruction or shape 'GenericAsm assembly=_wavePrefixExclusiveMinMultiple(($1).x, $0), signature=vector<float,2>(vector<float,2>, vector<uint,4>)'	complete
hlsl-intrinsic/wave-prefix-product.slang#cuda-1	hlsl-intrinsic/wave-prefix-product.slang	cuda_sm_7_0	False	extension	advanced wave/quad operation outside the initial MVP	correct	4405					preflight	4800	GenericAsm	generic-asm-wave-reconvergence	StmtLoweringVisitor::visitIntrinsicAsmStmt -> IRGenericAsm; _validateNVVMFunction semantic resolution	direct NVVM lowering does not support Slang IR instruction or shape 'GenericAsm assembly=_wavePrefixProductMultiple($1.x, $0) , signature=vector<float,2>(vector<float,2>, vector<uint,4>)'	preflight	4339	GenericAsm	generic-asm-wave-reconvergence	StmtLoweringVisitor::visitIntrinsicAsmStmt -> IRGenericAsm; _validateNVVMFunction semantic resolution	direct NVVM lowering does not support Slang IR instruction or shape 'GenericAsm assembly=_wavePrefixProductMultiple($1.x, $0) , signature=vector<float,2>(vector<float,2>, vector<uint,4>)'	complete
hlsl-intrinsic/wave-prefix-sum.slang#cuda-1	hlsl-intrinsic/wave-prefix-sum.slang	cuda_sm_7_0	False	extension	advanced wave/quad operation outside the initial MVP	correct	4628					preflight	4545	GenericAsm	generic-asm-wave-reconvergence	StmtLoweringVisitor::visitIntrinsicAsmStmt -> IRGenericAsm; _validateNVVMFunction semantic resolution	direct NVVM lowering does not support Slang IR instruction or shape 'GenericAsm assembly=_wavePrefixSumMultiple($1.x, $0) , signature=vector<float,2>(vector<float,2>, vector<uint,4>)'	preflight	4443	GenericAsm	generic-asm-wave-reconvergence	StmtLoweringVisitor::visitIntrinsicAsmStmt -> IRGenericAsm; _validateNVVMFunction semantic resolution	direct NVVM lowering does not support Slang IR instruction or shape 'GenericAsm assembly=_wavePrefixSumMultiple($1.x, $0) , signature=vector<float,2>(vector<float,2>, vector<uint,4>)'	complete
hlsl-intrinsic/wave-read-lane-at-vk.slang#cuda-1	hlsl-intrinsic/wave-read-lane-at-vk.slang	cuda_sm_7_0	False	mvp		correct	4687					correct	4418					correct	4592					complete
hlsl-intrinsic/wave-read-lane-at.slang#cuda-1	hlsl-intrinsic/wave-read-lane-at.slang	cuda_sm_7_0	False	mvp		correct	4650					preflight	4633	GenericAsm	generic-asm-wave-reconvergence	StmtLoweringVisitor::visitIntrinsicAsmStmt -> IRGenericAsm; _validateNVVMFunction semantic resolution	direct NVVM lowering does not support Slang IR instruction or shape 'GenericAsm assembly=_waveShuffleMultiple(_getActiveMask(), $0, $1), signature=Void(array<vector<int,2>,2>, int, OutParam<array<vector<int,2>,2>>)'	preflight	4375	GenericAsm	generic-asm-wave-reconvergence	StmtLoweringVisitor::visitIntrinsicAsmStmt -> IRGenericAsm; _validateNVVMFunction semantic resolution	direct NVVM lowering does not support Slang IR instruction or shape 'GenericAsm assembly=_waveShuffleMultiple(_getActiveMask(), $0, $1), signature=Void(array<vector<int,2>,2>, int, OutParam<array<vector<int,2>,2>>)'	complete
hlsl-intrinsic/wave-rotate/wave-rotate-clustered.slang#cuda-1	hlsl-intrinsic/wave-rotate/wave-rotate-clustered.slang	cuda_sm_7_0	False	extension	advanced wave/quad operation outside the initial MVP	correct	5092					preflight	4854	GenericAsm	generic-asm-wave-reconvergence	StmtLoweringVisitor::visitIntrinsicAsmStmt -> IRGenericAsm; _validateNVVMFunction semantic resolution	direct NVVM lowering does not support Slang IR instruction or shape 'GenericAsm assembly=_slang_waveClusteredRotate($0, $1, $2), signature=float(float, uint, uint)'	preflight	4418	GenericAsm	generic-asm-wave-reconvergence	StmtLoweringVisitor::visitIntrinsicAsmStmt -> IRGenericAsm; _validateNVVMFunction semantic resolution	direct NVVM lowering does not support Slang IR instruction or shape 'GenericAsm assembly=_slang_waveClusteredRotate($0, $1, $2), signature=float(float, uint, uint)'	complete
hlsl-intrinsic/wave-rotate/wave-rotate.slang#cuda-1	hlsl-intrinsic/wave-rotate/wave-rotate.slang	cuda_sm_7_0	False	extension	advanced wave/quad operation outside the initial MVP	correct	6464					preflight	6367	GenericAsm	generic-asm-wave-reconvergence	StmtLoweringVisitor::visitIntrinsicAsmStmt -> IRGenericAsm; _validateNVVMFunction semantic resolution	direct NVVM lowering does not support Slang IR instruction or shape 'GenericAsm assembly=__shfl_sync(0xFFFFFFFF, $0, (_getLaneId() + $1) % 32), signature=float(float, uint)'	preflight	5921	GenericAsm	generic-asm-wave-reconvergence	StmtLoweringVisitor::visitIntrinsicAsmStmt -> IRGenericAsm; _validateNVVMFunction semantic resolution	direct NVVM lowering does not support Slang IR instruction or shape 'GenericAsm assembly=__shfl_sync(0xFFFFFFFF, $0, (_getLaneId() + $1) % 32), signature=float(float, uint)'	complete
hlsl-intrinsic/wave-shuffle-vk.slang#cuda-1	hlsl-intrinsic/wave-shuffle-vk.slang	cuda_sm_7_0	False	mvp		correct	4727					correct	4445					correct	4634					complete
hlsl-intrinsic/wave-vector.slang#cuda-1	hlsl-intrinsic/wave-vector.slang	cuda_sm_7_0	False	mvp		correct	4834					preflight	4456	GenericAsm	generic-asm-wave-reconvergence	StmtLoweringVisitor::visitIntrinsicAsmStmt -> IRGenericAsm; _validateNVVMFunction semantic resolution	direct NVVM lowering does not support Slang IR instruction or shape 'GenericAsm assembly=_waveSumMultiple($1.x, $0), signature=vector<int,2>(vector<int,2>, vector<uint,4>)'	preflight	4446	GenericAsm	generic-asm-wave-reconvergence	StmtLoweringVisitor::visitIntrinsicAsmStmt -> IRGenericAsm; _validateNVVMFunction semantic resolution	direct NVVM lowering does not support Slang IR instruction or shape 'GenericAsm assembly=_waveSumMultiple($1.x, $0), signature=vector<int,2>(vector<int,2>, vector<uint,4>)'	complete
hlsl-intrinsic/wave.slang#cuda-1	hlsl-intrinsic/wave.slang	cuda_sm_7_0	False	mvp		correct	4639					correct	4683					correct	4580					complete
hlsl/append-structured-buffer.slang#cuda-1	hlsl/append-structured-buffer.slang	cuda_sm_7_0	False	mvp		correct	4740					preflight	4579	helper function parameter	helper-abi-type-contract	post-specialization linked IRFunc signature -> _validateNVVMHelperTarget	direct NVVM lowering does not support Slang IR instruction or shape 'helper function parameter: AppendStructuredBuffer<int>'	preflight	4324	helper function parameter	helper-abi-type-contract	post-specialization linked IRFunc signature -> _validateNVVMHelperTarget	direct NVVM lowering does not support Slang IR instruction or shape 'helper function parameter: AppendStructuredBuffer<int>'	complete
hlsl/byte-buffer-load-std430.slang#cuda-1	hlsl/byte-buffer-load-std430.slang	cuda_sm_7_0	False	mvp		correct	4645					correct	4227					correct	4642					complete
hlsl/cbuffer-float3-offsets-aligned.slang#cuda-1	hlsl/cbuffer-float3-offsets-aligned.slang	cuda_sm_7_0	False	mvp		correct	4820					runtime-mismatch	4504		runtime-constant-buffer-layout	compiled PTX executed by the CUDA compare-compute harness	BUFFER-NEXT: expected string not found in input	runtime-mismatch	4696		runtime-constant-buffer-layout	compiled PTX executed by the CUDA compare-compute harness	BUFFER-NEXT: expected string not found in input	complete
hlsl/cbuffer-float3-offsets-unaligned.slang#cuda-1	hlsl/cbuffer-float3-offsets-unaligned.slang	cuda_sm_7_0	False	mvp		correct	4824					preflight	4576	struct field address	aggregate-pointer-layout-transport	canonical linked aggregate/pointer IR -> _validateNVVMFunction	direct NVVM lowering does not support Slang IR instruction or shape 'struct field address'	preflight	4566	struct field address	aggregate-pointer-layout-transport	canonical linked aggregate/pointer IR -> _validateNVVMFunction	direct NVVM lowering does not support Slang IR instruction or shape 'struct field address'	complete
hlsl/consume-structured-buffer.slang#cuda-1	hlsl/consume-structured-buffer.slang	cuda_sm_7_0	False	mvp		correct	4618					preflight	4604	helper function parameter	helper-abi-type-contract	post-specialization linked IRFunc signature -> _validateNVVMHelperTarget	direct NVVM lowering does not support Slang IR instruction or shape 'helper function parameter: ConsumeStructuredBuffer<float>'	preflight	4587	helper function parameter	helper-abi-type-contract	post-specialization linked IRFunc signature -> _validateNVVMHelperTarget	direct NVVM lowering does not support Slang IR instruction or shape 'helper function parameter: ConsumeStructuredBuffer<float>'	complete
hlsl/packoffset.slang#cuda-1	hlsl/packoffset.slang	cuda_sm_7_0	False	mvp		correct	4466					correct	4706					correct	4692					complete
language-feature/anyvalue-layout.slang#cuda-1	language-feature/anyvalue-layout.slang	cuda_sm_7_0	False	mvp		correct	4574					runtime-mismatch	4575		runtime-anyvalue-layout	compiled PTX executed by the CUDA compare-compute harness	Slang compilation aborted due to an exception of class Slang::InternalError unexpected: Unsupported value size	runtime-mismatch	4423		runtime-anyvalue-layout	compiled PTX executed by the CUDA compare-compute harness	Slang compilation aborted due to an exception of class Slang::InternalError unexpected: Unsupported value size	complete
language-feature/atomic-t/atomic-0.slang#cuda-1	language-feature/atomic-t/atomic-0.slang	cuda_sm_7_0	False	mvp		correct	4624					preflight	4186	struct field address	aggregate-pointer-layout-transport	canonical linked aggregate/pointer IR -> _validateNVVMFunction	direct NVVM lowering does not support Slang IR instruction or shape 'struct field address'	preflight	4560	struct field address	aggregate-pointer-layout-transport	canonical linked aggregate/pointer IR -> _validateNVVMFunction	direct NVVM lowering does not support Slang IR instruction or shape 'struct field address'	complete
language-feature/atomic-t/atomic-1.slang#cuda-1	language-feature/atomic-t/atomic-1.slang	cuda_sm_7_0	False	mvp		correct	4555					preflight	4537	struct field address	aggregate-pointer-layout-transport	canonical linked aggregate/pointer IR -> _validateNVVMFunction	direct NVVM lowering does not support Slang IR instruction or shape 'struct field address'	preflight	4569	struct field address	aggregate-pointer-layout-transport	canonical linked aggregate/pointer IR -> _validateNVVMFunction	direct NVVM lowering does not support Slang IR instruction or shape 'struct field address'	complete
language-feature/atomic-t/atomic-2.slang#cuda-1	language-feature/atomic-t/atomic-2.slang	cuda_sm_7_0	False	mvp		correct	4701					preflight	4728	atomicStore	atomic-wave-operation	atomic/wave legalization IR op -> _validateNVVMFunction	direct NVVM lowering does not support Slang IR instruction or shape 'atomicStore'	preflight	4289	atomicStore	atomic-wave-operation	atomic/wave legalization IR op -> _validateNVVMFunction	direct NVVM lowering does not support Slang IR instruction or shape 'atomicStore'	complete
language-feature/bit-cast/struct-bit-cast-2.slang#cuda-1	language-feature/bit-cast/struct-bit-cast-2.slang	cuda_sm_7_0	False	mvp		correct	4734					correct	4567					correct	4426					complete
language-feature/bit-cast/struct-reinterpret.slang#cuda-1	language-feature/bit-cast/struct-reinterpret.slang	cuda_sm_7_0	False	mvp		correct	4695					correct	4552					correct	4563					complete
language-feature/bitfield/bitfield-extract.slang#cuda-1	language-feature/bitfield/bitfield-extract.slang	cuda_sm_7_0	False	mvp		correct	4510					correct	4771					correct	4852					complete
language-feature/bitfield/bitfield-insert.slang#cuda-1	language-feature/bitfield/bitfield-insert.slang	cuda_sm_7_0	False	mvp		correct	4668					correct	4692					correct	4951					complete
language-feature/constants/float-as-int-types.slang#cuda-1	language-feature/constants/float-as-int-types.slang	cuda_sm_7_0	False	mvp		correct	4563					correct	4870					correct	4420					complete
language-feature/constants/float-as-int.slang#cuda-1	language-feature/constants/float-as-int.slang	cuda_sm_7_0	False	mvp		correct	4703					correct	4596					correct	4566					complete
language-feature/conversions/conversion-to-bool.slang#cuda-1	language-feature/conversions/conversion-to-bool.slang	cuda_sm_7_0	False	mvp		correct	4789					preflight	4352	castFloatToInt	preflight-other	canonical linked IR -> _validateNVVMFunction	direct NVVM lowering does not support Slang IR instruction or shape 'castFloatToInt'	preflight	4621	castFloatToInt	preflight-other	canonical linked IR -> _validateNVVMFunction	direct NVVM lowering does not support Slang IR instruction or shape 'castFloatToInt'	complete
language-feature/conversions/conversion-to-double.slang#cuda-1	language-feature/conversions/conversion-to-double.slang	cuda_sm_7_0	False	mvp		correct	5039					correct	4669					correct	4679					complete
language-feature/conversions/conversion-to-float.slang#cuda-1	language-feature/conversions/conversion-to-float.slang	cuda_sm_7_0	False	mvp		correct	4873					correct	4602					correct	4504					complete
language-feature/conversions/conversion-to-half.slang#cuda-1	language-feature/conversions/conversion-to-half.slang	cuda_sm_7_0	False	mvp		correct	4903					correct	4381					correct	4492					complete
language-feature/conversions/conversion-to-int16.slang#cuda-1	language-feature/conversions/conversion-to-int16.slang	cuda_sm_7_0	False	mvp		correct	4908					correct	4589					correct	4749					complete
language-feature/conversions/conversion-to-int32.slang#cuda-1	language-feature/conversions/conversion-to-int32.slang	cuda_sm_7_0	False	mvp		correct	4786					correct	4719					correct	4725					complete
language-feature/conversions/conversion-to-int64.slang#cuda-1	language-feature/conversions/conversion-to-int64.slang	cuda_sm_7_0	False	mvp		correct	4818					correct	4710					correct	4615					complete
language-feature/conversions/conversion-to-int8.slang#cuda-1	language-feature/conversions/conversion-to-int8.slang	cuda_sm_7_0	False	mvp		correct	4899					correct	4681					correct	4408					complete
language-feature/conversions/conversion-to-uint16.slang#cuda-1	language-feature/conversions/conversion-to-uint16.slang	cuda_sm_7_0	False	mvp		correct	4762					correct	4427					correct	4648					complete
language-feature/conversions/conversion-to-uint32.slang#cuda-1	language-feature/conversions/conversion-to-uint32.slang	cuda_sm_7_0	False	mvp		correct	4847					correct	4593					correct	4674					complete
language-feature/conversions/conversion-to-uint64.slang#cuda-1	language-feature/conversions/conversion-to-uint64.slang	cuda_sm_7_0	False	mvp		correct	4862					correct	4614					correct	4539					complete
language-feature/conversions/conversion-to-uint8.slang#cuda-1	language-feature/conversions/conversion-to-uint8.slang	cuda_sm_7_0	False	mvp		correct	5004					correct	4566					correct	4553					complete
language-feature/dynamic-dispatch/assoc-type-dynamic-dispatch.slang#cuda-1	language-feature/dynamic-dispatch/assoc-type-dynamic-dispatch.slang	cuda_sm_7_0	False	mvp		correct	4788					correct	4477					correct	5061					complete
language-feature/dynamic-dispatch/assoc-type-explicit-annotation.slang#cuda-1	language-feature/dynamic-dispatch/assoc-type-explicit-annotation.slang	cuda_sm_7_0	False	mvp		correct	4738					correct	4704					correct	4982					complete
language-feature/dynamic-dispatch/assoc-type-interface-type-explicit.slang#cuda-1	language-feature/dynamic-dispatch/assoc-type-interface-type-explicit.slang	cuda_sm_7_0	False	mvp		correct	4615					correct	4761					correct	4909					complete
language-feature/dynamic-dispatch/assoc-type-interface-type-inline.slang#cuda-1	language-feature/dynamic-dispatch/assoc-type-interface-type-inline.slang	cuda_sm_7_0	False	mvp		correct	4726					correct	4693					correct	4766					complete
language-feature/dynamic-dispatch/assoc-type-interface-type.slang#cuda-1	language-feature/dynamic-dispatch/assoc-type-interface-type.slang	cuda_sm_7_0	False	mvp		correct	4701					correct	4518					correct	4656					complete
language-feature/dynamic-dispatch/assoc-type-mutating-method.slang#cuda-1	language-feature/dynamic-dispatch/assoc-type-mutating-method.slang	cuda_sm_7_0	False	mvp		correct	4699					correct	4507					correct	4713					complete
language-feature/dynamic-dispatch/buffer-address-ref.slang#cuda-1	language-feature/dynamic-dispatch/buffer-address-ref.slang	cuda_sm_7_0	False	mvp		correct	4674					correct	4814					correct	5033					complete
language-feature/dynamic-dispatch/buffer-interface-array-field.slang#cuda-1	language-feature/dynamic-dispatch/buffer-interface-array-field.slang	cuda_sm_7_0	False	mvp		correct	4564					correct	4563					correct	4831					complete
language-feature/dynamic-dispatch/buffer-interface-multi-element.slang#cuda-1	language-feature/dynamic-dispatch/buffer-interface-multi-element.slang	cuda_sm_7_0	False	mvp		correct	4875					correct	4401					correct	4926					complete
language-feature/dynamic-dispatch/buffer-struct-with-interface-field.slang#cuda-1	language-feature/dynamic-dispatch/buffer-struct-with-interface-field.slang	cuda_sm_7_0	False	mvp		correct	4773					preflight	4475	function name	function-identity	post-specialization linked IRFunc -> _collectNVVMFunctionNames	direct NVVM lowering does not support Slang IR instruction or shape 'function name'	preflight	4977	function name	function-identity	post-specialization linked IRFunc -> _collectNVVMFunctionNames	direct NVVM lowering does not support Slang IR instruction or shape 'function name'	complete
language-feature/dynamic-dispatch/distinct-type-dispatch.slang#cuda-1	language-feature/dynamic-dispatch/distinct-type-dispatch.slang	cuda_sm_7_0	False	mvp		correct	4679					correct	4734					correct	4944					complete
language-feature/dynamic-dispatch/dynamic-dispatch-params.slang#cuda-1	language-feature/dynamic-dispatch/dynamic-dispatch-params.slang	cuda_sm_7_0	False	mvp		correct	4689					correct	4726					correct	4765					complete
language-feature/dynamic-dispatch/generic-interface-10.slang#cuda-1	language-feature/dynamic-dispatch/generic-interface-10.slang	cuda_sm_7_0	False	mvp		correct	4554					correct	4608					correct	4450					complete
language-feature/dynamic-dispatch/generic-interface-4.slang#cuda-1	language-feature/dynamic-dispatch/generic-interface-4.slang	cuda_sm_7_0	False	mvp		correct	4514					correct	4493					correct	4354					complete
language-feature/dynamic-dispatch/generic-interface-5.slang#cuda-1	language-feature/dynamic-dispatch/generic-interface-5.slang	cuda_sm_7_0	False	mvp		correct	4610					correct	4756					correct	4809					complete
language-feature/dynamic-dispatch/generic-interface-6.slang#cuda-1	language-feature/dynamic-dispatch/generic-interface-6.slang	cuda_sm_7_0	False	mvp		correct	4596					correct	4792					correct	4746					complete
language-feature/dynamic-dispatch/generic-interface-7.slang#cuda-1	language-feature/dynamic-dispatch/generic-interface-7.slang	cuda_sm_7_0	False	mvp		correct	4618					correct	4624					correct	4565					complete
language-feature/dynamic-dispatch/generic-interface-8.slang#cuda-1	language-feature/dynamic-dispatch/generic-interface-8.slang	cuda_sm_7_0	False	mvp		correct	4730					correct	4626					correct	4690					complete
language-feature/dynamic-dispatch/generic-interface-9.slang#cuda-1	language-feature/dynamic-dispatch/generic-interface-9.slang	cuda_sm_7_0	False	mvp		correct	4687					correct	4861					correct	4757					complete
language-feature/dynamic-dispatch/generic-interface-dynamic-param.slang#cuda-1	language-feature/dynamic-dispatch/generic-interface-dynamic-param.slang	cuda_sm_7_0	False	mvp		correct	4797					provider	4761		provider-aggregate-field-pointer	canonical by-value aggregate field address -> provider field-pointer operation	LLVM 14 NVVM IR builder operation 'by-value aggregate field pointer' failed with result -2147024809	provider	4699		provider-aggregate-field-pointer	canonical by-value aggregate field address -> provider field-pointer operation	LLVM 14 NVVM IR builder operation 'by-value aggregate field pointer' failed with result -2147024809	complete
language-feature/dynamic-dispatch/generic-interface-inherit.slang#cuda-1	language-feature/dynamic-dispatch/generic-interface-inherit.slang	cuda_sm_7_0	False	mvp		correct	4663					correct	4856					correct	4575					complete
language-feature/dynamic-dispatch/generic-interface-multi-conform.slang#cuda-1	language-feature/dynamic-dispatch/generic-interface-multi-conform.slang	cuda_sm_7_0	False	mvp		correct	4619					provider	4356		provider-aggregate-field-pointer	canonical by-value aggregate field address -> provider field-pointer operation	LLVM 14 NVVM IR builder operation 'by-value aggregate field pointer' failed with result -2147024809	provider	4434		provider-aggregate-field-pointer	canonical by-value aggregate field address -> provider field-pointer operation	LLVM 14 NVVM IR builder operation 'by-value aggregate field pointer' failed with result -2147024809	complete
language-feature/dynamic-dispatch/generic-interface-nested.slang#cuda-1	language-feature/dynamic-dispatch/generic-interface-nested.slang	cuda_sm_7_0	False	mvp		correct	4711					preflight	4503	function name	function-identity	post-specialization linked IRFunc -> _collectNVVMFunctionNames	direct NVVM lowering does not support Slang IR instruction or shape 'function name'	preflight	4653	function name	function-identity	post-specialization linked IRFunc -> _collectNVVMFunctionNames	direct NVVM lowering does not support Slang IR instruction or shape 'function name'	complete
language-feature/dynamic-dispatch/generic-method-constrained.slang#cuda-1	language-feature/dynamic-dispatch/generic-method-constrained.slang	cuda_sm_7_0	False	mvp		correct	4621					correct	4709					correct	4829					complete
language-feature/dynamic-dispatch/generic-method-dispatch.slang#cuda-1	language-feature/dynamic-dispatch/generic-method-dispatch.slang	cuda_sm_7_0	False	mvp		correct	4665					correct	4686					correct	4403					complete
language-feature/dynamic-dispatch/generic-method-with-interface-arg.slang#cuda-1	language-feature/dynamic-dispatch/generic-method-with-interface-arg.slang	cuda_sm_7_0	False	mvp		correct	4642					correct	4257					correct	4506					complete
language-feature/dynamic-dispatch/generic-struct-with-interface-field.slang#cuda-1	language-feature/dynamic-dispatch/generic-struct-with-interface-field.slang	cuda_sm_7_0	False	mvp		correct	4733					correct	4590					correct	4641					complete
language-feature/dynamic-dispatch/global-interface-param-compute-mono.slang#cuda-1	language-feature/dynamic-dispatch/global-interface-param-compute-mono.slang	cuda_sm_7_0	False	mvp		correct	4721					correct	4597					correct	4741					complete
language-feature/dynamic-dispatch/global-interface-param-compute.slang#cuda-1	language-feature/dynamic-dispatch/global-interface-param-compute.slang	cuda_sm_7_0	False	mvp		correct	4843					correct	4700					correct	4792					complete
language-feature/dynamic-dispatch/groupshared-struct-with-interface.slang#cuda-1	language-feature/dynamic-dispatch/groupshared-struct-with-interface.slang	cuda_sm_7_0	False	mvp		correct	4778					preflight	4446	struct field address	aggregate-pointer-layout-transport	canonical linked aggregate/pointer IR -> _validateNVVMFunction	direct NVVM lowering does not support Slang IR instruction or shape 'struct field address'	preflight	4517	struct field address	aggregate-pointer-layout-transport	canonical linked aggregate/pointer IR -> _validateNVVMFunction	direct NVVM lowering does not support Slang IR instruction or shape 'struct field address'	complete
language-feature/dynamic-dispatch/impl-concrete-ptr-field.slang#cuda-1	language-feature/dynamic-dispatch/impl-concrete-ptr-field.slang	cuda_sm_7_0	False	mvp		correct	4784					correct	4290					correct	4671					complete
language-feature/dynamic-dispatch/impl-interface-ptr-field-deref.slang#cuda-1	language-feature/dynamic-dispatch/impl-interface-ptr-field-deref.slang	cuda_sm_7_0	False	mvp		correct	4699					correct	4587					correct	4697					complete
language-feature/dynamic-dispatch/impl-multiple-ptr-fields.slang#cuda-1	language-feature/dynamic-dispatch/impl-multiple-ptr-fields.slang	cuda_sm_7_0	False	mvp		correct	4851					correct	4673					correct	4488					complete
language-feature/dynamic-dispatch/impl-ptr-field-anyvaluesize.slang#cuda-1	language-feature/dynamic-dispatch/impl-ptr-field-anyvaluesize.slang	cuda_sm_7_0	False	mvp		correct	4877					correct	4503					correct	4596					complete
language-feature/dynamic-dispatch/impl-ptr-field-deref-after-dispatch.slang#cuda-1	language-feature/dynamic-dispatch/impl-ptr-field-deref-after-dispatch.slang	cuda_sm_7_0	False	mvp		correct	4725					correct	4491					correct	4678					complete
language-feature/dynamic-dispatch/impl-ptr-field-mutating.slang#cuda-1	language-feature/dynamic-dispatch/impl-ptr-field-mutating.slang	cuda_sm_7_0	False	mvp		correct	4737					correct	4605					correct	5093					complete
language-feature/dynamic-dispatch/interface-ptr-deref-via-buffer-address.slang#cuda-1	language-feature/dynamic-dispatch/interface-ptr-deref-via-buffer-address.slang	cuda_sm_7_0	False	mvp		correct	4629					correct	4556					correct	4941					complete
language-feature/dynamic-dispatch/interface-ptr-in-impl.slang#cuda-1	language-feature/dynamic-dispatch/interface-ptr-in-impl.slang	cuda_sm_7_0	False	mvp		correct	4828					correct	4637					correct	4819					complete
language-feature/dynamic-dispatch/layout-16bit-vectors.slang#cuda-1	language-feature/dynamic-dispatch/layout-16bit-vectors.slang	cuda_sm_7_0	False	mvp		correct	4828					correct	4413					correct	4831					complete
language-feature/dynamic-dispatch/layout-64bit-scalar.slang#cuda-1	language-feature/dynamic-dispatch/layout-64bit-scalar.slang	cuda_sm_7_0	False	mvp		correct	4695					preflight	4525	makeUInt64	preflight-other	canonical linked IR -> _validateNVVMFunction	direct NVVM lowering does not support Slang IR instruction or shape 'makeUInt64'	preflight	4818	makeUInt64	preflight-other	canonical linked IR -> _validateNVVMFunction	direct NVVM lowering does not support Slang IR instruction or shape 'makeUInt64'	complete
language-feature/dynamic-dispatch/layout-64bit-vector.slang#cuda-1	language-feature/dynamic-dispatch/layout-64bit-vector.slang	cuda_sm_7_0	False	mvp		correct	4876					preflight	4635	makeUInt64	preflight-other	canonical linked IR -> _validateNVVMFunction	direct NVVM lowering does not support Slang IR instruction or shape 'makeUInt64'	preflight	4546	makeUInt64	preflight-other	canonical linked IR -> _validateNVVMFunction	direct NVVM lowering does not support Slang IR instruction or shape 'makeUInt64'	complete
language-feature/dynamic-dispatch/layout-8bit-vectors.slang#cuda-1	language-feature/dynamic-dispatch/layout-8bit-vectors.slang	cuda_sm_7_0	False	mvp		correct	4762					correct	4572					correct	4486					complete
language-feature/dynamic-dispatch/layout-array-2d.slang#cuda-1	language-feature/dynamic-dispatch/layout-array-2d.slang	cuda_sm_7_0	False	mvp		correct	4801					correct	4367					correct	4459					complete
language-feature/dynamic-dispatch/layout-array-field.slang#cuda-1	language-feature/dynamic-dispatch/layout-array-field.slang	cuda_sm_7_0	False	mvp		correct	4757					correct	4487					correct	4810					complete
language-feature/dynamic-dispatch/layout-array-of-structs.slang#cuda-1	language-feature/dynamic-dispatch/layout-array-of-structs.slang	cuda_sm_7_0	False	mvp		correct	4841					correct	4582					correct	5108					complete
language-feature/dynamic-dispatch/layout-array-of-vectors.slang#cuda-1	language-feature/dynamic-dispatch/layout-array-of-vectors.slang	cuda_sm_7_0	False	mvp		correct	4837					correct	4585					correct	5007					complete
language-feature/dynamic-dispatch/layout-conditional-field.slang#cuda-1	language-feature/dynamic-dispatch/layout-conditional-field.slang	cuda_sm_7_0	False	mvp		correct	4870					correct	4493					correct	4528					complete
language-feature/dynamic-dispatch/layout-conditional-zero-size.slang#cuda-1	language-feature/dynamic-dispatch/layout-conditional-zero-size.slang	cuda_sm_7_0	False	mvp		correct	4653					correct	4556					correct	4611					complete
language-feature/dynamic-dispatch/layout-descriptor-handle-array.slang#cuda-1	language-feature/dynamic-dispatch/layout-descriptor-handle-array.slang	cuda_sm_7_0	False	mvp		correct	4779					runtime-mismatch	4393		runtime-descriptor-handle-layout	compiled PTX executed by the CUDA compare-compute harness	Slang compilation aborted due to an exception of class Slang::InternalError unexpected: Unsupported value size	runtime-mismatch	4578		runtime-descriptor-handle-layout	compiled PTX executed by the CUDA compare-compute harness	Slang compilation aborted due to an exception of class Slang::InternalError unexpected: Unsupported value size	complete
language-feature/dynamic-dispatch/layout-descriptor-handle-dispatch.slang#cuda-1	language-feature/dynamic-dispatch/layout-descriptor-handle-dispatch.slang	cuda_sm_7_0	False	mvp		correct	4669					runtime-mismatch	4460		runtime-descriptor-handle-layout	compiled PTX executed by the CUDA compare-compute harness	Slang compilation aborted due to an exception of class Slang::InternalError unexpected: Unsupported value size	runtime-mismatch	4558		runtime-descriptor-handle-layout	compiled PTX executed by the CUDA compare-compute harness	Slang compilation aborted due to an exception of class Slang::InternalError unexpected: Unsupported value size	complete
language-feature/dynamic-dispatch/layout-descriptor-handle-multi.slang#cuda-1	language-feature/dynamic-dispatch/layout-descriptor-handle-multi.slang	cuda_sm_7_0	False	mvp		correct	4673					runtime-mismatch	4229		runtime-descriptor-handle-layout	compiled PTX executed by the CUDA compare-compute harness	Slang compilation aborted due to an exception of class Slang::InternalError unexpected: Unsupported value size	runtime-mismatch	4370		runtime-descriptor-handle-layout	compiled PTX executed by the CUDA compare-compute harness	Slang compilation aborted due to an exception of class Slang::InternalError unexpected: Unsupported value size	complete
language-feature/dynamic-dispatch/layout-empty-tuple-field.slang#cuda-1	language-feature/dynamic-dispatch/layout-empty-tuple-field.slang	cuda_sm_7_0	False	mvp		correct	4538					correct	4472					correct	4486					complete
language-feature/dynamic-dispatch/layout-enum-field.slang#cuda-1	language-feature/dynamic-dispatch/layout-enum-field.slang	cuda_sm_7_0	False	mvp		correct	4754					correct	4635					correct	4764					complete
language-feature/dynamic-dispatch/layout-enum-return.slang#cuda-1	language-feature/dynamic-dispatch/layout-enum-return.slang	cuda_sm_7_0	False	mvp		correct	4724					correct	4606					correct	4813					complete
language-feature/dynamic-dispatch/layout-enum-underlying-types.slang#cuda-1	language-feature/dynamic-dispatch/layout-enum-underlying-types.slang	cuda_sm_7_0	False	mvp		correct	4660					correct	4533					correct	4340					complete
language-feature/dynamic-dispatch/layout-matrix-field.slang#cuda-1	language-feature/dynamic-dispatch/layout-matrix-field.slang	cuda_sm_7_0	False	mvp		correct	4955					correct	4679					correct	4682					complete
language-feature/dynamic-dispatch/layout-mixed-bitwidths.slang#cuda-1	language-feature/dynamic-dispatch/layout-mixed-bitwidths.slang	cuda_sm_7_0	False	mvp		correct	4979					preflight	4587	makeUInt64	preflight-other	canonical linked IR -> _validateNVVMFunction	direct NVVM lowering does not support Slang IR instruction or shape 'makeUInt64'	preflight	4643	makeUInt64	preflight-other	canonical linked IR -> _validateNVVMFunction	direct NVVM lowering does not support Slang IR instruction or shape 'makeUInt64'	complete
language-feature/dynamic-dispatch/layout-nested-tuple-field.slang#cuda-1	language-feature/dynamic-dispatch/layout-nested-tuple-field.slang	cuda_sm_7_0	False	mvp		correct	4804					correct	4691					correct	4918					complete
language-feature/dynamic-dispatch/layout-optional-field.slang#cuda-1	language-feature/dynamic-dispatch/layout-optional-field.slang	cuda_sm_7_0	False	mvp		correct	4816					correct	4569					correct	4799					complete
language-feature/dynamic-dispatch/layout-tuple-field.slang#cuda-1	language-feature/dynamic-dispatch/layout-tuple-field.slang	cuda_sm_7_0	False	mvp		correct	4599					correct	4368					correct	4492					complete
language-feature/dynamic-dispatch/layout-vector-field.slang#cuda-1	language-feature/dynamic-dispatch/layout-vector-field.slang	cuda_sm_7_0	False	mvp		correct	4779					correct	4648					correct	5011					complete
language-feature/dynamic-dispatch/layout-vector-matrix-mixed.slang#cuda-1	language-feature/dynamic-dispatch/layout-vector-matrix-mixed.slang	cuda_sm_7_0	False	mvp		correct	4789					correct	4741					correct	4871					complete
language-feature/dynamic-dispatch/mutating-dispatch.slang#cuda-1	language-feature/dynamic-dispatch/mutating-dispatch.slang	cuda_sm_7_0	False	mvp		correct	4812					correct	4660					correct	4576					complete
language-feature/dynamic-dispatch/nested-existential-dynamic-dispatch.slang#cuda-1	language-feature/dynamic-dispatch/nested-existential-dynamic-dispatch.slang	cuda_sm_7_0	False	mvp		correct	4817					correct	4609					correct	4624					complete
language-feature/dynamic-dispatch/optional-downcast-struct-with-interface-field.slang#cuda-1	language-feature/dynamic-dispatch/optional-downcast-struct-with-interface-field.slang	cuda_sm_7_0	False	mvp		correct	4817					correct	4615					correct	4621					complete
language-feature/dynamic-dispatch/optional-single-concrete-layout.slang#cuda-1	language-feature/dynamic-dispatch/optional-single-concrete-layout.slang	cuda_sm_7_0	False	mvp		correct	4718					preflight	4583	helper function result type	helper-abi-type-contract	post-specialization linked IRFunc signature -> _validateNVVMHelperTarget	direct NVVM lowering does not support Slang IR instruction or shape 'helper function result type: Tuple'	preflight	4895	helper function result type	helper-abi-type-contract	post-specialization linked IRFunc signature -> _validateNVVMHelperTarget	direct NVVM lowering does not support Slang IR instruction or shape 'helper function result type: Tuple'	complete
language-feature/dynamic-dispatch/optional-single-concrete-widen.slang#cuda-1	language-feature/dynamic-dispatch/optional-single-concrete-widen.slang	cuda_sm_7_0	False	mvp		correct	4630					correct	4517					correct	4996					complete
language-feature/dynamic-dispatch/ptr-to-interface-array.slang#cuda-1	language-feature/dynamic-dispatch/ptr-to-interface-array.slang	cuda_sm_7_0	False	mvp		correct	4727					correct	4424					correct	4476					complete
language-feature/dynamic-dispatch/ptr-to-interface-cast.slang#cuda-1	language-feature/dynamic-dispatch/ptr-to-interface-cast.slang	cuda_sm_7_0	False	mvp		correct	4714					correct	4506					correct	4945					complete
language-feature/dynamic-dispatch/ptr-to-interface-deref.slang#cuda-1	language-feature/dynamic-dispatch/ptr-to-interface-deref.slang	cuda_sm_7_0	False	mvp		correct	4658					correct	4604					correct	5012					complete
language-feature/dynamic-dispatch/ptr-to-interface-param.slang#cuda-1	language-feature/dynamic-dispatch/ptr-to-interface-param.slang	cuda_sm_7_0	False	mvp		correct	4625					correct	4507					correct	4718					complete
language-feature/dynamic-dispatch/return-interface-from-dispatch.slang#cuda-1	language-feature/dynamic-dispatch/return-interface-from-dispatch.slang	cuda_sm_7_0	False	mvp		correct	4599					preflight	4435	device scalar pointer	preflight-other	canonical linked IR -> _validateNVVMFunction	direct NVVM lowering does not support Slang IR instruction or shape 'device scalar pointer'	preflight	4420	device scalar pointer	preflight-other	canonical linked IR -> _validateNVVMFunction	direct NVVM lowering does not support Slang IR instruction or shape 'device scalar pointer'	complete
language-feature/dynamic-dispatch/return-interface-tuple-limitation.slang#cuda-1	language-feature/dynamic-dispatch/return-interface-tuple-limitation.slang	cuda_sm_7_0	False	mvp		correct	4739					correct	4641					correct	4493					complete
language-feature/dynamic-dispatch/rwstructuredbuffer-interface-readwrite.slang#cuda-1	language-feature/dynamic-dispatch/rwstructuredbuffer-interface-readwrite.slang	cuda_sm_7_0	False	mvp		correct	4811					correct	4773					correct	5025					complete
language-feature/dynamic-dispatch/special-members-dispatch.slang#cuda-1	language-feature/dynamic-dispatch/special-members-dispatch.slang	cuda_sm_7_0	False	mvp		correct	4973					correct	4691					correct	5028					complete
language-feature/dynamic-dispatch/special-members-generic-subscript.slang#cuda-1	language-feature/dynamic-dispatch/special-members-generic-subscript.slang	cuda_sm_7_0	False	mvp		correct	4704					correct	4714					correct	4817					complete
language-feature/dynamic-dispatch/special-members-setter.slang#cuda-1	language-feature/dynamic-dispatch/special-members-setter.slang	cuda_sm_7_0	False	mvp		correct	4768					preflight	4552	DebugNoScope	residual-target-marker-or-undefined-value	named upstream IR producer -> _validateNVVMFunction default rejection	direct NVVM lowering does not support Slang IR instruction or shape 'DebugNoScope'	preflight	4610	DebugNoScope	residual-target-marker-or-undefined-value	named upstream IR producer -> _validateNVVMFunction default rejection	direct NVVM lowering does not support Slang IR instruction or shape 'DebugNoScope'	complete
language-feature/dynamic-dispatch/stateless-dynamic-object.slang#cuda-1	language-feature/dynamic-dispatch/stateless-dynamic-object.slang	cuda_sm_7_0	False	mvp		correct	4884					correct	4751					correct	4812					complete
language-feature/dynamic-dispatch/static-method-dispatch.slang#cuda-1	language-feature/dynamic-dispatch/static-method-dispatch.slang	cuda_sm_7_0	False	mvp		correct	4908					preflight	4585	function name	function-identity	post-specialization linked IRFunc -> _collectNVVMFunctionNames	direct NVVM lowering does not support Slang IR instruction or shape 'function name'	preflight	4848	function name	function-identity	post-specialization linked IRFunc -> _collectNVVMFunctionNames	direct NVVM lowering does not support Slang IR instruction or shape 'function name'	complete
language-feature/dynamic-dispatch/structuredbuffer-interface-read.slang#cuda-1	language-feature/dynamic-dispatch/structuredbuffer-interface-read.slang	cuda_sm_7_0	False	mvp		correct	4741					correct	4571					correct	4885					complete
language-feature/dynamic-dispatch/tagged-union-lowering-runtime.slang#cuda-1	language-feature/dynamic-dispatch/tagged-union-lowering-runtime.slang	cuda_sm_7_0	False	mvp		correct	4584					correct	4661					correct	4570					complete
language-feature/dynamic-dispatch/this-return-chained.slang#cuda-1	language-feature/dynamic-dispatch/this-return-chained.slang	cuda_sm_7_0	False	mvp		correct	4660					preflight	4661	function name	function-identity	post-specialization linked IRFunc -> _collectNVVMFunctionNames	direct NVVM lowering does not support Slang IR instruction or shape 'function name'	preflight	4710	function name	function-identity	post-specialization linked IRFunc -> _collectNVVMFunctionNames	direct NVVM lowering does not support Slang IR instruction or shape 'function name'	complete
language-feature/execution-model/atomic-interlocked-functional.slang#cuda-1	language-feature/execution-model/atomic-interlocked-functional.slang	cuda_sm_7_0	False	mvp		correct	4780					correct	4569					correct	4941					complete
language-feature/execution-model/compute-numthreads-functional.slang#cuda-1	language-feature/execution-model/compute-numthreads-functional.slang	cuda_sm_7_0	False	mvp		correct	4729					correct	4493					correct	4820					complete
language-feature/execution-model/compute-system-values-comprehensive.slang#cuda-1	language-feature/execution-model/compute-system-values-comprehensive.slang	cuda_sm_7_0	False	mvp		correct	4546					correct	4483					correct	4291					complete
language-feature/execution-model/early-return-wave-op-functional.slang#cuda-1	language-feature/execution-model/early-return-wave-op-functional.slang	cuda_sm_7_0	False	mvp		correct	4575					correct	4689					correct	4539					complete
language-feature/execution-model/generic-entry-point.slang#cuda-1	language-feature/execution-model/generic-entry-point.slang	cuda_sm_7_0	False	mvp		correct	4704					correct	4604					correct	4576					complete
language-feature/execution-model/groupshared-barrier-functional.slang#cuda-1	language-feature/execution-model/groupshared-barrier-functional.slang	cuda_sm_7_0	False	mvp		correct	4751					correct	4369					correct	4683					complete
language-feature/execution-model/groupshared-multi-barrier-functional.slang#cuda-1	language-feature/execution-model/groupshared-multi-barrier-functional.slang	cuda_sm_7_0	False	mvp		correct	4657					correct	4545					correct	4693					complete
language-feature/execution-model/loop-break-wave-op-functional.slang#cuda-1	language-feature/execution-model/loop-break-wave-op-functional.slang	cuda_sm_7_0	False	mvp		correct	4605					correct	4610					correct	4643					complete
language-feature/execution-model/loop-divergence-reconvergence-functional.slang#cuda-1	language-feature/execution-model/loop-divergence-reconvergence-functional.slang	cuda_sm_7_0	False	mvp		correct	4664					correct	4781					correct	4794					complete
language-feature/execution-model/multi-wave-thread-group-functional.slang#cuda-1	language-feature/execution-model/multi-wave-thread-group-functional.slang	cuda_sm_7_0	False	mvp		correct	4779					correct	4635					correct	4718					complete
language-feature/execution-model/nested-divergence-functional.slang#cuda-1	language-feature/execution-model/nested-divergence-functional.slang	cuda_sm_7_0	False	mvp		correct	4625					correct	4395					correct	4462					complete
language-feature/execution-model/numthreads-3d-linearization.slang#cuda-1	language-feature/execution-model/numthreads-3d-linearization.slang	cuda_sm_7_0	False	mvp		correct	4598					correct	4554					correct	4475					complete
language-feature/execution-model/wave-active-all-any-functional.slang#cuda-1	language-feature/execution-model/wave-active-all-any-functional.slang	cuda_sm_7_0	False	mvp		correct	4681					correct	4558					correct	4516					complete
language-feature/execution-model/wave-ballot-verify-functional.slang#cuda-1	language-feature/execution-model/wave-ballot-verify-functional.slang	cuda_sm_7_0	False	mvp		correct	4650					correct	4436					correct	4659					complete
language-feature/execution-model/wave-divergent-if-functional.slang#cuda-1	language-feature/execution-model/wave-divergent-if-functional.slang	cuda_sm_7_0	False	mvp		correct	4726					correct	4401					correct	4558					complete
language-feature/execution-model/wave-switch-divergence-functional.slang#cuda-1	language-feature/execution-model/wave-switch-divergence-functional.slang	cuda_sm_7_0	False	mvp		correct	4647					preflight	4416	waveMaskMatch	atomic-wave-operation	atomic/wave legalization IR op -> _validateNVVMFunction	direct NVVM lowering does not support Slang IR instruction or shape 'waveMaskMatch'	preflight	4412	waveMaskMatch	atomic-wave-operation	atomic/wave legalization IR op -> _validateNVVMFunction	direct NVVM lowering does not support Slang IR instruction or shape 'waveMaskMatch'	complete
language-feature/generics/variadic-type-pack-expand-tuple.slang#cuda-1	language-feature/generics/variadic-type-pack-expand-tuple.slang	cuda_sm_7_0	False	mvp		correct	4682					preflight	4607	DebugNoScope	residual-target-marker-or-undefined-value	named upstream IR producer -> _validateNVVMFunction default rejection	direct NVVM lowering does not support Slang IR instruction or shape 'DebugNoScope'	preflight	4521	DebugNoScope	residual-target-marker-or-undefined-value	named upstream IR producer -> _validateNVVMFunction default rejection	direct NVVM lowering does not support Slang IR instruction or shape 'DebugNoScope'	complete
language-feature/if-let/if-let-1.slang#cuda-1	language-feature/if-let/if-let-1.slang	cuda_sm_7_0	False	mvp		correct	4792					preflight	4554	function name	function-identity	post-specialization linked IRFunc -> _collectNVVMFunctionNames	direct NVVM lowering does not support Slang IR instruction or shape 'function name'	preflight	4578	function name	function-identity	post-specialization linked IRFunc -> _collectNVVMFunctionNames	direct NVVM lowering does not support Slang IR instruction or shape 'function name'	complete
language-feature/if-let/if-let-less-than.slang#cuda-1	language-feature/if-let/if-let-less-than.slang	cuda_sm_7_0	False	mvp		correct	4831					correct	4416					correct	4439					complete
language-feature/if-let/if-let.slang#cuda-1	language-feature/if-let/if-let.slang	cuda_sm_7_0	False	mvp		correct	4784					correct	4382					correct	4341					complete
language-feature/operator-overload/builtin-operator-fastpath-bool.slang#cuda-1	language-feature/operator-overload/builtin-operator-fastpath-bool.slang	cuda_sm_7_0	True	mvp		correct	4729					correct	4518					correct	4449					complete
language-feature/operator-overload/builtin-operator-fastpath-float.slang#cuda-1	language-feature/operator-overload/builtin-operator-fastpath-float.slang	cuda_sm_7_0	True	mvp		correct	4966					correct	4555					correct	4632					complete
language-feature/operator-overload/builtin-operator-fastpath-uint.slang#cuda-1	language-feature/operator-overload/builtin-operator-fastpath-uint.slang	cuda_sm_7_0	True	mvp		correct	4987					correct	4417					correct	4713					complete
language-feature/operator-overload/builtin-operator-fastpath.slang#cuda-1	language-feature/operator-overload/builtin-operator-fastpath.slang	cuda_sm_7_0	True	mvp		correct	4773					correct	4367					correct	4524					complete
language-feature/optional-descriptor-handle.slang#cuda-1	language-feature/optional-descriptor-handle.slang	cuda_sm_7_0	False	mvp		correct	4764					preflight	4480	helper function result type	helper-abi-type-contract	post-specialization linked IRFunc signature -> _validateNVVMHelperTarget	direct NVVM lowering does not support Slang IR instruction or shape 'helper function result type: _slang_Optional_DomeLight'	preflight	4591	helper function result type	helper-abi-type-contract	post-specialization linked IRFunc signature -> _validateNVVMHelperTarget	direct NVVM lowering does not support Slang IR instruction or shape 'helper function result type: _slang_Optional_DomeLight'	complete
language-feature/pointer/const-ref.slang#cuda-1	language-feature/pointer/const-ref.slang	cuda_sm_7_0	False	mvp		correct	4732					preflight	4514	helper function parameter	helper-abi-type-contract	post-specialization linked IRFunc signature -> _validateNVVMHelperTarget	direct NVVM lowering does not support Slang IR instruction or shape 'helper function parameter: BorrowInParam<Thing, addressSpace=2147483647, access=1, operands=4, layout=DefaultLayout>'	preflight	4639	helper function parameter	helper-abi-type-contract	post-specialization linked IRFunc signature -> _validateNVVMHelperTarget	direct NVVM lowering does not support Slang IR instruction or shape 'helper function parameter: BorrowInParam<Thing, addressSpace=2147483647, access=1, operands=4, layout=DefaultLayout>'	complete
language-feature/pointer/ptr-to-groupshared-1.slang#cuda-1	language-feature/pointer/ptr-to-groupshared-1.slang	cuda_sm_7_0	False	mvp		correct	4479					preflight	4434	helper function parameter	helper-abi-type-contract	post-specialization linked IRFunc signature -> _validateNVVMHelperTarget	direct NVVM lowering does not support Slang IR instruction or shape 'helper function parameter: Ptr<vector<uint,4>, addressSpace=3, access=0, operands=4, layout=DefaultLayout>'	preflight	4634	helper function parameter	helper-abi-type-contract	post-specialization linked IRFunc signature -> _validateNVVMHelperTarget	direct NVVM lowering does not support Slang IR instruction or shape 'helper function parameter: Ptr<vector<uint,4>, addressSpace=3, access=0, operands=4, layout=DefaultLayout>'	complete
language-feature/scalar-ternary-op-short-and-non-short-circuit.slang#cuda-1	language-feature/scalar-ternary-op-short-and-non-short-circuit.slang	cuda_sm_7_0	False	mvp		correct	4570					correct	4331					correct	4573					complete
language-feature/shader-params/entry-point-uniform-params.slang#cuda-1	language-feature/shader-params/entry-point-uniform-params.slang	cuda_sm_7_0	False	mvp		correct	4644					correct	4542					correct	4531					complete
language-feature/system-value-extraction.slang#cuda-1	language-feature/system-value-extraction.slang	cuda_sm_7_0	False	mvp		correct	4566					correct	4481					correct	4662					complete
metal/atomic-byteaddressbuffer.slang#cuda-1	metal/atomic-byteaddressbuffer.slang	cuda_sm_7_0	False	mvp		correct	4531					preflight	4369	atomicCompareExchange	atomic-wave-operation	atomic/wave legalization IR op -> _validateNVVMFunction	direct NVVM lowering does not support Slang IR instruction or shape 'atomicCompareExchange'	preflight	4669	atomicCompareExchange	atomic-wave-operation	atomic/wave legalization IR op -> _validateNVVMFunction	direct NVVM lowering does not support Slang IR instruction or shape 'atomicCompareExchange'	complete
metal/metal-pointer-uniform.slang#cuda-1	metal/metal-pointer-uniform.slang	cuda_sm_7_0	False	mvp		correct	4621					correct	4384					correct	4513					complete
slang-extension/atomic-float-byte-address-buffer.slang#cuda-1	slang-extension/atomic-float-byte-address-buffer.slang	cuda_sm_7_0	False	mvp		correct	4601					preflight	4503	GenericAsm	generic-asm-atomic	StmtLoweringVisitor::visitIntrinsicAsmStmt -> IRGenericAsm; _validateNVVMFunction semantic resolution	direct NVVM lowering does not support Slang IR instruction or shape 'GenericAsm assembly=(*$3 = atomicAdd($0._getPtrAt<float>($1), $2)), signature=Void(RWByteAddressBuffer, uint, float, OutParam<float>)'	preflight	4434	GenericAsm	generic-asm-atomic	StmtLoweringVisitor::visitIntrinsicAsmStmt -> IRGenericAsm; _validateNVVMFunction semantic resolution	direct NVVM lowering does not support Slang IR instruction or shape 'GenericAsm assembly=(*$3 = atomicAdd($0._getPtrAt<float>($1), $2)), signature=Void(RWByteAddressBuffer, uint, float, OutParam<float>)'	complete
slang-extension/atomic-int64-byte-address-buffer.slang#cuda-1	slang-extension/atomic-int64-byte-address-buffer.slang	cuda_sm_7_0	False	mvp		correct	4706					preflight	4485	equivalent structured-buffer view	raw-buffer-view-access	raw-buffer legalization IR op -> direct-NVVM raw-buffer resolver	direct NVVM lowering does not support Slang IR instruction or shape 'equivalent structured-buffer view'	preflight	4445	equivalent structured-buffer view	raw-buffer-view-access	raw-buffer legalization IR op -> direct-NVVM raw-buffer resolver	direct NVVM lowering does not support Slang IR instruction or shape 'equivalent structured-buffer view'	complete
slang-extension/cas-int64-byte-address-buffer.slang#cuda-1	slang-extension/cas-int64-byte-address-buffer.slang	cuda_sm_7_0	False	mvp		correct	4440					preflight	4335	GenericAsm	generic-asm-atomic	StmtLoweringVisitor::visitIntrinsicAsmStmt -> IRGenericAsm; _validateNVVMFunction semantic resolution	direct NVVM lowering does not support Slang IR instruction or shape 'GenericAsm assembly=(*$4 = atomicCAS($0._getPtrAt<uint64_t>($1), $2, $3)), signature=Void(RWByteAddressBuffer, uint, uint64_t, uint64_t, OutParam<uint64_t>)'	preflight	4373	GenericAsm	generic-asm-atomic	StmtLoweringVisitor::visitIntrinsicAsmStmt -> IRGenericAsm; _validateNVVMFunction semantic resolution	direct NVVM lowering does not support Slang IR instruction or shape 'GenericAsm assembly=(*$4 = atomicCAS($0._getPtrAt<uint64_t>($1), $2, $3)), signature=Void(RWByteAddressBuffer, uint, uint64_t, uint64_t, OutParam<uint64_t>)'	complete
slang-extension/exchange-int64-byte-address-buffer.slang#cuda-1	slang-extension/exchange-int64-byte-address-buffer.slang	cuda_sm_7_0	False	mvp		correct	4321					preflight	4190	atomicExchange	atomic-wave-operation	atomic/wave legalization IR op -> _validateNVVMFunction	direct NVVM lowering does not support Slang IR instruction or shape 'atomicExchange'	preflight	4207	atomicExchange	atomic-wave-operation	atomic/wave legalization IR op -> _validateNVVMFunction	direct NVVM lowering does not support Slang IR instruction or shape 'atomicExchange'	complete
slang-extension/realtime-clock.slang#cuda-1	slang-extension/realtime-clock.slang	cuda_sm_7_0	False	extension	device clock/syscall operation outside the initial MVP	correct	4355					preflight	4070	GenericAsm	generic-asm-device-clock	StmtLoweringVisitor::visitIntrinsicAsmStmt -> IRGenericAsm; _validateNVVMFunction semantic resolution	direct NVVM lowering does not support Slang IR instruction or shape 'GenericAsm assembly=clock, signature=uint()'	preflight	4076	GenericAsm	generic-asm-device-clock	StmtLoweringVisitor::visitIntrinsicAsmStmt -> IRGenericAsm; _validateNVVMFunction semantic resolution	direct NVVM lowering does not support Slang IR instruction or shape 'GenericAsm assembly=clock, signature=uint()'	complete
spirv/int-cast-unsigned-to-signed.slang#cuda-1	spirv/int-cast-unsigned-to-signed.slang	cuda_sm_7_0	False	mvp		correct	4294					correct	4064					correct	4119					complete
