id	source	capability	reference_derived_from_direct	coverage_tier	scope_reason	nvrtc-o3_classification	nvrtc-o3_elapsed_ms	nvrtc-o3_shape	nvrtc-o3_cluster	nvrtc-o3_producer	nvrtc-o3_diagnostic	nvvm-o0_classification	nvvm-o0_elapsed_ms	nvvm-o0_shape	nvvm-o0_cluster	nvvm-o0_producer	nvvm-o0_diagnostic	nvvm-o3_classification	nvvm-o3_elapsed_ms	nvvm-o3_shape	nvvm-o3_cluster	nvvm-o3_producer	nvvm-o3_diagnostic	evidence_status
bugs/empty-switch.slang#cuda-1	bugs/empty-switch.slang	cuda_sm_7_0	False	mvp		correct	5871					correct	4870					correct	5432					complete
bugs/frexp-double.slang#cuda-1	bugs/frexp-double.slang	cuda_sm_7_0	False	mvp		correct	5247					correct	5731					correct	5772					complete
bugs/frexp.slang#cuda-1	bugs/frexp.slang	cuda_sm_7_0	False	mvp		correct	5387					correct	5722					correct	5996					complete
bugs/gh-11627-flag-enum-compound-assign.slang#cuda-1	bugs/gh-11627-flag-enum-compound-assign.slang	cuda_sm_7_0	False	mvp		correct	6020					correct	5821					correct	5723					complete
bugs/gh-3637.slang#cuda-1	bugs/gh-3637.slang	cuda_sm_7_0	False	mvp		correct	5934					correct	5793					correct	5969					complete
bugs/gh-3980.slang#cuda-1	bugs/gh-3980.slang	cuda_sm_7_0	False	mvp		correct	5215					correct	5159					correct	5975					complete
bugs/gh-4533.slang#cuda-1	bugs/gh-4533.slang	cuda_sm_7_0	False	mvp		correct	5964					preflight	5064	intCast	ordinary-numeric-bit-operation	typed expression/intrinsic IR op -> _resolveNVVMValueOperation	direct NVVM lowering does not support Slang IR instruction or shape 'intCast'	preflight	5282	intCast	ordinary-numeric-bit-operation	typed expression/intrinsic IR op -> _resolveNVVMValueOperation	direct NVVM lowering does not support Slang IR instruction or shape 'intCast'	complete
bugs/gh-5776.slang#cuda-1	bugs/gh-5776.slang	cuda_sm_7_0	False	mvp		correct	5593					preflight	5689	helper function parameter	helper-abi-type-contract	post-specialization linked IRFunc signature -> _validateNVVMHelperTarget	direct NVVM lowering does not support Slang IR instruction or shape 'helper function parameter: WrappedBuffer'	preflight	5481	helper function parameter	helper-abi-type-contract	post-specialization linked IRFunc signature -> _validateNVVMHelperTarget	direct NVVM lowering does not support Slang IR instruction or shape 'helper function parameter: WrappedBuffer'	complete
bugs/gh-7441.slang#cuda-1	bugs/gh-7441.slang	cuda_sm_7_0	False	mvp		correct	4541					preflight	3943	structured-buffer element layout	aggregate-pointer-layout-transport	canonical linked aggregate/pointer IR -> _validateNVVMFunction	direct NVVM lowering does not support Slang IR instruction or shape 'structured-buffer element layout'	preflight	4189	structured-buffer element layout	aggregate-pointer-layout-transport	canonical linked aggregate/pointer IR -> _validateNVVMFunction	direct NVVM lowering does not support Slang IR instruction or shape 'structured-buffer element layout'	complete
bugs/gh-8121.slang#cuda-1	bugs/gh-8121.slang	cuda_sm_7_0	False	mvp		correct	4617					preflight	4097	struct field address	aggregate-pointer-layout-transport	canonical linked aggregate/pointer IR -> _validateNVVMFunction	direct NVVM lowering does not support Slang IR instruction or shape 'struct field address'	preflight	4290	struct field address	aggregate-pointer-layout-transport	canonical linked aggregate/pointer IR -> _validateNVVMFunction	direct NVVM lowering does not support Slang IR instruction or shape 'struct field address'	complete
bugs/gh-8185.slang#cuda-1	bugs/gh-8185.slang	cuda_sm_7_0	False	mvp		correct	4601					correct	4283					correct	4623					complete
bugs/legalize-defuse-no-zero-init-non-var-primitive.slang#cuda-1	bugs/legalize-defuse-no-zero-init-non-var-primitive.slang	cuda_sm_7_0	False	mvp		correct	4569					preflight	5063	LoadFromUninitializedMemory	residual-target-marker-or-undefined-value	named upstream IR producer -> _validateNVVMFunction default rejection	direct NVVM lowering does not support Slang IR instruction or shape 'LoadFromUninitializedMemory'	preflight	4529	LoadFromUninitializedMemory	residual-target-marker-or-undefined-value	named upstream IR producer -> _validateNVVMFunction default rejection	direct NVVM lowering does not support Slang IR instruction or shape 'LoadFromUninitializedMemory'	complete
bugs/legalize-defuse-no-zero-init-non-var.slang#cuda-1	bugs/legalize-defuse-no-zero-init-non-var.slang	cuda_sm_7_0	False	mvp		correct	4716					preflight	4878	LoadFromUninitializedMemory	residual-target-marker-or-undefined-value	named upstream IR producer -> _validateNVVMFunction default rejection	direct NVVM lowering does not support Slang IR instruction or shape 'LoadFromUninitializedMemory'	preflight	4643	LoadFromUninitializedMemory	residual-target-marker-or-undefined-value	named upstream IR producer -> _validateNVVMFunction default rejection	direct NVVM lowering does not support Slang IR instruction or shape 'LoadFromUninitializedMemory'	complete
bugs/legalize-defuse-no-zero-init.slang#cuda-1	bugs/legalize-defuse-no-zero-init.slang	cuda_sm_7_0	False	mvp		correct	4823					preflight	5085	DebugNoScope	residual-target-marker-or-undefined-value	named upstream IR producer -> _validateNVVMFunction default rejection	direct NVVM lowering does not support Slang IR instruction or shape 'DebugNoScope'	preflight	4829	DebugNoScope	residual-target-marker-or-undefined-value	named upstream IR producer -> _validateNVVMFunction default rejection	direct NVVM lowering does not support Slang IR instruction or shape 'DebugNoScope'	complete
bugs/loop-optimize.slang#cuda-1	bugs/loop-optimize.slang	cuda_sm_7_0	False	mvp		correct	4875					correct	5099					correct	4783					complete
bugs/matrix-reshape.slang#cuda-1	bugs/matrix-reshape.slang	cuda_sm_7_0	False	mvp		correct	4879					correct	5099					correct	4904					complete
bugs/metal-return-value-lost.slang#cuda-1	bugs/metal-return-value-lost.slang	cuda_sm_7_0	False	mvp		correct	4398					preflight	4546	DebugNoScope	residual-target-marker-or-undefined-value	named upstream IR producer -> _validateNVVMFunction default rejection	direct NVVM lowering does not support Slang IR instruction or shape 'DebugNoScope'	preflight	4141	DebugNoScope	residual-target-marker-or-undefined-value	named upstream IR producer -> _validateNVVMFunction default rejection	direct NVVM lowering does not support Slang IR instruction or shape 'DebugNoScope'	complete
bugs/overload-ambiguous-1.slang#cuda-1	bugs/overload-ambiguous-1.slang	cuda_sm_7_0	False	mvp		correct	4549					correct	4567					correct	4172					complete
bugs/overload-ambiguous-2.slang#cuda-1	bugs/overload-ambiguous-2.slang	cuda_sm_7_0	False	mvp		correct	4487					correct	4420					correct	4192					complete
bugs/overload-ambiguous.slang#cuda-1	bugs/overload-ambiguous.slang	cuda_sm_7_0	False	mvp		correct	4508					correct	4510					correct	4368					complete
bugs/string-inline.slang#cuda-1	bugs/string-inline.slang	cuda_sm_7_0	False	mvp		correct	4452					preflight	4733	getStringHash	residual-target-marker-or-undefined-value	named upstream IR producer -> _validateNVVMFunction default rejection	direct NVVM lowering does not support Slang IR instruction or shape 'getStringHash'	preflight	4323	getStringHash	residual-target-marker-or-undefined-value	named upstream IR producer -> _validateNVVMFunction default rejection	direct NVVM lowering does not support Slang IR instruction or shape 'getStringHash'	complete
compute/array-existential-parameter.slang#cuda-1	compute/array-existential-parameter.slang	cuda_sm_7_0	False	mvp		correct	4986					correct	5014					correct	4553					complete
compute/array-param.slang#cuda-1	compute/array-param.slang	cuda_sm_7_0	False	mvp		correct	4704					correct	4955					correct	4724					complete
compute/assoctype-nested-lookup.slang#cuda-1	compute/assoctype-nested-lookup.slang	cuda_sm_7_0	False	mvp		correct	4761					correct	4984					correct	4613					complete
compute/atomics-groupshared.slang#cuda-1	compute/atomics-groupshared.slang	cuda_sm_7_0	False	mvp		correct	4528					correct	4780					correct	4328					complete
compute/atomics.slang#cuda-1	compute/atomics.slang	cuda_sm_7_0	False	mvp		correct	4394					correct	4753					correct	4241					complete
compute/bitcast-64bit.slang#cuda-1	compute/bitcast-64bit.slang	cuda_sm_7_0	False	mvp		correct	4471					correct	4754					correct	4214					complete
compute/bound-check-zero-index.slang#cuda-1	compute/bound-check-zero-index.slang	cuda_sm_7_0	False	mvp		correct	4429					runtime-mismatch	4337		runtime-bounds-zero-index	compiled PTX executed by the CUDA compare-compute harness	slang-test expected/actual runtime result mismatch	runtime-mismatch	4229		runtime-bounds-zero-index	compiled PTX executed by the CUDA compare-compute harness	slang-test expected/actual runtime result mismatch	complete
compute/buffer-layout.slang#cuda-1	compute/buffer-layout.slang	cuda_sm_7_0	False	mvp		correct	4407					correct	4787					correct	4296					complete
compute/byte-address-buffer-64bit.slang#cuda-1	compute/byte-address-buffer-64bit.slang	cuda_sm_7_0	True	mvp		correct	4369					correct	5061					correct	4304					complete
compute/byte-address-buffer-aligned.slang#cuda-1	compute/byte-address-buffer-aligned.slang	cuda_sm_7_0	False	mvp		correct	4554					correct	5288					correct	4719					complete
compute/byte-address-buffer-array.slang#cuda-1	compute/byte-address-buffer-array.slang	cuda_sm_7_0	False	mvp		correct	4584					correct	5218					correct	4637					complete
compute/byte-address-buffer-atomic-mixed-width-12265.slang#cuda-1	compute/byte-address-buffer-atomic-mixed-width-12265.slang	cuda_sm_7_0	False	mvp		infrastructure	4517		infrastructure-native-reference	NVRTC/toolkit or generated reference contract	warning[E41012]: profile implicitly upgraded	runtime-mismatch	4788		runtime-sm90-mixed-width-atomic	compiled PTX executed by the CUDA compare-compute harness	warning[E41012]: profile implicitly upgraded	runtime-mismatch	4543		runtime-sm90-mixed-width-atomic	compiled PTX executed by the CUDA compare-compute harness	warning[E41012]: profile implicitly upgraded	complete
compute/byte-address-buffer-atomic-via-helper-12265.slang#cuda-1	compute/byte-address-buffer-atomic-via-helper-12265.slang	cuda_sm_7_0	False	mvp		correct	4541					correct	4914					correct	4515					complete
compute/byte-address-buffer-singlearg-float3-11592.slang#cuda-1	compute/byte-address-buffer-singlearg-float3-11592.slang	cuda_sm_7_0	True	mvp		correct	4553					correct	4898					correct	4471					complete
compute/byte-address-buffer.slang#cuda-1	compute/byte-address-buffer.slang	cuda_sm_7_0	True	mvp		correct	4542					correct	4401					correct	4380					complete
compute/byte-address-buffer.slang#cuda-2	compute/byte-address-buffer.slang	cuda_sm_7_0	True	mvp		correct	4485					correct	4292					correct	4275					complete
compute/column-major.slang#cuda-1	compute/column-major.slang	cuda_sm_7_0	False	mvp		correct	4465					correct	4662					correct	4275					complete
compute/constant-buffer-memory-packing.slang#cuda-1	compute/constant-buffer-memory-packing.slang	cuda_sm_7_0	False	mvp		correct	4390					correct	4753					correct	4724					complete
compute/dot1-generic.slang#cuda-1	compute/dot1-generic.slang	cuda_sm_7_0	False	mvp		correct	4595					correct	4826					correct	4632					complete
compute/dot1.slang#cuda-1	compute/dot1.slang	cuda_sm_7_0	False	mvp		correct	4660					correct	4222					correct	4636					complete
compute/dynamic-dispatch-1.slang#cuda-1	compute/dynamic-dispatch-1.slang	cuda_sm_7_0	False	mvp		correct	4711					correct	4503					correct	4765					complete
compute/dynamic-dispatch-10.slang#cuda-1	compute/dynamic-dispatch-10.slang	cuda_sm_7_0	False	mvp		correct	4699					correct	4695					correct	4666					complete
compute/dynamic-dispatch-13.slang#cuda-1	compute/dynamic-dispatch-13.slang	cuda_sm_7_0	False	mvp		correct	4752					correct	4457					correct	4732					complete
compute/dynamic-dispatch-15.slang#cuda-1	compute/dynamic-dispatch-15.slang	cuda_sm_7_0	False	mvp		correct	4716					correct	4203					correct	4706					complete
compute/dynamic-dispatch-16.slang#cuda-1	compute/dynamic-dispatch-16.slang	cuda_sm_7_0	False	mvp		correct	4587					preflight	4345	structured-buffer element layout	aggregate-pointer-layout-transport	canonical linked aggregate/pointer IR -> _validateNVVMFunction	direct NVVM lowering does not support Slang IR instruction or shape 'structured-buffer element layout'	preflight	4347	structured-buffer element layout	aggregate-pointer-layout-transport	canonical linked aggregate/pointer IR -> _validateNVVMFunction	direct NVVM lowering does not support Slang IR instruction or shape 'structured-buffer element layout'	complete
compute/dynamic-dispatch-17.slang#cuda-1	compute/dynamic-dispatch-17.slang	cuda_sm_7_0	False	mvp		correct	4588					preflight	4482	structured-buffer element layout	aggregate-pointer-layout-transport	canonical linked aggregate/pointer IR -> _validateNVVMFunction	direct NVVM lowering does not support Slang IR instruction or shape 'structured-buffer element layout'	preflight	5094	structured-buffer element layout	aggregate-pointer-layout-transport	canonical linked aggregate/pointer IR -> _validateNVVMFunction	direct NVVM lowering does not support Slang IR instruction or shape 'structured-buffer element layout'	complete
compute/dynamic-dispatch-18.slang#cuda-1	compute/dynamic-dispatch-18.slang	cuda_sm_7_0	False	mvp		correct	4570					correct	4609					correct	5226					complete
compute/dynamic-dispatch-19.slang#cuda-1	compute/dynamic-dispatch-19.slang	cuda_sm_7_0	False	mvp		correct	4605					correct	4031					correct	4500					complete
compute/dynamic-dispatch-2.slang#cuda-1	compute/dynamic-dispatch-2.slang	cuda_sm_7_0	False	mvp		correct	4548					correct	4313					correct	4721					complete
compute/dynamic-dispatch-3.slang#cuda-1	compute/dynamic-dispatch-3.slang	cuda_sm_7_0	False	mvp		correct	4594					correct	4499					correct	4869					complete
compute/dynamic-dispatch-4.slang#cuda-1	compute/dynamic-dispatch-4.slang	cuda_sm_7_0	False	mvp		correct	4572					correct	4522					correct	4884					complete
compute/dynamic-dispatch-5.slang#cuda-1	compute/dynamic-dispatch-5.slang	cuda_sm_7_0	False	mvp		correct	4573					correct	4318					correct	5030					complete
compute/dynamic-dispatch-6.slang#cuda-1	compute/dynamic-dispatch-6.slang	cuda_sm_7_0	False	mvp		correct	4571					correct	4316					correct	4815					complete
compute/dynamic-dispatch-7.slang#cuda-1	compute/dynamic-dispatch-7.slang	cuda_sm_7_0	False	mvp		correct	4433					correct	4583					correct	4614					complete
compute/dynamic-dispatch-8.slang#cuda-1	compute/dynamic-dispatch-8.slang	cuda_sm_7_0	False	mvp		correct	4488					correct	4555					correct	4737					complete
compute/dynamic-dispatch-9.slang#cuda-1	compute/dynamic-dispatch-9.slang	cuda_sm_7_0	False	mvp		correct	4391					correct	4420					correct	4156					complete
compute/dynamic-dispatch-bindless-texture.slang#cuda-1	compute/dynamic-dispatch-bindless-texture.slang	cuda_sm_7_0	False	mvp		correct	4531					correct	4507					correct	4331					complete
compute/dynamic-dispatch-substandard-float.slang#cuda-1	compute/dynamic-dispatch-substandard-float.slang	cuda_sm_7_0	False	mvp		correct	4661					preflight	4519	helper function result type	helper-abi-type-contract	post-specialization linked IRFunc signature -> _validateNVVMHelperTarget	direct NVVM lowering does not support Slang IR instruction or shape 'helper function result type: A'	preflight	4613	helper function result type	helper-abi-type-contract	post-specialization linked IRFunc signature -> _validateNVVMHelperTarget	direct NVVM lowering does not support Slang IR instruction or shape 'helper function result type: A'	complete
compute/dynamic-generics-simple.slang#cuda-1	compute/dynamic-generics-simple.slang	cuda_sm_7_0	False	mvp		correct	4585					correct	4601					correct	4576					complete
compute/entry-point-uniform-params.slang#cuda-1	compute/entry-point-uniform-params.slang	cuda_sm_7_0	False	mvp		correct	4434					correct	4587					correct	4508					complete
compute/func-param-legalize.slang#cuda-1	compute/func-param-legalize.slang	cuda_sm_7_0	False	mvp		correct	4460					correct	4166					correct	4552					complete
compute/func-resource-param.slang#cuda-1	compute/func-resource-param.slang	cuda_sm_7_0	True	mvp		correct	4446					correct	4592					correct	4329					complete
compute/groupshared.slang#cuda-1	compute/groupshared.slang	cuda_sm_7_0	False	mvp		correct	4394					correct	4569					correct	4449					complete
compute/half-calc.slang#cuda-1	compute/half-calc.slang	cuda_sm_7_0	False	mvp		correct	4444					correct	4389					correct	4158					complete
compute/half-opaque-convert.slang#cuda-1	compute/half-opaque-convert.slang	cuda_sm_7_0	False	mvp		correct	4361					correct	4173					correct	4111					complete
compute/half-rw-texture-convert.slang#cuda-1	compute/half-rw-texture-convert.slang	cuda_sm_7_0	False	mvp		correct	4406					correct	4512					correct	4404					complete
compute/half-rw-texture-convert2.slang#cuda-1	compute/half-rw-texture-convert2.slang	cuda_sm_7_0	False	mvp		correct	4605					correct	4656					correct	4471					complete
compute/half-rw-texture-simple.slang#cuda-1	compute/half-rw-texture-simple.slang	cuda_sm_7_0	False	mvp		correct	4606					provider	4420		provider-unoptimized-half-operation	NVVMTypeLoweringContext/emitNVVMIRFromLinkedIR -> libNVVM compilation	libNVVM compilation failed: Error: unsupported operation	correct	4741					complete
compute/half-structured-buffer.slang#cuda-1	compute/half-structured-buffer.slang	cuda_sm_7_0	False	mvp		correct	4517					correct	4220					correct	4629					complete
compute/half-texture-simple.slang#cuda-1	compute/half-texture-simple.slang	cuda_sm_7_0	False	mvp		correct	4621					correct	4458					correct	4328					complete
compute/half-vector-calc.slang#cuda-1	compute/half-vector-calc.slang	cuda_sm_7_0	False	mvp		infrastructure	4426		infrastructure-native-reference	NVRTC/toolkit or generated reference contract	"error : class ""__half4"" has no member ""xyz"""	provider	4675		provider-unoptimized-half-operation	NVVMTypeLoweringContext/emitNVVMIRFromLinkedIR -> libNVVM compilation	libNVVM compilation failed: Error: unsupported operation	correct	4506					complete
compute/half-vector-compare.slang#cuda-1	compute/half-vector-compare.slang	cuda_sm_7_0	False	mvp		correct	4579					provider	4477		provider-unoptimized-half-operation	NVVMTypeLoweringContext/emitNVVMIRFromLinkedIR -> libNVVM compilation	libNVVM compilation failed: Error: unsupported operation	correct	4662					complete
compute/ieee754-mixed-type-nan-comparisons.slang#cuda-1	compute/ieee754-mixed-type-nan-comparisons.slang	cuda_sm_7_0	False	mvp		correct	4441					correct	4161					correct	4290					complete
compute/int-generic.slang#cuda-1	compute/int-generic.slang	cuda_sm_7_0	False	mvp		correct	4382					correct	4439					correct	4292					complete
compute/interface-assoc-type-param.slang#cuda-1	compute/interface-assoc-type-param.slang	cuda_sm_7_0	False	mvp		correct	4466					preflight	4632	entry-point parameter	aggregate-pointer-layout-transport	canonical linked aggregate/pointer IR -> _validateNVVMFunction	direct NVVM lowering does not support Slang IR instruction or shape 'entry-point parameter'	preflight	4250	entry-point parameter	aggregate-pointer-layout-transport	canonical linked aggregate/pointer IR -> _validateNVVMFunction	direct NVVM lowering does not support Slang IR instruction or shape 'entry-point parameter'	complete
compute/interface-func-param-in-struct.slang#cuda-1	compute/interface-func-param-in-struct.slang	cuda_sm_7_0	False	mvp		correct	4609					preflight	4712	entry-point parameter	aggregate-pointer-layout-transport	canonical linked aggregate/pointer IR -> _validateNVVMFunction	direct NVVM lowering does not support Slang IR instruction or shape 'entry-point parameter'	preflight	4618	entry-point parameter	aggregate-pointer-layout-transport	canonical linked aggregate/pointer IR -> _validateNVVMFunction	direct NVVM lowering does not support Slang IR instruction or shape 'entry-point parameter'	complete
compute/kernel-context-threading.slang#cuda-1	compute/kernel-context-threading.slang	cuda_sm_7_0	False	mvp		correct	4584					correct	4541					correct	4675					complete
compute/kernel-context-threading.slang#cuda-2	compute/kernel-context-threading.slang	cuda_sm_7_0	False	mvp		correct	4685					correct	4432					correct	4339					complete
compute/logic-no-short-circuit-evaluation.slang#cuda-1	compute/logic-no-short-circuit-evaluation.slang	cuda_sm_7_0	False	mvp		correct	4661					correct	4692					correct	4455					complete
compute/logic-short-circuit-evaluation.slang#cuda-1	compute/logic-short-circuit-evaluation.slang	cuda_sm_7_0	False	mvp		correct	4464					correct	4659					correct	4609					complete
compute/loop-unroll.slang#cuda-1	compute/loop-unroll.slang	cuda_sm_7_0	False	mvp		correct	4530					correct	4431					correct	4441					complete
compute/matrix-layout-structured-buffer.slang#cuda-1	compute/matrix-layout-structured-buffer.slang	cuda_sm_7_0	False	mvp		correct	4385					correct	4098					correct	4293					complete
compute/mutating-and-inout.slang#cuda-1	compute/mutating-and-inout.slang	cuda_sm_7_0	False	mvp		correct	4445					correct	4524					correct	4270					complete
compute/nested-assoc-types.slang#cuda-1	compute/nested-assoc-types.slang	cuda_sm_7_0	False	mvp		correct	4479					correct	4605					correct	4349					complete
compute/non-square-row-major.slang#cuda-1	compute/non-square-row-major.slang	cuda_sm_7_0	False	mvp		correct	4456					correct	4539					correct	4577					complete
compute/pack-any-value-16bit.slang#cuda-1	compute/pack-any-value-16bit.slang	cuda_sm_7_0	False	mvp		correct	4686					correct	4159					correct	4459					complete
compute/pack-any-value-8bit.slang#cuda-1	compute/pack-any-value-8bit.slang	cuda_sm_7_0	False	mvp		correct	4557					preflight	4344	bitfieldExtract	ordinary-numeric-bit-operation	typed expression/intrinsic IR op -> _resolveNVVMValueOperation	direct NVVM lowering does not support Slang IR instruction or shape 'bitfieldExtract'	preflight	4221	bitfieldExtract	ordinary-numeric-bit-operation	typed expression/intrinsic IR op -> _resolveNVVMValueOperation	direct NVVM lowering does not support Slang IR instruction or shape 'bitfieldExtract'	complete
compute/parameter-block.slang#cuda-1	compute/parameter-block.slang	cuda_sm_7_0	False	mvp		correct	4308					correct	4521					correct	4245					complete
compute/reinterpret-structured-buffer.slang#cuda-1	compute/reinterpret-structured-buffer.slang	cuda_sm_7_0	False	mvp		correct	4751					preflight	4415	helper function result type	helper-abi-type-contract	post-specialization linked IRFunc signature -> _validateNVVMHelperTarget	direct NVVM lowering does not support Slang IR instruction or shape 'helper function result type: RWStructuredBuffer<vector<half,2>>'	preflight	4394	helper function result type	helper-abi-type-contract	post-specialization linked IRFunc signature -> _validateNVVMHelperTarget	direct NVVM lowering does not support Slang IR instruction or shape 'helper function result type: RWStructuredBuffer<vector<half,2>>'	complete
compute/row-major.slang#cuda-1	compute/row-major.slang	cuda_sm_7_0	True	mvp		correct	4492					correct	4194					correct	4218					complete
compute/rw-texture-simple.slang#cuda-1	compute/rw-texture-simple.slang	cuda_sm_7_0	False	mvp		correct	4522					correct	4422					correct	4332					complete
compute/simple-interface-parameter.slang#cuda-1	compute/simple-interface-parameter.slang	cuda_sm_7_0	False	mvp		correct	4359					preflight	4597	global_param	aggregate-pointer-layout-transport	canonical linked aggregate/pointer IR -> _validateNVVMFunction	direct NVVM lowering does not support Slang IR instruction or shape 'global_param'	preflight	4169	global_param	aggregate-pointer-layout-transport	canonical linked aggregate/pointer IR -> _validateNVVMFunction	direct NVVM lowering does not support Slang IR instruction or shape 'global_param'	complete
compute/simple.slang#cuda-1	compute/simple.slang	cuda_sm_7_0	False	mvp		correct	4428					correct	4603					correct	4387					complete
compute/struct-default-init.slang#cuda-1	compute/struct-default-init.slang	cuda_sm_7_0	False	mvp		correct	4584					correct	4159					correct	4342					complete
compute/struct-in-generic.slang#cuda-1	compute/struct-in-generic.slang	cuda_sm_7_0	False	mvp		correct	4684					correct	4404					correct	4335					complete
compute/structured-buffer-load.slang#cuda-1	compute/structured-buffer-load.slang	cuda_sm_7_0	True	mvp		correct	4419					correct	4554					correct	4229					complete
compute/structured-buffer-of-matrices.slang#cuda-1	compute/structured-buffer-of-matrices.slang	cuda_sm_7_0	True	mvp		correct	4663					correct	4607					correct	4358					complete
compute/structured-buffer-of-struct.slang#cuda-1	compute/structured-buffer-of-struct.slang	cuda_sm_7_0	False	mvp		correct	4589					correct	4306					correct	4328					complete
compute/structured-buffer-swizzle-store.slang#cuda-1	compute/structured-buffer-swizzle-store.slang	cuda_sm_7_0	False	mvp		correct	4497					correct	4324					correct	4340					complete
compute/switch-stmt.slang#cuda-1	compute/switch-stmt.slang	cuda_sm_7_0	False	mvp		correct	4611					correct	4555					correct	4288					complete
compute/texture-get-dimensions-cuda.slang#cuda-1	compute/texture-get-dimensions-cuda.slang	cuda_sm_7_0	False	mvp		correct	4462					correct	4638					correct	4399					complete
compute/texture-simple.slang#cuda-1	compute/texture-simple.slang	cuda_sm_7_0	False	mvp		correct	4550					correct	4400					correct	4448					complete
compute/texture-simpler.slang#cuda-1	compute/texture-simpler.slang	cuda_sm_7_0	False	mvp		correct	4636					correct	4344					correct	4361					complete
compute/texture-subscript-cuda.slang#cuda-1	compute/texture-subscript-cuda.slang	cuda_sm_7_0	False	mvp		correct	4573					correct	4607					correct	4276					complete
compute/texture-subscript-uint-cuda.slang#cuda-1	compute/texture-subscript-uint-cuda.slang	cuda_sm_7_0	False	mvp		correct	4824					correct	4572					correct	4451					complete
compute/texture-subscript.slang#cuda-1	compute/texture-subscript.slang	cuda_sm_7_0	True	mvp		infrastructure	4553		infrastructure-native-reference	NVRTC/toolkit or generated reference contract	BUF: expected string not found in input	correct	4590					correct	4407					complete
compute/transcendental-double.slang#cuda-1	compute/transcendental-double.slang	cuda_sm_7_0	False	mvp		correct	4757					correct	4329					correct	4458					complete
compute/transcendental.slang#cuda-1	compute/transcendental.slang	cuda_sm_7_0	False	mvp		correct	4678					correct	4540					correct	4297					complete
compute/transitive-interface.slang#cuda-1	compute/transitive-interface.slang	cuda_sm_7_0	False	mvp		correct	4565					correct	4511					correct	4371					complete
compute/typedef-member.slang#cuda-1	compute/typedef-member.slang	cuda_sm_7_0	False	mvp		correct	4365					correct	4490					correct	4458					complete
compute/vector-scalar-compare.slang#cuda-1	compute/vector-scalar-compare.slang	cuda_sm_7_0	False	mvp		correct	4529					correct	4273					correct	4429					complete
compute/write-structured-buffer-field.slang#cuda-1	compute/write-structured-buffer-field.slang	cuda_sm_7_0	False	mvp		correct	4433					correct	4453					correct	4284					complete
cross-compile/simple-cross-compile.slang#cuda-1	cross-compile/simple-cross-compile.slang	cuda_sm_7_0	False	mvp		correct	4527					correct	4721					correct	4567					complete
cuda/compile-to-cuda.slang#cuda-1	cuda/compile-to-cuda.slang	cuda_sm_7_0	False	mvp		correct	4355					correct	4593					correct	4442					complete
cuda/copy-elision-this-2.slang#cuda-1	cuda/copy-elision-this-2.slang	cuda_sm_7_0	False	mvp		correct	4530					preflight	4141	global_param	aggregate-pointer-layout-transport	canonical linked aggregate/pointer IR -> _validateNVVMFunction	direct NVVM lowering does not support Slang IR instruction or shape 'global_param'	preflight	4306	global_param	aggregate-pointer-layout-transport	canonical linked aggregate/pointer IR -> _validateNVVMFunction	direct NVVM lowering does not support Slang IR instruction or shape 'global_param'	complete
cuda/cuda-array-layout.slang#cuda-1	cuda/cuda-array-layout.slang	cuda_sm_7_0	False	mvp		correct	5024					correct	4445					correct	4321					complete
cuda/cuda-kernel-param-layout.slang#cuda-1	cuda/cuda-kernel-param-layout.slang	cuda_sm_7_0	False	mvp		correct	4768					correct	4458					correct	4363					complete
cuda/cuda-layout.slang#cuda-1	cuda/cuda-layout.slang	cuda_sm_7_0	False	mvp		correct	4775					correct	4571					correct	4432					complete
cuda/cuda-texture.slang#cuda-1	cuda/cuda-texture.slang	cuda_sm_7_0	False	mvp		correct	4658					preflight	4206	RequireComputeDerivative	residual-target-marker-or-undefined-value	named upstream IR producer -> _validateNVVMFunction default rejection	direct NVVM lowering does not support Slang IR instruction or shape 'RequireComputeDerivative'	preflight	4289	RequireComputeDerivative	residual-target-marker-or-undefined-value	named upstream IR producer -> _validateNVVMFunction default rejection	direct NVVM lowering does not support Slang IR instruction or shape 'RequireComputeDerivative'	complete
cuda/cuda-vector-binary-ops.slang#cuda-1	cuda/cuda-vector-binary-ops.slang	cuda_sm_7_0	False	mvp		correct	4356					correct	4246					correct	4289					complete
cuda/get-buffer-ptr.slang#cuda-1	cuda/get-buffer-ptr.slang	cuda_sm_7_0	False	mvp		correct	4412					correct	4682					correct	4299					complete
cuda/make-matrix.slang#cuda-1	cuda/make-matrix.slang	cuda_sm_7_0	False	mvp		correct	4426					preflight	4514	struct field address	aggregate-pointer-layout-transport	canonical linked aggregate/pointer IR -> _validateNVVMFunction	direct NVVM lowering does not support Slang IR instruction or shape 'struct field address'	preflight	4320	struct field address	aggregate-pointer-layout-transport	canonical linked aggregate/pointer IR -> _validateNVVMFunction	direct NVVM lowering does not support Slang IR instruction or shape 'struct field address'	complete
cuda/nvvm-conventional-global-multi-resource.slang#cuda-1	cuda/nvvm-conventional-global-multi-resource.slang	cuda_sm_7_0	False	mvp		correct	4348					correct	4418					correct	4329					complete
cuda/nvvm-float-matrix-values.slang#cuda-1	cuda/nvvm-float-matrix-values.slang	cuda_sm_7_0	True	mvp		correct	4416					correct	4117					correct	4352					complete
cuda/nvvm-half-values.slang#cuda-1	cuda/nvvm-half-values.slang	cuda_sm_7_0	True	mvp		correct	4660					provider	4284		provider-unoptimized-half-operation	NVVMTypeLoweringContext/emitNVVMIRFromLinkedIR -> libNVVM compilation	CHECK: expected string not found in input	correct	4401					complete
cuda/nvvm-helper-copyable-values.slang#cuda-1	cuda/nvvm-helper-copyable-values.slang	cuda_sm_7_0	False	mvp		correct	4658					correct	4613					correct	4545					complete
cuda/nvvm-thread-local-global-context.slang#cuda-1	cuda/nvvm-thread-local-global-context.slang	cuda_sm_7_0	True	mvp		correct	4645					correct	4464					correct	4590					complete
cuda/nvvm-typed-select.slang#cuda-1	cuda/nvvm-typed-select.slang	cuda_sm_7_0	True	mvp		correct	4576					correct	4295					correct	4361					complete
cuda/param-block-alignment.slang#cuda-1	cuda/param-block-alignment.slang	cuda_sm_7_0	False	mvp		correct	4573					correct	4860					correct	4252					complete
cuda/require-prelude.slang#cuda-1	cuda/require-prelude.slang	cuda_sm_7_0	False	mvp		correct	4517					preflight	4667	RequirePrelude	residual-target-marker-or-undefined-value	named upstream IR producer -> _validateNVVMFunction default rejection	direct NVVM lowering does not support Slang IR instruction or shape 'RequirePrelude'	preflight	4286	RequirePrelude	residual-target-marker-or-undefined-value	named upstream IR producer -> _validateNVVMFunction default rejection	direct NVVM lowering does not support Slang IR instruction or shape 'RequirePrelude'	complete
cuda/vector-dot-signed-zero.slang#cuda-1	cuda/vector-dot-signed-zero.slang	cuda_sm_7_0	False	mvp		correct	4386					correct	4585					correct	4478					complete
cuda/wave-lane-index-multidim-3d.slang#cuda-1	cuda/wave-lane-index-multidim-3d.slang	cuda_sm_7_0	False	mvp		correct	4367					correct	4332					correct	4469					complete
front-end/float-literal-values-rounding-dec-compute.slang#cuda-1	front-end/float-literal-values-rounding-dec-compute.slang	cuda_sm_7_0	False	mvp		correct	4777					correct	4278					correct	4174					complete
glsl-intrinsic/array-length.slang#cuda-1	glsl-intrinsic/array-length.slang	cuda_sm_7_0	False	mvp		correct	4522					correct	4475					correct	4240					complete
glsl-intrinsic/unpack-float.slang#cuda-1	glsl-intrinsic/unpack-float.slang	cuda_sm_7_0	False	mvp		correct	4853					correct	4756					correct	4539					complete
hlsl-intrinsic/active-mask/for-break.slang#cuda-1	hlsl-intrinsic/active-mask/for-break.slang	cuda_sm_7_0	False	mvp		correct	4534					correct	4415					correct	4340					complete
hlsl-intrinsic/active-mask/for-continue-ext.slang#cuda-1	hlsl-intrinsic/active-mask/for-continue-ext.slang	cuda_sm_7_0	False	mvp		correct	4539					correct	4624					correct	4368					complete
hlsl-intrinsic/active-mask/for-continue.slang#cuda-1	hlsl-intrinsic/active-mask/for-continue.slang	cuda_sm_7_0	False	mvp		correct	4404					correct	4581					correct	4507					complete
hlsl-intrinsic/active-mask/for.slang#cuda-1	hlsl-intrinsic/active-mask/for.slang	cuda_sm_7_0	False	mvp		correct	4477					correct	4398					correct	4347					complete
hlsl-intrinsic/active-mask/if-conditional-exit.slang#cuda-1	hlsl-intrinsic/active-mask/if-conditional-exit.slang	cuda_sm_7_0	False	mvp		correct	4428					correct	4465					correct	4353					complete
hlsl-intrinsic/active-mask/if-early-exit.slang#cuda-1	hlsl-intrinsic/active-mask/if-early-exit.slang	cuda_sm_7_0	False	mvp		correct	4721					correct	4562					correct	4382					complete
hlsl-intrinsic/active-mask/if-one-sided.slang#cuda-1	hlsl-intrinsic/active-mask/if-one-sided.slang	cuda_sm_7_0	False	mvp		correct	4632					correct	4557					correct	4551					complete
hlsl-intrinsic/active-mask/if.slang#cuda-1	hlsl-intrinsic/active-mask/if.slang	cuda_sm_7_0	False	mvp		correct	4445					correct	4395					correct	4381					complete
hlsl-intrinsic/active-mask/switch-no-default.slang#cuda-1	hlsl-intrinsic/active-mask/switch-no-default.slang	cuda_sm_7_0	False	mvp		correct	4411					preflight	4105	waveMaskMatch	atomic-wave-operation	atomic/wave legalization IR op -> _validateNVVMFunction	direct NVVM lowering does not support Slang IR instruction or shape 'waveMaskMatch'	preflight	4145	waveMaskMatch	atomic-wave-operation	atomic/wave legalization IR op -> _validateNVVMFunction	direct NVVM lowering does not support Slang IR instruction or shape 'waveMaskMatch'	complete
hlsl-intrinsic/active-mask/switch.slang#cuda-1	hlsl-intrinsic/active-mask/switch.slang	cuda_sm_7_0	False	mvp		correct	4382					preflight	4421	waveMaskMatch	atomic-wave-operation	atomic/wave legalization IR op -> _validateNVVMFunction	direct NVVM lowering does not support Slang IR instruction or shape 'waveMaskMatch'	preflight	4187	waveMaskMatch	atomic-wave-operation	atomic/wave legalization IR op -> _validateNVVMFunction	direct NVVM lowering does not support Slang IR instruction or shape 'waveMaskMatch'	complete
hlsl-intrinsic/asfloat16.slang#cuda-1	hlsl-intrinsic/asfloat16.slang	cuda_sm_7_0	False	mvp		correct	4483					correct	4506					correct	4416					complete
hlsl-intrinsic/atomic/atomic-intrinsics-64bit.slang#cuda-1	hlsl-intrinsic/atomic/atomic-intrinsics-64bit.slang	cuda_sm_7_0	False	mvp		correct	4710					preflight	4158	sequential element pointer	aggregate-pointer-layout-transport	canonical linked aggregate/pointer IR -> _validateNVVMFunction	direct NVVM lowering does not support Slang IR instruction or shape 'sequential element pointer: Ptr<uint64_t, addressSpace=3, access=0, operands=4, layout=ScalarLayout>'	preflight	4347	sequential element pointer	aggregate-pointer-layout-transport	canonical linked aggregate/pointer IR -> _validateNVVMFunction	direct NVVM lowering does not support Slang IR instruction or shape 'sequential element pointer: Ptr<uint64_t, addressSpace=3, access=0, operands=4, layout=ScalarLayout>'	complete
hlsl-intrinsic/atomic/atomic-intrinsics.slang#cuda-1	hlsl-intrinsic/atomic/atomic-intrinsics.slang	cuda_sm_7_0	False	mvp		correct	4477					preflight	4241	atomicAnd	atomic-wave-operation	atomic/wave legalization IR op -> _validateNVVMFunction	direct NVVM lowering does not support Slang IR instruction or shape 'atomicAnd'	preflight	4258	atomicAnd	atomic-wave-operation	atomic/wave legalization IR op -> _validateNVVMFunction	direct NVVM lowering does not support Slang IR instruction or shape 'atomicAnd'	complete
hlsl-intrinsic/atomic/atomic-reduce-float.slang#cuda-1	hlsl-intrinsic/atomic/atomic-reduce-float.slang	cuda_sm_7_0	False	mvp		correct	4354					preflight	4366	helper function parameter	helper-abi-type-contract	post-specialization linked IRFunc signature -> _validateNVVMHelperTarget	direct NVVM lowering does not support Slang IR instruction or shape 'helper function parameter: RefParam<float, addressSpace=2147483647, access=0, operands=4, layout=DefaultLayout>'	preflight	4249	helper function parameter	helper-abi-type-contract	post-specialization linked IRFunc signature -> _validateNVVMHelperTarget	direct NVVM lowering does not support Slang IR instruction or shape 'helper function parameter: RefParam<float, addressSpace=2147483647, access=0, operands=4, layout=DefaultLayout>'	complete
hlsl-intrinsic/atomic/atomic-reduce-half-cuda.slang#cuda-1	hlsl-intrinsic/atomic/atomic-reduce-half-cuda.slang	cuda_sm_7_0	False	mvp		correct	4564					preflight	4298	helper function parameter	helper-abi-type-contract	post-specialization linked IRFunc signature -> _validateNVVMHelperTarget	direct NVVM lowering does not support Slang IR instruction or shape 'helper function parameter: RefParam<half, addressSpace=2147483647, access=0, operands=4, layout=DefaultLayout>'	preflight	4256	helper function parameter	helper-abi-type-contract	post-specialization linked IRFunc signature -> _validateNVVMHelperTarget	direct NVVM lowering does not support Slang IR instruction or shape 'helper function parameter: RefParam<half, addressSpace=2147483647, access=0, operands=4, layout=DefaultLayout>'	complete
hlsl-intrinsic/atomic/atomic-reduce-intrinsics.slang#cuda-1	hlsl-intrinsic/atomic/atomic-reduce-intrinsics.slang	cuda_sm_7_0	False	mvp		correct	4532					preflight	4391	helper function parameter	helper-abi-type-contract	post-specialization linked IRFunc signature -> _validateNVVMHelperTarget	direct NVVM lowering does not support Slang IR instruction or shape 'helper function parameter: RefParam<uint, addressSpace=2147483647, access=0, operands=4, layout=DefaultLayout>'	preflight	4444	helper function parameter	helper-abi-type-contract	post-specialization linked IRFunc signature -> _validateNVVMHelperTarget	direct NVVM lowering does not support Slang IR instruction or shape 'helper function parameter: RefParam<uint, addressSpace=2147483647, access=0, operands=4, layout=DefaultLayout>'	complete
hlsl-intrinsic/atomic/atomic-reduce-methods-float.slang#cuda-1	hlsl-intrinsic/atomic/atomic-reduce-methods-float.slang	cuda_sm_7_0	False	mvp		correct	4358					preflight	4038	helper function parameter	helper-abi-type-contract	post-specialization linked IRFunc signature -> _validateNVVMHelperTarget	direct NVVM lowering does not support Slang IR instruction or shape 'helper function parameter: RefParam<Atomic, addressSpace=2147483647, access=0, operands=4, layout=DefaultLayout>'	preflight	4241	helper function parameter	helper-abi-type-contract	post-specialization linked IRFunc signature -> _validateNVVMHelperTarget	direct NVVM lowering does not support Slang IR instruction or shape 'helper function parameter: RefParam<Atomic, addressSpace=2147483647, access=0, operands=4, layout=DefaultLayout>'	complete
hlsl-intrinsic/atomic/atomic-reduce-methods.slang#cuda-1	hlsl-intrinsic/atomic/atomic-reduce-methods.slang	cuda_sm_7_0	False	mvp		correct	4528					preflight	4411	helper function parameter	helper-abi-type-contract	post-specialization linked IRFunc signature -> _validateNVVMHelperTarget	direct NVVM lowering does not support Slang IR instruction or shape 'helper function parameter: RefParam<Atomic, addressSpace=2147483647, access=0, operands=4, layout=DefaultLayout>'	preflight	4186	helper function parameter	helper-abi-type-contract	post-specialization linked IRFunc signature -> _validateNVVMHelperTarget	direct NVVM lowering does not support Slang IR instruction or shape 'helper function parameter: RefParam<Atomic, addressSpace=2147483647, access=0, operands=4, layout=DefaultLayout>'	complete
hlsl-intrinsic/bit-cast-double.slang#cuda-1	hlsl-intrinsic/bit-cast-double.slang	cuda_sm_7_0	False	mvp		correct	4616					correct	4164					correct	4382					complete
hlsl-intrinsic/bit-cast.slang#cuda-1	hlsl-intrinsic/bit-cast.slang	cuda_sm_7_0	False	mvp		correct	4914					correct	4274					correct	4377					complete
hlsl-intrinsic/bit-cast/bit-cast-16-bit.slang#cuda-1	hlsl-intrinsic/bit-cast/bit-cast-16-bit.slang	cuda_sm_7_0	False	mvp		correct	4727					provider	4489		provider-unoptimized-half-operation	NVVMTypeLoweringContext/emitNVVMIRFromLinkedIR -> libNVVM compilation	libNVVM compilation failed: Error: unsupported operation	correct	4370					complete
hlsl-intrinsic/byte-address-buffer-atomics.slang#cuda-1	hlsl-intrinsic/byte-address-buffer-atomics.slang	cuda_sm_7_0	False	mvp		correct	4473					preflight	4271	selected atomic operation	atomic-wave-operation	atomic/wave legalization IR op -> _validateNVVMFunction	direct NVVM lowering does not support Slang IR instruction or shape 'selected atomic operation'	preflight	4269	selected atomic operation	atomic-wave-operation	atomic/wave legalization IR op -> _validateNVVMFunction	direct NVVM lowering does not support Slang IR instruction or shape 'selected atomic operation'	complete
hlsl-intrinsic/byte-address-buffer/byte-address-16bit-vector.slang#cuda-1	hlsl-intrinsic/byte-address-buffer/byte-address-16bit-vector.slang	cuda_sm_7_0	False	mvp		correct	4596					preflight	4249	core byte-address buffer access	raw-buffer-view-access	raw-buffer legalization IR op -> direct-NVVM raw-buffer resolver	direct NVVM lowering does not support Slang IR instruction or shape 'core byte-address buffer access'	preflight	4236	core byte-address buffer access	raw-buffer-view-access	raw-buffer legalization IR op -> direct-NVVM raw-buffer resolver	direct NVVM lowering does not support Slang IR instruction or shape 'core byte-address buffer access'	complete
hlsl-intrinsic/byte-address-buffer/byte-address-16bit.slang#cuda-1	hlsl-intrinsic/byte-address-buffer/byte-address-16bit.slang	cuda_sm_7_0	False	mvp		correct	4656					preflight	4355	core byte-address buffer access	raw-buffer-view-access	raw-buffer legalization IR op -> direct-NVVM raw-buffer resolver	direct NVVM lowering does not support Slang IR instruction or shape 'core byte-address buffer access'	preflight	4226	core byte-address buffer access	raw-buffer-view-access	raw-buffer legalization IR op -> direct-NVVM raw-buffer resolver	direct NVVM lowering does not support Slang IR instruction or shape 'core byte-address buffer access'	complete
hlsl-intrinsic/byte-address-buffer/byte-address-half-atomics.slang#cuda-1	hlsl-intrinsic/byte-address-buffer/byte-address-half-atomics.slang	cuda_sm_7_0	False	mvp		correct	4762					preflight	4482	equivalent structured-buffer view	raw-buffer-view-access	raw-buffer legalization IR op -> direct-NVVM raw-buffer resolver	direct NVVM lowering does not support Slang IR instruction or shape 'equivalent structured-buffer view'	preflight	4256	equivalent structured-buffer view	raw-buffer-view-access	raw-buffer legalization IR op -> direct-NVVM raw-buffer resolver	direct NVVM lowering does not support Slang IR instruction or shape 'equivalent structured-buffer view'	complete
hlsl-intrinsic/byte-address-buffer/byte-address-struct.slang#cuda-1	hlsl-intrinsic/byte-address-buffer/byte-address-struct.slang	cuda_sm_7_0	False	mvp		correct	4770					correct	4392					correct	4437					complete
hlsl-intrinsic/classify-double.slang#cuda-1	hlsl-intrinsic/classify-double.slang	cuda_sm_7_0	False	mvp		correct	4650					correct	4395					correct	4203					complete
hlsl-intrinsic/classify-float.slang#cuda-1	hlsl-intrinsic/classify-float.slang	cuda_sm_7_0	False	mvp		correct	4262					correct	4265					correct	4289					complete
hlsl-intrinsic/countbits.slang#cuda-1	hlsl-intrinsic/countbits.slang	cuda_sm_7_0	False	mvp		correct	4593					correct	4182					correct	4471					complete
hlsl-intrinsic/countbits16.slang#cuda-1	hlsl-intrinsic/countbits16.slang	cuda_sm_7_0	False	mvp		correct	4656					correct	4210					correct	4387					complete
hlsl-intrinsic/countbits64.slang#cuda-1	hlsl-intrinsic/countbits64.slang	cuda_sm_7_0	False	mvp		correct	4446					correct	4424					correct	4409					complete
hlsl-intrinsic/countbits8.slang#cuda-1	hlsl-intrinsic/countbits8.slang	cuda_sm_7_0	False	mvp		correct	4633					correct	4443					correct	4390					complete
hlsl-intrinsic/dot-accumulate.slang#cuda-1	hlsl-intrinsic/dot-accumulate.slang	cuda_sm_7_0	False	mvp		correct	4699					correct	4408					correct	4535					complete
hlsl-intrinsic/f16tof32.slang#cuda-1	hlsl-intrinsic/f16tof32.slang	cuda_sm_7_0	False	mvp		correct	4569					correct	4365					correct	4408					complete
hlsl-intrinsic/f32tof16.slang#cuda-1	hlsl-intrinsic/f32tof16.slang	cuda_sm_7_0	False	mvp		correct	4685					correct	4451					correct	4328					complete
hlsl-intrinsic/firstbithigh.slang#cuda-1	hlsl-intrinsic/firstbithigh.slang	cuda_sm_7_0	False	mvp		correct	4529					correct	4283					correct	4431					complete
hlsl-intrinsic/firstbithigh64.slang#cuda-1	hlsl-intrinsic/firstbithigh64.slang	cuda_sm_7_0	False	mvp		correct	4536					correct	4338					correct	4428					complete
hlsl-intrinsic/firstbitlow.slang#cuda-1	hlsl-intrinsic/firstbitlow.slang	cuda_sm_7_0	False	mvp		correct	4590					correct	4306					correct	4408					complete
hlsl-intrinsic/firstbitlow64.slang#cuda-1	hlsl-intrinsic/firstbitlow64.slang	cuda_sm_7_0	False	mvp		correct	4634					correct	4415					correct	4368					complete
hlsl-intrinsic/literal-int64.slang#cuda-1	hlsl-intrinsic/literal-int64.slang	cuda_sm_7_0	False	mvp		correct	4601					correct	4611					correct	4290					complete
hlsl-intrinsic/matrix-cast-to-vector.slang#cuda-1	hlsl-intrinsic/matrix-cast-to-vector.slang	cuda_sm_7_0	False	mvp		correct	4636					correct	4495					correct	4343					complete
hlsl-intrinsic/matrix-double-reduced-intrinsic.slang#cuda-1	hlsl-intrinsic/matrix-double-reduced-intrinsic.slang	cuda_sm_7_0	False	mvp		correct	4847					preflight	4203	add: vector<double,2> -> vector<double,2>	preflight-other	canonical linked IR -> _validateNVVMFunction	direct NVVM lowering does not support Slang IR instruction or shape 'add: vector<double,2> -> vector<double,2>'	preflight	4379	add: vector<double,2> -> vector<double,2>	preflight-other	canonical linked IR -> _validateNVVMFunction	direct NVVM lowering does not support Slang IR instruction or shape 'add: vector<double,2> -> vector<double,2>'	complete
hlsl-intrinsic/matrix-double.slang#cuda-1	hlsl-intrinsic/matrix-double.slang	cuda_sm_7_0	False	mvp		correct	6069					preflight	4423	unmodified	preflight-other	canonical linked IR -> _validateNVVMFunction	direct NVVM lowering does not support Slang IR instruction or shape 'unmodified'	preflight	4405	unmodified	preflight-other	canonical linked IR -> _validateNVVMFunction	direct NVVM lowering does not support Slang IR instruction or shape 'unmodified'	complete
hlsl-intrinsic/matrix-float.slang#cuda-1	hlsl-intrinsic/matrix-float.slang	cuda_sm_7_0	False	mvp		correct	5546					runtime-mismatch	4744		runtime-other	compiled PTX executed by the CUDA compare-compute harness	slang-test expected/actual runtime result mismatch	runtime-mismatch	4762		runtime-other	compiled PTX executed by the CUDA compare-compute harness	slang-test expected/actual runtime result mismatch	complete
hlsl-intrinsic/matrix-int-runtime-index.slang#cuda-1	hlsl-intrinsic/matrix-int-runtime-index.slang	cuda_sm_7_0	False	mvp		correct	4377					correct	4326					correct	4289					complete
hlsl-intrinsic/matrix-int.slang#cuda-1	hlsl-intrinsic/matrix-int.slang	cuda_sm_7_0	False	mvp		correct	4616					correct	4212					correct	4522					complete
hlsl-intrinsic/min-max-iarithmetic.slang#cuda-1	hlsl-intrinsic/min-max-iarithmetic.slang	cuda_sm_7_0	False	mvp		correct	4543					correct	4227					correct	4403					complete
hlsl-intrinsic/packed/pack-unpack-float.slang#cuda-1	hlsl-intrinsic/packed/pack-unpack-float.slang	cuda_sm_7_0	False	mvp		correct	4715					correct	4539					correct	4456					complete
hlsl-intrinsic/packed/pack-unpack.slang#cuda-1	hlsl-intrinsic/packed/pack-unpack.slang	cuda_sm_7_0	False	mvp		correct	4450					correct	4548					correct	4385					complete
hlsl-intrinsic/packed/pack-unpack.slang#cuda-2	hlsl-intrinsic/packed/pack-unpack.slang	cuda_sm_7_0	False	mvp		correct	4409					correct	4356					correct	4412					complete
hlsl-intrinsic/packed/unpack-float.slang#cuda-1	hlsl-intrinsic/packed/unpack-float.slang	cuda_sm_7_0	False	mvp		correct	4646					correct	4485					correct	4406					complete
hlsl-intrinsic/quad-control/quad-control-comp-functionality.slang#cuda-1	hlsl-intrinsic/quad-control/quad-control-comp-functionality.slang	cuda_sm_7_0	False	extension	advanced wave/quad operation outside the initial MVP	correct	4461					preflight	4745	RequireMaximallyReconverges	residual-target-marker-or-undefined-value	named upstream IR producer -> _validateNVVMFunction default rejection	direct NVVM lowering does not support Slang IR instruction or shape 'RequireMaximallyReconverges'	preflight	4268	RequireMaximallyReconverges	residual-target-marker-or-undefined-value	named upstream IR producer -> _validateNVVMFunction default rejection	direct NVVM lowering does not support Slang IR instruction or shape 'RequireMaximallyReconverges'	complete
hlsl-intrinsic/reversebits.slang#cuda-1	hlsl-intrinsic/reversebits.slang	cuda_sm_7_0	False	mvp		correct	4714					correct	4804					correct	4398					complete
hlsl-intrinsic/reversebits64.slang#cuda-1	hlsl-intrinsic/reversebits64.slang	cuda_sm_7_0	False	mvp		correct	4739					correct	4610					correct	4392					complete
hlsl-intrinsic/scalar-bf16.slang#cuda-1	hlsl-intrinsic/scalar-bf16.slang	cuda_sm_7_0	False	mvp		correct	4847					preflight	4153	helper function result type	helper-abi-type-contract	post-specialization linked IRFunc signature -> _validateNVVMHelperTarget	direct NVVM lowering does not support Slang IR instruction or shape 'helper function result type: BFloat16'	preflight	4225	helper function result type	helper-abi-type-contract	post-specialization linked IRFunc signature -> _validateNVVMHelperTarget	direct NVVM lowering does not support Slang IR instruction or shape 'helper function result type: BFloat16'	complete
hlsl-intrinsic/scalar-double-abs.slang#cuda-1	hlsl-intrinsic/scalar-double-abs.slang	cuda_sm_7_0	False	mvp		correct	4584					correct	4381					correct	4307					complete
hlsl-intrinsic/scalar-double-acos.slang#cuda-1	hlsl-intrinsic/scalar-double-acos.slang	cuda_sm_7_0	False	mvp		correct	4511					correct	4400					correct	4509					complete
hlsl-intrinsic/scalar-double-asdouble.slang#cuda-1	hlsl-intrinsic/scalar-double-asdouble.slang	cuda_sm_7_0	False	mvp		correct	4447					correct	4363					correct	4451					complete
hlsl-intrinsic/scalar-double-asin.slang#cuda-1	hlsl-intrinsic/scalar-double-asin.slang	cuda_sm_7_0	False	mvp		correct	4418					correct	4194					correct	4413					complete
hlsl-intrinsic/scalar-double-asuint.slang#cuda-1	hlsl-intrinsic/scalar-double-asuint.slang	cuda_sm_7_0	False	mvp		correct	4408					correct	4370					correct	4342					complete
hlsl-intrinsic/scalar-double-atan.slang#cuda-1	hlsl-intrinsic/scalar-double-atan.slang	cuda_sm_7_0	False	mvp		correct	4878					correct	4920					correct	4478					complete
hlsl-intrinsic/scalar-double-atan2.slang#cuda-1	hlsl-intrinsic/scalar-double-atan2.slang	cuda_sm_7_0	False	mvp		correct	4734					correct	4602					correct	4542					complete
hlsl-intrinsic/scalar-double-ceil.slang#cuda-1	hlsl-intrinsic/scalar-double-ceil.slang	cuda_sm_7_0	False	mvp		correct	4648					correct	4622					correct	4486					complete
hlsl-intrinsic/scalar-double-clamp.slang#cuda-1	hlsl-intrinsic/scalar-double-clamp.slang	cuda_sm_7_0	False	mvp		correct	4511					correct	4127					correct	4250					complete
hlsl-intrinsic/scalar-double-cos.slang#cuda-1	hlsl-intrinsic/scalar-double-cos.slang	cuda_sm_7_0	False	mvp		correct	4724					correct	4176					correct	4456					complete
hlsl-intrinsic/scalar-double-d3d-intrinsic.slang#cuda-1	hlsl-intrinsic/scalar-double-d3d-intrinsic.slang	cuda_sm_7_0	False	mvp		correct	4578					correct	4560					correct	4502					complete
hlsl-intrinsic/scalar-double-exp.slang#cuda-1	hlsl-intrinsic/scalar-double-exp.slang	cuda_sm_7_0	False	mvp		correct	4330					correct	4314					correct	4494					complete
hlsl-intrinsic/scalar-double-exp2.slang#cuda-1	hlsl-intrinsic/scalar-double-exp2.slang	cuda_sm_7_0	False	mvp		correct	4479					correct	4243					correct	4314					complete
hlsl-intrinsic/scalar-double-floor.slang#cuda-1	hlsl-intrinsic/scalar-double-floor.slang	cuda_sm_7_0	False	mvp		correct	4420					correct	4324					correct	4327					complete
hlsl-intrinsic/scalar-double-frac.slang#cuda-1	hlsl-intrinsic/scalar-double-frac.slang	cuda_sm_7_0	False	mvp		correct	4632					correct	4536					correct	4493					complete
hlsl-intrinsic/scalar-double-ldexp.slang#cuda-1	hlsl-intrinsic/scalar-double-ldexp.slang	cuda_sm_7_0	False	mvp		correct	4579					correct	4770					correct	4415					complete
hlsl-intrinsic/scalar-double-lerp.slang#cuda-1	hlsl-intrinsic/scalar-double-lerp.slang	cuda_sm_7_0	False	mvp		correct	4595					correct	4333					correct	4401					complete
hlsl-intrinsic/scalar-double-log.slang#cuda-1	hlsl-intrinsic/scalar-double-log.slang	cuda_sm_7_0	False	mvp		correct	4879					correct	4358					correct	4294					complete
hlsl-intrinsic/scalar-double-log10.slang#cuda-1	hlsl-intrinsic/scalar-double-log10.slang	cuda_sm_7_0	False	mvp		correct	4775					correct	4506					correct	4367					complete
hlsl-intrinsic/scalar-double-log2.slang#cuda-1	hlsl-intrinsic/scalar-double-log2.slang	cuda_sm_7_0	False	mvp		correct	4535					correct	4602					correct	4363					complete
hlsl-intrinsic/scalar-double-max.slang#cuda-1	hlsl-intrinsic/scalar-double-max.slang	cuda_sm_7_0	False	mvp		correct	4415					correct	4217					correct	4295					complete
hlsl-intrinsic/scalar-double-min.slang#cuda-1	hlsl-intrinsic/scalar-double-min.slang	cuda_sm_7_0	False	mvp		correct	4345					correct	4359					correct	4312					complete
hlsl-intrinsic/scalar-double-pow.slang#cuda-1	hlsl-intrinsic/scalar-double-pow.slang	cuda_sm_7_0	False	mvp		correct	4791					correct	4396					correct	4474					complete
hlsl-intrinsic/scalar-double-rcp.slang#cuda-1	hlsl-intrinsic/scalar-double-rcp.slang	cuda_sm_7_0	False	mvp		correct	4751					correct	4513					correct	4425					complete
hlsl-intrinsic/scalar-double-rsqrt.slang#cuda-1	hlsl-intrinsic/scalar-double-rsqrt.slang	cuda_sm_7_0	False	mvp		correct	4681					correct	4468					correct	4455					complete
hlsl-intrinsic/scalar-double-saturate.slang#cuda-1	hlsl-intrinsic/scalar-double-saturate.slang	cuda_sm_7_0	False	mvp		correct	4989					correct	4413					correct	4275					complete
hlsl-intrinsic/scalar-double-sign.slang#cuda-1	hlsl-intrinsic/scalar-double-sign.slang	cuda_sm_7_0	False	mvp		correct	4749					correct	4175					correct	4313					complete
hlsl-intrinsic/scalar-double-simple.slang#cuda-1	hlsl-intrinsic/scalar-double-simple.slang	cuda_sm_7_0	False	mvp		correct	4585					correct	4438					correct	4423					complete
hlsl-intrinsic/scalar-double-sin.slang#cuda-1	hlsl-intrinsic/scalar-double-sin.slang	cuda_sm_7_0	False	mvp		correct	4700					correct	4322					correct	4296					complete
hlsl-intrinsic/scalar-double-sincos.slang#cuda-1	hlsl-intrinsic/scalar-double-sincos.slang	cuda_sm_7_0	False	mvp		correct	4377					correct	4356					correct	4329					complete
hlsl-intrinsic/scalar-double-smoothstep.slang#cuda-1	hlsl-intrinsic/scalar-double-smoothstep.slang	cuda_sm_7_0	False	mvp		correct	4396					correct	4324					correct	4482					complete
hlsl-intrinsic/scalar-double-sqrt.slang#cuda-1	hlsl-intrinsic/scalar-double-sqrt.slang	cuda_sm_7_0	False	mvp		correct	4710					correct	4317					correct	4437					complete
hlsl-intrinsic/scalar-double-step.slang#cuda-1	hlsl-intrinsic/scalar-double-step.slang	cuda_sm_7_0	False	mvp		correct	4535					correct	4492					correct	4394					complete
hlsl-intrinsic/scalar-double-tan.slang#cuda-1	hlsl-intrinsic/scalar-double-tan.slang	cuda_sm_7_0	False	mvp		correct	4745					correct	4459					correct	4294					complete
hlsl-intrinsic/scalar-double-trunc.slang#cuda-1	hlsl-intrinsic/scalar-double-trunc.slang	cuda_sm_7_0	False	mvp		correct	4731					correct	4170					correct	4272					complete
hlsl-intrinsic/scalar-double-vk-intrinsic.slang#cuda-1	hlsl-intrinsic/scalar-double-vk-intrinsic.slang	cuda_sm_7_0	False	mvp		correct	4821					correct	4389					correct	4391					complete
hlsl-intrinsic/scalar-double.slang#cuda-1	hlsl-intrinsic/scalar-double.slang	cuda_sm_7_0	False	mvp		correct	5200					correct	4500					correct	4525					complete
hlsl-intrinsic/scalar-float.slang#cuda-1	hlsl-intrinsic/scalar-float.slang	cuda_sm_7_0	False	mvp		correct	4803					correct	4367					correct	4523					complete
hlsl-intrinsic/scalar-half.slang#cuda-1	hlsl-intrinsic/scalar-half.slang	cuda_sm_7_0	False	mvp		correct	4690					preflight	4154	GenericAsm	generic-asm-ordinary-intrinsic	StmtLoweringVisitor::visitIntrinsicAsmStmt -> IRGenericAsm; _validateNVVMFunction semantic resolution	direct NVVM lowering does not support Slang IR instruction or shape 'GenericAsm assembly=$P_min($0, $1), signature=half(half, half)'	preflight	4411	GenericAsm	generic-asm-ordinary-intrinsic	StmtLoweringVisitor::visitIntrinsicAsmStmt -> IRGenericAsm; _validateNVVMFunction semantic resolution	direct NVVM lowering does not support Slang IR instruction or shape 'GenericAsm assembly=$P_min($0, $1), signature=half(half, half)'	complete
hlsl-intrinsic/scalar-int.slang#cuda-1	hlsl-intrinsic/scalar-int.slang	cuda_sm_7_0	False	mvp		correct	4495					correct	4293					correct	4503					complete
hlsl-intrinsic/scalar-int64.slang#cuda-1	hlsl-intrinsic/scalar-int64.slang	cuda_sm_7_0	False	mvp		correct	4631					correct	4421					correct	4625					complete
hlsl-intrinsic/scalar-swizzling.slang#cuda-1	hlsl-intrinsic/scalar-swizzling.slang	cuda_sm_7_0	False	mvp		correct	4658					correct	4469					correct	4432					complete
hlsl-intrinsic/scalar-uint.slang#cuda-1	hlsl-intrinsic/scalar-uint.slang	cuda_sm_7_0	False	mvp		correct	4532					correct	4336					correct	4200					complete
hlsl-intrinsic/scalar-uint64.slang#cuda-1	hlsl-intrinsic/scalar-uint64.slang	cuda_sm_7_0	False	mvp		correct	4466					correct	4363					correct	4429					complete
hlsl-intrinsic/size-of/align-of-2.slang#cuda-1	hlsl-intrinsic/size-of/align-of-2.slang	cuda_sm_7_0	False	mvp		correct	4380					correct	4282					correct	4419					complete
hlsl-intrinsic/size-of/align-of-3.slang#cuda-1	hlsl-intrinsic/size-of/align-of-3.slang	cuda_sm_7_0	False	mvp		correct	4565					correct	4287					correct	4281					complete
hlsl-intrinsic/size-of/align-of-generic.slang#cuda-1	hlsl-intrinsic/size-of/align-of-generic.slang	cuda_sm_7_0	False	mvp		correct	4324					correct	4288					correct	4165					complete
hlsl-intrinsic/size-of/align-of.slang#cuda-1	hlsl-intrinsic/size-of/align-of.slang	cuda_sm_7_0	False	mvp		correct	4417					correct	4254					correct	4356					complete
hlsl-intrinsic/size-of/size-of-2.slang#cuda-1	hlsl-intrinsic/size-of/size-of-2.slang	cuda_sm_7_0	False	mvp		correct	4414					correct	4372					correct	4504					complete
hlsl-intrinsic/size-of/size-of-3.slang#cuda-1	hlsl-intrinsic/size-of/size-of-3.slang	cuda_sm_7_0	False	mvp		correct	4578					correct	4457					correct	4492					complete
hlsl-intrinsic/size-of/size-of-compile-time.slang#cuda-1	hlsl-intrinsic/size-of/size-of-compile-time.slang	cuda_sm_7_0	False	mvp		correct	4631					correct	4386					correct	4407					complete
hlsl-intrinsic/size-of/size-of-generic.slang#cuda-1	hlsl-intrinsic/size-of/size-of-generic.slang	cuda_sm_7_0	False	mvp		correct	4334					correct	4376					correct	4306					complete
hlsl-intrinsic/size-of/size-of-tuple.slang#cuda-1	hlsl-intrinsic/size-of/size-of-tuple.slang	cuda_sm_7_0	False	mvp		correct	4467					preflight	4378	function name	function-identity	post-specialization linked IRFunc -> _collectNVVMFunctionNames	direct NVVM lowering does not support Slang IR instruction or shape 'function name'	preflight	4312	function name	function-identity	post-specialization linked IRFunc -> _collectNVVMFunctionNames	direct NVVM lowering does not support Slang IR instruction or shape 'function name'	complete
hlsl-intrinsic/size-of/size-of.slang#cuda-1	hlsl-intrinsic/size-of/size-of.slang	cuda_sm_7_0	False	mvp		correct	4511					correct	4451					correct	4295					complete
hlsl-intrinsic/substandard-fp-folding.slang#cuda-1	hlsl-intrinsic/substandard-fp-folding.slang	cuda_sm_7_0	False	mvp		correct	4626					preflight	4196	helper function parameter	helper-abi-type-contract	post-specialization linked IRFunc signature -> _validateNVVMHelperTarget	direct NVVM lowering does not support Slang IR instruction or shape 'helper function parameter: FloatE4M3'	preflight	4221	helper function parameter	helper-abi-type-contract	post-specialization linked IRFunc signature -> _validateNVVMHelperTarget	direct NVVM lowering does not support Slang IR instruction or shape 'helper function parameter: FloatE4M3'	complete
hlsl-intrinsic/texture-2d-gather.slang#cuda-1	hlsl-intrinsic/texture-2d-gather.slang	cuda_sm_7_0	False	mvp		correct	4516					preflight	4179	GenericAsm	generic-asm-texture	StmtLoweringVisitor::visitIntrinsicAsmStmt -> IRGenericAsm; _validateNVVMFunction semantic resolution	direct NVVM lowering does not support Slang IR instruction or shape 'GenericAsm assembly=tex2Dgather<$TR>($0, ($2).x, ($2).y, 0), signature=vector<float,4>(Texture2D, SamplerState, vector<float,2>)'	preflight	4110	GenericAsm	generic-asm-texture	StmtLoweringVisitor::visitIntrinsicAsmStmt -> IRGenericAsm; _validateNVVMFunction semantic resolution	direct NVVM lowering does not support Slang IR instruction or shape 'GenericAsm assembly=tex2Dgather<$TR>($0, ($2).x, ($2).y, 0), signature=vector<float,4>(Texture2D, SamplerState, vector<float,2>)'	complete
hlsl-intrinsic/vector-dot-int.slang#cuda-1	hlsl-intrinsic/vector-dot-int.slang	cuda_sm_7_0	False	mvp		correct	4470					correct	4257					correct	4540					complete
hlsl-intrinsic/vector-double-reduced-intrinsic.slang#cuda-1	hlsl-intrinsic/vector-double-reduced-intrinsic.slang	cuda_sm_7_0	False	mvp		correct	4606					preflight	4386	add: vector<double,3> -> vector<double,3>	preflight-other	canonical linked IR -> _validateNVVMFunction	direct NVVM lowering does not support Slang IR instruction or shape 'add: vector<double,3> -> vector<double,3>'	preflight	4287	add: vector<double,3> -> vector<double,3>	preflight-other	canonical linked IR -> _validateNVVMFunction	direct NVVM lowering does not support Slang IR instruction or shape 'add: vector<double,3> -> vector<double,3>'	complete
hlsl-intrinsic/vector-float.slang#cuda-1	hlsl-intrinsic/vector-float.slang	cuda_sm_7_0	False	mvp		correct	5155					correct	4600					correct	4807					complete
hlsl-intrinsic/vector-int-runtime-index.slang#cuda-1	hlsl-intrinsic/vector-int-runtime-index.slang	cuda_sm_7_0	False	mvp		correct	4437					correct	4313					correct	4270					complete
hlsl-intrinsic/vector-int.slang#cuda-1	hlsl-intrinsic/vector-int.slang	cuda_sm_7_0	False	mvp		correct	4526					correct	4365					correct	4360					complete
hlsl-intrinsic/wave-active-count-bits.slang#cuda-1	hlsl-intrinsic/wave-active-count-bits.slang	cuda_sm_7_0	False	mvp		correct	4388					preflight	4542	intCast	ordinary-numeric-bit-operation	typed expression/intrinsic IR op -> _resolveNVVMValueOperation	direct NVVM lowering does not support Slang IR instruction or shape 'intCast'	preflight	4256	intCast	ordinary-numeric-bit-operation	typed expression/intrinsic IR op -> _resolveNVVMValueOperation	direct NVVM lowering does not support Slang IR instruction or shape 'intCast'	complete
hlsl-intrinsic/wave-active-count-bits.slang#cuda-2	hlsl-intrinsic/wave-active-count-bits.slang	cuda_sm_7_0	False	mvp		correct	4509					preflight	4409	intCast	ordinary-numeric-bit-operation	typed expression/intrinsic IR op -> _resolveNVVMValueOperation	direct NVVM lowering does not support Slang IR instruction or shape 'intCast'	preflight	4171	intCast	ordinary-numeric-bit-operation	typed expression/intrinsic IR op -> _resolveNVVMValueOperation	direct NVVM lowering does not support Slang IR instruction or shape 'intCast'	complete
hlsl-intrinsic/wave-active-product.slang#cuda-1	hlsl-intrinsic/wave-active-product.slang	cuda_sm_7_0	False	mvp		correct	4580					preflight	4170	GenericAsm	generic-asm-wave-reconvergence	StmtLoweringVisitor::visitIntrinsicAsmStmt -> IRGenericAsm; _validateNVVMFunction semantic resolution	direct NVVM lowering does not support Slang IR instruction or shape 'GenericAsm assembly=_waveProduct($1.x, $0), signature=int(int, vector<uint,4>)'	preflight	4102	GenericAsm	generic-asm-wave-reconvergence	StmtLoweringVisitor::visitIntrinsicAsmStmt -> IRGenericAsm; _validateNVVMFunction semantic resolution	direct NVVM lowering does not support Slang IR instruction or shape 'GenericAsm assembly=_waveProduct($1.x, $0), signature=int(int, vector<uint,4>)'	complete
hlsl-intrinsic/wave-broadcast-lane-at-vk.slang#cuda-1	hlsl-intrinsic/wave-broadcast-lane-at-vk.slang	cuda_sm_7_0	False	mvp		correct	4564					correct	4260					correct	4354					complete
hlsl-intrinsic/wave-builtins-interface-specialization.slang#cuda-1	hlsl-intrinsic/wave-builtins-interface-specialization.slang	cuda_sm_7_0	False	mvp		correct	4527					correct	4365					correct	4395					complete
hlsl-intrinsic/wave-diverge.slang#cuda-1	hlsl-intrinsic/wave-diverge.slang	cuda_sm_7_0	False	mvp		correct	4644					preflight	4259	GenericAsm	generic-asm-wave-reconvergence	StmtLoweringVisitor::visitIntrinsicAsmStmt -> IRGenericAsm; _validateNVVMFunction semantic resolution	direct NVVM lowering does not support Slang IR instruction or shape 'GenericAsm assembly=_waveMin($1.x, $0), signature=int(int, vector<uint,4>)'	preflight	4355	GenericAsm	generic-asm-wave-reconvergence	StmtLoweringVisitor::visitIntrinsicAsmStmt -> IRGenericAsm; _validateNVVMFunction semantic resolution	direct NVVM lowering does not support Slang IR instruction or shape 'GenericAsm assembly=_waveMin($1.x, $0), signature=int(int, vector<uint,4>)'	complete
hlsl-intrinsic/wave-equality.slang#cuda-1	hlsl-intrinsic/wave-equality.slang	cuda_sm_7_0	False	mvp		correct	4441					correct	4308					correct	4277					complete
hlsl-intrinsic/wave-get-lane-index.slang#cuda-1	hlsl-intrinsic/wave-get-lane-index.slang	cuda_sm_7_0	False	mvp		correct	4516					correct	4344					correct	4228					complete
hlsl-intrinsic/wave-get-lane-mask.slang#cuda-1	hlsl-intrinsic/wave-get-lane-mask.slang	cuda_sm_7_0	False	mvp		correct	4582					correct	4641					correct	4508					complete
hlsl-intrinsic/wave-get-num-waves.slang#cuda-1	hlsl-intrinsic/wave-get-num-waves.slang	cuda_sm_7_0	False	mvp		correct	4709					correct	4693					correct	4466					complete
hlsl-intrinsic/wave-get-wave-index.slang#cuda-1	hlsl-intrinsic/wave-get-wave-index.slang	cuda_sm_7_0	False	mvp		correct	4643					correct	4584					correct	4505					complete
hlsl-intrinsic/wave-is-first-lane.slang#cuda-1	hlsl-intrinsic/wave-is-first-lane.slang	cuda_sm_7_0	False	mvp		correct	4612					correct	4460					correct	4427					complete
hlsl-intrinsic/wave-mask/wave-active-product.slang#cuda-1	hlsl-intrinsic/wave-mask/wave-active-product.slang	cuda_sm_7_0	False	mvp		correct	4369					preflight	4327	GenericAsm	generic-asm-wave-reconvergence	StmtLoweringVisitor::visitIntrinsicAsmStmt -> IRGenericAsm; _validateNVVMFunction semantic resolution	direct NVVM lowering does not support Slang IR instruction or shape 'GenericAsm assembly=_waveProduct($1.x, $0), signature=int(int, vector<uint,4>)'	preflight	4255	GenericAsm	generic-asm-wave-reconvergence	StmtLoweringVisitor::visitIntrinsicAsmStmt -> IRGenericAsm; _validateNVVMFunction semantic resolution	direct NVVM lowering does not support Slang IR instruction or shape 'GenericAsm assembly=_waveProduct($1.x, $0), signature=int(int, vector<uint,4>)'	complete
hlsl-intrinsic/wave-mask/wave-broadcast-lane-at-vk.slang#cuda-1	hlsl-intrinsic/wave-mask/wave-broadcast-lane-at-vk.slang	cuda_sm_7_0	False	mvp		correct	4551					correct	4690					correct	4570					complete
hlsl-intrinsic/wave-mask/wave-broadcast-lane-at.slang#cuda-1	hlsl-intrinsic/wave-mask/wave-broadcast-lane-at.slang	cuda_sm_7_0	False	mvp		correct	4482					preflight	4487	GenericAsm	generic-asm-wave-reconvergence	StmtLoweringVisitor::visitIntrinsicAsmStmt -> IRGenericAsm; _validateNVVMFunction semantic resolution	direct NVVM lowering does not support Slang IR instruction or shape 'GenericAsm assembly=_waveShuffleMultiple($0, $1, $2), signature=Void(uint, array<vector<int,2>,2>, int, OutParam<array<vector<int,2>,2>>)'	preflight	4405	GenericAsm	generic-asm-wave-reconvergence	StmtLoweringVisitor::visitIntrinsicAsmStmt -> IRGenericAsm; _validateNVVMFunction semantic resolution	direct NVVM lowering does not support Slang IR instruction or shape 'GenericAsm assembly=_waveShuffleMultiple($0, $1, $2), signature=Void(uint, array<vector<int,2>,2>, int, OutParam<array<vector<int,2>,2>>)'	complete
hlsl-intrinsic/wave-mask/wave-diverge.slang#cuda-1	hlsl-intrinsic/wave-mask/wave-diverge.slang	cuda_sm_7_0	False	mvp		correct	4499					preflight	4427	GenericAsm	generic-asm-wave-reconvergence	StmtLoweringVisitor::visitIntrinsicAsmStmt -> IRGenericAsm; _validateNVVMFunction semantic resolution	direct NVVM lowering does not support Slang IR instruction or shape 'GenericAsm assembly=_waveMin($1.x, $0), signature=int(int, vector<uint,4>)'	preflight	4272	GenericAsm	generic-asm-wave-reconvergence	StmtLoweringVisitor::visitIntrinsicAsmStmt -> IRGenericAsm; _validateNVVMFunction semantic resolution	direct NVVM lowering does not support Slang IR instruction or shape 'GenericAsm assembly=_waveMin($1.x, $0), signature=int(int, vector<uint,4>)'	complete
hlsl-intrinsic/wave-mask/wave-equality.slang#cuda-1	hlsl-intrinsic/wave-mask/wave-equality.slang	cuda_sm_7_0	False	mvp		correct	4710					correct	4634					correct	4504					complete
hlsl-intrinsic/wave-mask/wave-get-active.slang#cuda-1	hlsl-intrinsic/wave-mask/wave-get-active.slang	cuda_sm_7_0	False	mvp		correct	4667					preflight	4558	GenericAsm	generic-asm-wave-reconvergence	StmtLoweringVisitor::visitIntrinsicAsmStmt -> IRGenericAsm; _validateNVVMFunction semantic resolution	direct NVVM lowering does not support Slang IR instruction or shape 'GenericAsm assembly=make_uint4(__activemask(), 0, 0, 0), signature=vector<uint,4>()'	preflight	4399	GenericAsm	generic-asm-wave-reconvergence	StmtLoweringVisitor::visitIntrinsicAsmStmt -> IRGenericAsm; _validateNVVMFunction semantic resolution	direct NVVM lowering does not support Slang IR instruction or shape 'GenericAsm assembly=make_uint4(__activemask(), 0, 0, 0), signature=vector<uint,4>()'	complete
hlsl-intrinsic/wave-mask/wave-get-converged.slang#cuda-1	hlsl-intrinsic/wave-mask/wave-get-converged.slang	cuda_sm_7_0	False	mvp		correct	4873					preflight	4627	GenericAsm	generic-asm-wave-reconvergence	StmtLoweringVisitor::visitIntrinsicAsmStmt -> IRGenericAsm; _validateNVVMFunction semantic resolution	direct NVVM lowering does not support Slang IR instruction or shape 'GenericAsm assembly=__activemask(), signature=uint()'	preflight	4469	GenericAsm	generic-asm-wave-reconvergence	StmtLoweringVisitor::visitIntrinsicAsmStmt -> IRGenericAsm; _validateNVVMFunction semantic resolution	direct NVVM lowering does not support Slang IR instruction or shape 'GenericAsm assembly=__activemask(), signature=uint()'	complete
hlsl-intrinsic/wave-mask/wave-is-first-lane.slang#cuda-1	hlsl-intrinsic/wave-mask/wave-is-first-lane.slang	cuda_sm_7_0	False	mvp		correct	4905					correct	4562					correct	4428					complete
hlsl-intrinsic/wave-mask/wave-mask-prefix-min-max.slang#cuda-1	hlsl-intrinsic/wave-mask/wave-mask-prefix-min-max.slang	cuda_sm_7_0	False	extension	advanced wave/quad operation outside the initial MVP	correct	4806					preflight	4416	GenericAsm	generic-asm-wave-reconvergence	StmtLoweringVisitor::visitIntrinsicAsmStmt -> IRGenericAsm; _validateNVVMFunction semantic resolution	direct NVVM lowering does not support Slang IR instruction or shape 'GenericAsm assembly=_wavePrefixExclusiveMin(($1).x, $0), signature=int(int, vector<uint,4>)'	preflight	4346	GenericAsm	generic-asm-wave-reconvergence	StmtLoweringVisitor::visitIntrinsicAsmStmt -> IRGenericAsm; _validateNVVMFunction semantic resolution	direct NVVM lowering does not support Slang IR instruction or shape 'GenericAsm assembly=_wavePrefixExclusiveMin(($1).x, $0), signature=int(int, vector<uint,4>)'	complete
hlsl-intrinsic/wave-mask/wave-mask-prefix.slang#cuda-1	hlsl-intrinsic/wave-mask/wave-mask-prefix.slang	cuda_sm_7_0	False	mvp		correct	4708					preflight	4646	GenericAsm	generic-asm-wave-reconvergence	StmtLoweringVisitor::visitIntrinsicAsmStmt -> IRGenericAsm; _validateNVVMFunction semantic resolution	direct NVVM lowering does not support Slang IR instruction or shape 'GenericAsm assembly=_wavePrefixSum($1.x, $0) , signature=int(int, vector<uint,4>)'	preflight	4408	GenericAsm	generic-asm-wave-reconvergence	StmtLoweringVisitor::visitIntrinsicAsmStmt -> IRGenericAsm; _validateNVVMFunction semantic resolution	direct NVVM lowering does not support Slang IR instruction or shape 'GenericAsm assembly=_wavePrefixSum($1.x, $0) , signature=int(int, vector<uint,4>)'	complete
hlsl-intrinsic/wave-mask/wave-matrix.slang#cuda-1	hlsl-intrinsic/wave-mask/wave-matrix.slang	cuda_sm_7_0	False	extension	advanced wave/quad operation outside the initial MVP	correct	4862					preflight	4617	GenericAsm	generic-asm-wave-reconvergence	StmtLoweringVisitor::visitIntrinsicAsmStmt -> IRGenericAsm; _validateNVVMFunction semantic resolution	direct NVVM lowering does not support Slang IR instruction or shape 'GenericAsm assembly=_waveSumMultiple($1.x, $0), signature=Void(array<vector<int,2>,2>, vector<uint,4>, OutParam<array<vector<int,2>,2>>)'	preflight	4361	GenericAsm	generic-asm-wave-reconvergence	StmtLoweringVisitor::visitIntrinsicAsmStmt -> IRGenericAsm; _validateNVVMFunction semantic resolution	direct NVVM lowering does not support Slang IR instruction or shape 'GenericAsm assembly=_waveSumMultiple($1.x, $0), signature=Void(array<vector<int,2>,2>, vector<uint,4>, OutParam<array<vector<int,2>,2>>)'	complete
hlsl-intrinsic/wave-mask/wave-prefix-product.slang#cuda-1	hlsl-intrinsic/wave-mask/wave-prefix-product.slang	cuda_sm_7_0	False	extension	advanced wave/quad operation outside the initial MVP	correct	4768					preflight	4315	GenericAsm	generic-asm-wave-reconvergence	StmtLoweringVisitor::visitIntrinsicAsmStmt -> IRGenericAsm; _validateNVVMFunction semantic resolution	direct NVVM lowering does not support Slang IR instruction or shape 'GenericAsm assembly=_wavePrefixProduct($1.x, $0) , signature=int(int, vector<uint,4>)'	preflight	4216	GenericAsm	generic-asm-wave-reconvergence	StmtLoweringVisitor::visitIntrinsicAsmStmt -> IRGenericAsm; _validateNVVMFunction semantic resolution	direct NVVM lowering does not support Slang IR instruction or shape 'GenericAsm assembly=_wavePrefixProduct($1.x, $0) , signature=int(int, vector<uint,4>)'	complete
hlsl-intrinsic/wave-mask/wave-prefix-sum.slang#cuda-1	hlsl-intrinsic/wave-mask/wave-prefix-sum.slang	cuda_sm_7_0	False	extension	advanced wave/quad operation outside the initial MVP	correct	4789					preflight	4378	GenericAsm	generic-asm-wave-reconvergence	StmtLoweringVisitor::visitIntrinsicAsmStmt -> IRGenericAsm; _validateNVVMFunction semantic resolution	direct NVVM lowering does not support Slang IR instruction or shape 'GenericAsm assembly=_wavePrefixSum($1.x, $0) , signature=int(int, vector<uint,4>)'	preflight	4246	GenericAsm	generic-asm-wave-reconvergence	StmtLoweringVisitor::visitIntrinsicAsmStmt -> IRGenericAsm; _validateNVVMFunction semantic resolution	direct NVVM lowering does not support Slang IR instruction or shape 'GenericAsm assembly=_wavePrefixSum($1.x, $0) , signature=int(int, vector<uint,4>)'	complete
hlsl-intrinsic/wave-mask/wave-read-lane-at-vk.slang#cuda-1	hlsl-intrinsic/wave-mask/wave-read-lane-at-vk.slang	cuda_sm_7_0	False	mvp		correct	4838					correct	4705					correct	4440					complete
hlsl-intrinsic/wave-mask/wave-read-lane-at.slang#cuda-1	hlsl-intrinsic/wave-mask/wave-read-lane-at.slang	cuda_sm_7_0	False	mvp		correct	4822					preflight	4539	GenericAsm	generic-asm-wave-reconvergence	StmtLoweringVisitor::visitIntrinsicAsmStmt -> IRGenericAsm; _validateNVVMFunction semantic resolution	direct NVVM lowering does not support Slang IR instruction or shape 'GenericAsm assembly=_waveShuffleMultiple($0, $1, $2), signature=Void(uint, array<vector<int,2>,2>, int, OutParam<array<vector<int,2>,2>>)'	preflight	4371	GenericAsm	generic-asm-wave-reconvergence	StmtLoweringVisitor::visitIntrinsicAsmStmt -> IRGenericAsm; _validateNVVMFunction semantic resolution	direct NVVM lowering does not support Slang IR instruction or shape 'GenericAsm assembly=_waveShuffleMultiple($0, $1, $2), signature=Void(uint, array<vector<int,2>,2>, int, OutParam<array<vector<int,2>,2>>)'	complete
hlsl-intrinsic/wave-mask/wave-shuffle-vk.slang#cuda-1	hlsl-intrinsic/wave-mask/wave-shuffle-vk.slang	cuda_sm_7_0	False	mvp		correct	4875					correct	4595					correct	4300					complete
hlsl-intrinsic/wave-mask/wave-shuffle.slang#cuda-1	hlsl-intrinsic/wave-mask/wave-shuffle.slang	cuda_sm_7_0	False	mvp		correct	4625					preflight	4338	GenericAsm	generic-asm-wave-reconvergence	StmtLoweringVisitor::visitIntrinsicAsmStmt -> IRGenericAsm; _validateNVVMFunction semantic resolution	direct NVVM lowering does not support Slang IR instruction or shape 'GenericAsm assembly=_waveShuffleMultiple($0, $1, $2), signature=Void(uint, array<vector<int,2>,2>, int, OutParam<array<vector<int,2>,2>>)'	preflight	4285	GenericAsm	generic-asm-wave-reconvergence	StmtLoweringVisitor::visitIntrinsicAsmStmt -> IRGenericAsm; _validateNVVMFunction semantic resolution	direct NVVM lowering does not support Slang IR instruction or shape 'GenericAsm assembly=_waveShuffleMultiple($0, $1, $2), signature=Void(uint, array<vector<int,2>,2>, int, OutParam<array<vector<int,2>,2>>)'	complete
hlsl-intrinsic/wave-mask/wave-vector.slang#cuda-1	hlsl-intrinsic/wave-mask/wave-vector.slang	cuda_sm_7_0	False	mvp		correct	4633					preflight	4151	GenericAsm	generic-asm-wave-reconvergence	StmtLoweringVisitor::visitIntrinsicAsmStmt -> IRGenericAsm; _validateNVVMFunction semantic resolution	direct NVVM lowering does not support Slang IR instruction or shape 'GenericAsm assembly=_waveSumMultiple($1.x, $0), signature=vector<int,2>(vector<int,2>, vector<uint,4>)'	preflight	4410	GenericAsm	generic-asm-wave-reconvergence	StmtLoweringVisitor::visitIntrinsicAsmStmt -> IRGenericAsm; _validateNVVMFunction semantic resolution	direct NVVM lowering does not support Slang IR instruction or shape 'GenericAsm assembly=_waveSumMultiple($1.x, $0), signature=vector<int,2>(vector<int,2>, vector<uint,4>)'	complete
hlsl-intrinsic/wave-mask/wave.slang#cuda-1	hlsl-intrinsic/wave-mask/wave.slang	cuda_sm_7_0	False	mvp		correct	4520					correct	4662					correct	4518					complete
hlsl-intrinsic/wave-matrix.slang#cuda-1	hlsl-intrinsic/wave-matrix.slang	cuda_sm_7_0	False	extension	advanced wave/quad operation outside the initial MVP	correct	4630					preflight	4421	GenericAsm	generic-asm-wave-reconvergence	StmtLoweringVisitor::visitIntrinsicAsmStmt -> IRGenericAsm; _validateNVVMFunction semantic resolution	direct NVVM lowering does not support Slang IR instruction or shape 'GenericAsm assembly=_waveSumMultiple($1.x, $0), signature=Void(array<vector<int,2>,2>, vector<uint,4>, OutParam<array<vector<int,2>,2>>)'	preflight	4341	GenericAsm	generic-asm-wave-reconvergence	StmtLoweringVisitor::visitIntrinsicAsmStmt -> IRGenericAsm; _validateNVVMFunction semantic resolution	direct NVVM lowering does not support Slang IR instruction or shape 'GenericAsm assembly=_waveSumMultiple($1.x, $0), signature=Void(array<vector<int,2>,2>, vector<uint,4>, OutParam<array<vector<int,2>,2>>)'	complete
hlsl-intrinsic/wave-multi/wave-multi-bitwise.slang#cuda-1	hlsl-intrinsic/wave-multi/wave-multi-bitwise.slang	cuda_sm_7_0	False	extension	advanced wave/quad operation outside the initial MVP	correct	4949					preflight	4175	GenericAsm	generic-asm-wave-reconvergence	StmtLoweringVisitor::visitIntrinsicAsmStmt -> IRGenericAsm; _validateNVVMFunction semantic resolution	direct NVVM lowering does not support Slang IR instruction or shape 'GenericAsm assembly=_waveAnd($1.x, $0), signature=int(int, vector<uint,4>)'	preflight	4500	GenericAsm	generic-asm-wave-reconvergence	StmtLoweringVisitor::visitIntrinsicAsmStmt -> IRGenericAsm; _validateNVVMFunction semantic resolution	direct NVVM lowering does not support Slang IR instruction or shape 'GenericAsm assembly=_waveAnd($1.x, $0), signature=int(int, vector<uint,4>)'	complete
hlsl-intrinsic/wave-multi/wave-multi-min-max.slang#cuda-1	hlsl-intrinsic/wave-multi/wave-multi-min-max.slang	cuda_sm_7_0	False	extension	advanced wave/quad operation outside the initial MVP	correct	5323					preflight	4547	GenericAsm	generic-asm-wave-reconvergence	StmtLoweringVisitor::visitIntrinsicAsmStmt -> IRGenericAsm; _validateNVVMFunction semantic resolution	direct NVVM lowering does not support Slang IR instruction or shape 'GenericAsm assembly=_waveMin($1.x, $0), signature=int(int, vector<uint,4>)'	preflight	4517	GenericAsm	generic-asm-wave-reconvergence	StmtLoweringVisitor::visitIntrinsicAsmStmt -> IRGenericAsm; _validateNVVMFunction semantic resolution	direct NVVM lowering does not support Slang IR instruction or shape 'GenericAsm assembly=_waveMin($1.x, $0), signature=int(int, vector<uint,4>)'	complete
hlsl-intrinsic/wave-multi/wave-multi-prefix-bitwise.slang#cuda-1	hlsl-intrinsic/wave-multi/wave-multi-prefix-bitwise.slang	cuda_sm_7_0	False	extension	advanced wave/quad operation outside the initial MVP	correct	5877					preflight	4588	GenericAsm	generic-asm-wave-reconvergence	StmtLoweringVisitor::visitIntrinsicAsmStmt -> IRGenericAsm; _validateNVVMFunction semantic resolution	direct NVVM lowering does not support Slang IR instruction or shape 'GenericAsm assembly=_wavePrefixAnd($1.x, $0) & $0, signature=int(int, vector<uint,4>)'	preflight	4689	GenericAsm	generic-asm-wave-reconvergence	StmtLoweringVisitor::visitIntrinsicAsmStmt -> IRGenericAsm; _validateNVVMFunction semantic resolution	direct NVVM lowering does not support Slang IR instruction or shape 'GenericAsm assembly=_wavePrefixAnd($1.x, $0) & $0, signature=int(int, vector<uint,4>)'	complete
hlsl-intrinsic/wave-multi/wave-multi-prefix-max.slang#cuda-1	hlsl-intrinsic/wave-multi/wave-multi-prefix-max.slang	cuda_sm_7_0	False	extension	advanced wave/quad operation outside the initial MVP	correct	8875					preflight	4620	helper function parameter	helper-abi-type-contract	post-specialization linked IRFunc signature -> _validateNVVMHelperTarget	direct NVVM lowering does not support Slang IR instruction or shape 'helper function parameter: Ptr<KernelContext, addressSpace=1, access=0, operands=4, layout=DefaultLayout>'	preflight	4802	helper function parameter	helper-abi-type-contract	post-specialization linked IRFunc signature -> _validateNVVMHelperTarget	direct NVVM lowering does not support Slang IR instruction or shape 'helper function parameter: Ptr<KernelContext, addressSpace=1, access=0, operands=4, layout=DefaultLayout>'	complete
hlsl-intrinsic/wave-multi/wave-multi-prefix-min.slang#cuda-1	hlsl-intrinsic/wave-multi/wave-multi-prefix-min.slang	cuda_sm_7_0	False	extension	advanced wave/quad operation outside the initial MVP	correct	8435					preflight	4679	helper function parameter	helper-abi-type-contract	post-specialization linked IRFunc signature -> _validateNVVMHelperTarget	direct NVVM lowering does not support Slang IR instruction or shape 'helper function parameter: Ptr<KernelContext, addressSpace=1, access=0, operands=4, layout=DefaultLayout>'	preflight	4654	helper function parameter	helper-abi-type-contract	post-specialization linked IRFunc signature -> _validateNVVMHelperTarget	direct NVVM lowering does not support Slang IR instruction or shape 'helper function parameter: Ptr<KernelContext, addressSpace=1, access=0, operands=4, layout=DefaultLayout>'	complete
hlsl-intrinsic/wave-multi/wave-multi-prefix-scalar-functional.slang#cuda-1	hlsl-intrinsic/wave-multi/wave-multi-prefix-scalar-functional.slang	cuda_sm_7_0	False	extension	advanced wave/quad operation outside the initial MVP	correct	4303					preflight	4129	GenericAsm	generic-asm-wave-reconvergence	StmtLoweringVisitor::visitIntrinsicAsmStmt -> IRGenericAsm; _validateNVVMFunction semantic resolution	direct NVVM lowering does not support Slang IR instruction or shape 'GenericAsm assembly=_wavePrefixSum($1.x, $0) , signature=int(int, vector<uint,4>)'	preflight	4403	GenericAsm	generic-asm-wave-reconvergence	StmtLoweringVisitor::visitIntrinsicAsmStmt -> IRGenericAsm; _validateNVVMFunction semantic resolution	direct NVVM lowering does not support Slang IR instruction or shape 'GenericAsm assembly=_wavePrefixSum($1.x, $0) , signature=int(int, vector<uint,4>)'	complete
hlsl-intrinsic/wave-multi/wave-multi-prefix-sum-product.slang#cuda-1	hlsl-intrinsic/wave-multi/wave-multi-prefix-sum-product.slang	cuda_sm_7_0	False	extension	advanced wave/quad operation outside the initial MVP	correct	6886					preflight	4463	GenericAsm	generic-asm-wave-reconvergence	StmtLoweringVisitor::visitIntrinsicAsmStmt -> IRGenericAsm; _validateNVVMFunction semantic resolution	direct NVVM lowering does not support Slang IR instruction or shape 'GenericAsm assembly=_wavePrefixSum($1.x, $0) + $0, signature=int(int, vector<uint,4>)'	preflight	4632	GenericAsm	generic-asm-wave-reconvergence	StmtLoweringVisitor::visitIntrinsicAsmStmt -> IRGenericAsm; _validateNVVMFunction semantic resolution	direct NVVM lowering does not support Slang IR instruction or shape 'GenericAsm assembly=_wavePrefixSum($1.x, $0) + $0, signature=int(int, vector<uint,4>)'	complete
hlsl-intrinsic/wave-multi/wave-multi-sum-product.slang#cuda-1	hlsl-intrinsic/wave-multi/wave-multi-sum-product.slang	cuda_sm_7_0	False	extension	advanced wave/quad operation outside the initial MVP	correct	4829					preflight	4610	GenericAsm	generic-asm-wave-reconvergence	StmtLoweringVisitor::visitIntrinsicAsmStmt -> IRGenericAsm; _validateNVVMFunction semantic resolution	direct NVVM lowering does not support Slang IR instruction or shape 'GenericAsm assembly=_waveSum($1.x, $0), signature=int(int, vector<uint,4>)'	preflight	4576	GenericAsm	generic-asm-wave-reconvergence	StmtLoweringVisitor::visitIntrinsicAsmStmt -> IRGenericAsm; _validateNVVMFunction semantic resolution	direct NVVM lowering does not support Slang IR instruction or shape 'GenericAsm assembly=_waveSum($1.x, $0), signature=int(int, vector<uint,4>)'	complete
hlsl-intrinsic/wave-prefix-bitwise.slang#cuda-1	hlsl-intrinsic/wave-prefix-bitwise.slang	cuda_sm_7_0	False	extension	advanced wave/quad operation outside the initial MVP	correct	4265					preflight	4172	GenericAsm	generic-asm-wave-reconvergence	StmtLoweringVisitor::visitIntrinsicAsmStmt -> IRGenericAsm; _validateNVVMFunction semantic resolution	direct NVVM lowering does not support Slang IR instruction or shape 'GenericAsm assembly=_wavePrefixAnd($1.x, $0) , signature=uint(uint, vector<uint,4>)'	preflight	4314	GenericAsm	generic-asm-wave-reconvergence	StmtLoweringVisitor::visitIntrinsicAsmStmt -> IRGenericAsm; _validateNVVMFunction semantic resolution	direct NVVM lowering does not support Slang IR instruction or shape 'GenericAsm assembly=_wavePrefixAnd($1.x, $0) , signature=uint(uint, vector<uint,4>)'	complete
hlsl-intrinsic/wave-prefix-count-bits.slang#cuda-1	hlsl-intrinsic/wave-prefix-count-bits.slang	cuda_sm_7_0	False	extension	advanced wave/quad operation outside the initial MVP	correct	4151					preflight	4027	intCast	ordinary-numeric-bit-operation	typed expression/intrinsic IR op -> _resolveNVVMValueOperation	direct NVVM lowering does not support Slang IR instruction or shape 'intCast'	preflight	4407	intCast	ordinary-numeric-bit-operation	typed expression/intrinsic IR op -> _resolveNVVMValueOperation	direct NVVM lowering does not support Slang IR instruction or shape 'intCast'	complete
hlsl-intrinsic/wave-prefix-min-max.slang#cuda-1	hlsl-intrinsic/wave-prefix-min-max.slang	cuda_sm_7_0	False	extension	advanced wave/quad operation outside the initial MVP	correct	4350					preflight	4163	GenericAsm	generic-asm-wave-reconvergence	StmtLoweringVisitor::visitIntrinsicAsmStmt -> IRGenericAsm; _validateNVVMFunction semantic resolution	direct NVVM lowering does not support Slang IR instruction or shape 'GenericAsm assembly=_wavePrefixExclusiveMin(($1).x, $0), signature=int(int, vector<uint,4>)'	preflight	4587	GenericAsm	generic-asm-wave-reconvergence	StmtLoweringVisitor::visitIntrinsicAsmStmt -> IRGenericAsm; _validateNVVMFunction semantic resolution	direct NVVM lowering does not support Slang IR instruction or shape 'GenericAsm assembly=_wavePrefixExclusiveMin(($1).x, $0), signature=int(int, vector<uint,4>)'	complete
hlsl-intrinsic/wave-prefix-product.slang#cuda-1	hlsl-intrinsic/wave-prefix-product.slang	cuda_sm_7_0	False	extension	advanced wave/quad operation outside the initial MVP	correct	4476					preflight	4416	GenericAsm	generic-asm-wave-reconvergence	StmtLoweringVisitor::visitIntrinsicAsmStmt -> IRGenericAsm; _validateNVVMFunction semantic resolution	direct NVVM lowering does not support Slang IR instruction or shape 'GenericAsm assembly=_wavePrefixProduct($1.x, $0) , signature=int(int, vector<uint,4>)'	preflight	4211	GenericAsm	generic-asm-wave-reconvergence	StmtLoweringVisitor::visitIntrinsicAsmStmt -> IRGenericAsm; _validateNVVMFunction semantic resolution	direct NVVM lowering does not support Slang IR instruction or shape 'GenericAsm assembly=_wavePrefixProduct($1.x, $0) , signature=int(int, vector<uint,4>)'	complete
hlsl-intrinsic/wave-prefix-sum.slang#cuda-1	hlsl-intrinsic/wave-prefix-sum.slang	cuda_sm_7_0	False	extension	advanced wave/quad operation outside the initial MVP	correct	4496					preflight	4384	GenericAsm	generic-asm-wave-reconvergence	StmtLoweringVisitor::visitIntrinsicAsmStmt -> IRGenericAsm; _validateNVVMFunction semantic resolution	direct NVVM lowering does not support Slang IR instruction or shape 'GenericAsm assembly=_wavePrefixSum($1.x, $0) , signature=int(int, vector<uint,4>)'	preflight	4227	GenericAsm	generic-asm-wave-reconvergence	StmtLoweringVisitor::visitIntrinsicAsmStmt -> IRGenericAsm; _validateNVVMFunction semantic resolution	direct NVVM lowering does not support Slang IR instruction or shape 'GenericAsm assembly=_wavePrefixSum($1.x, $0) , signature=int(int, vector<uint,4>)'	complete
hlsl-intrinsic/wave-read-lane-at-vk.slang#cuda-1	hlsl-intrinsic/wave-read-lane-at-vk.slang	cuda_sm_7_0	False	mvp		correct	4471					correct	4405					correct	4419					complete
hlsl-intrinsic/wave-read-lane-at.slang#cuda-1	hlsl-intrinsic/wave-read-lane-at.slang	cuda_sm_7_0	False	mvp		correct	4369					preflight	4191	GenericAsm	generic-asm-wave-reconvergence	StmtLoweringVisitor::visitIntrinsicAsmStmt -> IRGenericAsm; _validateNVVMFunction semantic resolution	direct NVVM lowering does not support Slang IR instruction or shape 'GenericAsm assembly=_waveShuffleMultiple(_getActiveMask(), $0, $1), signature=Void(array<vector<int,2>,2>, int, OutParam<array<vector<int,2>,2>>)'	preflight	4487	GenericAsm	generic-asm-wave-reconvergence	StmtLoweringVisitor::visitIntrinsicAsmStmt -> IRGenericAsm; _validateNVVMFunction semantic resolution	direct NVVM lowering does not support Slang IR instruction or shape 'GenericAsm assembly=_waveShuffleMultiple(_getActiveMask(), $0, $1), signature=Void(array<vector<int,2>,2>, int, OutParam<array<vector<int,2>,2>>)'	complete
hlsl-intrinsic/wave-rotate/wave-rotate-clustered.slang#cuda-1	hlsl-intrinsic/wave-rotate/wave-rotate-clustered.slang	cuda_sm_7_0	False	extension	advanced wave/quad operation outside the initial MVP	correct	4904					preflight	4410	GenericAsm	generic-asm-wave-reconvergence	StmtLoweringVisitor::visitIntrinsicAsmStmt -> IRGenericAsm; _validateNVVMFunction semantic resolution	direct NVVM lowering does not support Slang IR instruction or shape 'GenericAsm assembly=_slang_waveClusteredRotate($0, $1, $2), signature=float(float, uint, uint)'	preflight	4576	GenericAsm	generic-asm-wave-reconvergence	StmtLoweringVisitor::visitIntrinsicAsmStmt -> IRGenericAsm; _validateNVVMFunction semantic resolution	direct NVVM lowering does not support Slang IR instruction or shape 'GenericAsm assembly=_slang_waveClusteredRotate($0, $1, $2), signature=float(float, uint, uint)'	complete
hlsl-intrinsic/wave-rotate/wave-rotate.slang#cuda-1	hlsl-intrinsic/wave-rotate/wave-rotate.slang	cuda_sm_7_0	False	extension	advanced wave/quad operation outside the initial MVP	correct	6459					preflight	5840	GenericAsm	generic-asm-wave-reconvergence	StmtLoweringVisitor::visitIntrinsicAsmStmt -> IRGenericAsm; _validateNVVMFunction semantic resolution	direct NVVM lowering does not support Slang IR instruction or shape 'GenericAsm assembly=__shfl_sync(0xFFFFFFFF, $0, (_getLaneId() + $1) % 32), signature=float(float, uint)'	preflight	6122	GenericAsm	generic-asm-wave-reconvergence	StmtLoweringVisitor::visitIntrinsicAsmStmt -> IRGenericAsm; _validateNVVMFunction semantic resolution	direct NVVM lowering does not support Slang IR instruction or shape 'GenericAsm assembly=__shfl_sync(0xFFFFFFFF, $0, (_getLaneId() + $1) % 32), signature=float(float, uint)'	complete
hlsl-intrinsic/wave-shuffle-vk.slang#cuda-1	hlsl-intrinsic/wave-shuffle-vk.slang	cuda_sm_7_0	False	mvp		correct	4544					correct	4119					correct	4359					complete
hlsl-intrinsic/wave-vector.slang#cuda-1	hlsl-intrinsic/wave-vector.slang	cuda_sm_7_0	False	mvp		correct	4484					preflight	4079	GenericAsm	generic-asm-wave-reconvergence	StmtLoweringVisitor::visitIntrinsicAsmStmt -> IRGenericAsm; _validateNVVMFunction semantic resolution	direct NVVM lowering does not support Slang IR instruction or shape 'GenericAsm assembly=_waveSumMultiple($1.x, $0), signature=vector<int,2>(vector<int,2>, vector<uint,4>)'	preflight	4281	GenericAsm	generic-asm-wave-reconvergence	StmtLoweringVisitor::visitIntrinsicAsmStmt -> IRGenericAsm; _validateNVVMFunction semantic resolution	direct NVVM lowering does not support Slang IR instruction or shape 'GenericAsm assembly=_waveSumMultiple($1.x, $0), signature=vector<int,2>(vector<int,2>, vector<uint,4>)'	complete
hlsl-intrinsic/wave.slang#cuda-1	hlsl-intrinsic/wave.slang	cuda_sm_7_0	False	mvp		correct	4599					preflight	4302	GenericAsm	generic-asm-wave-reconvergence	StmtLoweringVisitor::visitIntrinsicAsmStmt -> IRGenericAsm; _validateNVVMFunction semantic resolution	direct NVVM lowering does not support Slang IR instruction or shape 'GenericAsm assembly=_waveSum($1.x, $0), signature=int(int, vector<uint,4>)'	preflight	4384	GenericAsm	generic-asm-wave-reconvergence	StmtLoweringVisitor::visitIntrinsicAsmStmt -> IRGenericAsm; _validateNVVMFunction semantic resolution	direct NVVM lowering does not support Slang IR instruction or shape 'GenericAsm assembly=_waveSum($1.x, $0), signature=int(int, vector<uint,4>)'	complete
hlsl/append-structured-buffer.slang#cuda-1	hlsl/append-structured-buffer.slang	cuda_sm_7_0	False	mvp		correct	4406					preflight	4314	helper function parameter	helper-abi-type-contract	post-specialization linked IRFunc signature -> _validateNVVMHelperTarget	direct NVVM lowering does not support Slang IR instruction or shape 'helper function parameter: AppendStructuredBuffer<int>'	preflight	4362	helper function parameter	helper-abi-type-contract	post-specialization linked IRFunc signature -> _validateNVVMHelperTarget	direct NVVM lowering does not support Slang IR instruction or shape 'helper function parameter: AppendStructuredBuffer<int>'	complete
hlsl/byte-buffer-load-std430.slang#cuda-1	hlsl/byte-buffer-load-std430.slang	cuda_sm_7_0	False	mvp		correct	4649					correct	4405					correct	4305					complete
hlsl/cbuffer-float3-offsets-aligned.slang#cuda-1	hlsl/cbuffer-float3-offsets-aligned.slang	cuda_sm_7_0	False	mvp		correct	4914					runtime-mismatch	4416		runtime-constant-buffer-layout	compiled PTX executed by the CUDA compare-compute harness	BUFFER-NEXT: expected string not found in input	runtime-mismatch	4319		runtime-constant-buffer-layout	compiled PTX executed by the CUDA compare-compute harness	BUFFER-NEXT: expected string not found in input	complete
hlsl/cbuffer-float3-offsets-unaligned.slang#cuda-1	hlsl/cbuffer-float3-offsets-unaligned.slang	cuda_sm_7_0	False	mvp		correct	4873					preflight	4473	struct field address	aggregate-pointer-layout-transport	canonical linked aggregate/pointer IR -> _validateNVVMFunction	direct NVVM lowering does not support Slang IR instruction or shape 'struct field address'	preflight	4329	struct field address	aggregate-pointer-layout-transport	canonical linked aggregate/pointer IR -> _validateNVVMFunction	direct NVVM lowering does not support Slang IR instruction or shape 'struct field address'	complete
hlsl/consume-structured-buffer.slang#cuda-1	hlsl/consume-structured-buffer.slang	cuda_sm_7_0	False	mvp		correct	4435					preflight	4262	helper function parameter	helper-abi-type-contract	post-specialization linked IRFunc signature -> _validateNVVMHelperTarget	direct NVVM lowering does not support Slang IR instruction or shape 'helper function parameter: ConsumeStructuredBuffer<float>'	preflight	4357	helper function parameter	helper-abi-type-contract	post-specialization linked IRFunc signature -> _validateNVVMHelperTarget	direct NVVM lowering does not support Slang IR instruction or shape 'helper function parameter: ConsumeStructuredBuffer<float>'	complete
hlsl/packoffset.slang#cuda-1	hlsl/packoffset.slang	cuda_sm_7_0	False	mvp		correct	4342					correct	4149					correct	4392					complete
language-feature/anyvalue-layout.slang#cuda-1	language-feature/anyvalue-layout.slang	cuda_sm_7_0	False	mvp		correct	4646					runtime-mismatch	4465		runtime-anyvalue-layout	compiled PTX executed by the CUDA compare-compute harness	Slang compilation aborted due to an exception of class Slang::InternalError unexpected: Unsupported value size	runtime-mismatch	4282		runtime-anyvalue-layout	compiled PTX executed by the CUDA compare-compute harness	Slang compilation aborted due to an exception of class Slang::InternalError unexpected: Unsupported value size	complete
language-feature/atomic-t/atomic-0.slang#cuda-1	language-feature/atomic-t/atomic-0.slang	cuda_sm_7_0	False	mvp		correct	4542					preflight	4284	struct field address	aggregate-pointer-layout-transport	canonical linked aggregate/pointer IR -> _validateNVVMFunction	direct NVVM lowering does not support Slang IR instruction or shape 'struct field address'	preflight	4329	struct field address	aggregate-pointer-layout-transport	canonical linked aggregate/pointer IR -> _validateNVVMFunction	direct NVVM lowering does not support Slang IR instruction or shape 'struct field address'	complete
language-feature/atomic-t/atomic-1.slang#cuda-1	language-feature/atomic-t/atomic-1.slang	cuda_sm_7_0	False	mvp		correct	4499					preflight	4329	struct field address	aggregate-pointer-layout-transport	canonical linked aggregate/pointer IR -> _validateNVVMFunction	direct NVVM lowering does not support Slang IR instruction or shape 'struct field address'	preflight	4520	struct field address	aggregate-pointer-layout-transport	canonical linked aggregate/pointer IR -> _validateNVVMFunction	direct NVVM lowering does not support Slang IR instruction or shape 'struct field address'	complete
language-feature/atomic-t/atomic-2.slang#cuda-1	language-feature/atomic-t/atomic-2.slang	cuda_sm_7_0	False	mvp		correct	4315					preflight	4330	atomicStore	atomic-wave-operation	atomic/wave legalization IR op -> _validateNVVMFunction	direct NVVM lowering does not support Slang IR instruction or shape 'atomicStore'	preflight	4413	atomicStore	atomic-wave-operation	atomic/wave legalization IR op -> _validateNVVMFunction	direct NVVM lowering does not support Slang IR instruction or shape 'atomicStore'	complete
language-feature/bit-cast/struct-bit-cast-2.slang#cuda-1	language-feature/bit-cast/struct-bit-cast-2.slang	cuda_sm_7_0	False	mvp		correct	4356					correct	4259					correct	4214					complete
language-feature/bit-cast/struct-reinterpret.slang#cuda-1	language-feature/bit-cast/struct-reinterpret.slang	cuda_sm_7_0	False	mvp		correct	4389					preflight	4097	bitfieldInsert	ordinary-numeric-bit-operation	typed expression/intrinsic IR op -> _resolveNVVMValueOperation	direct NVVM lowering does not support Slang IR instruction or shape 'bitfieldInsert'	preflight	4316	bitfieldInsert	ordinary-numeric-bit-operation	typed expression/intrinsic IR op -> _resolveNVVMValueOperation	direct NVVM lowering does not support Slang IR instruction or shape 'bitfieldInsert'	complete
language-feature/bitfield/bitfield-extract.slang#cuda-1	language-feature/bitfield/bitfield-extract.slang	cuda_sm_7_0	False	mvp		correct	4572					preflight	4373	bitfieldExtract	ordinary-numeric-bit-operation	typed expression/intrinsic IR op -> _resolveNVVMValueOperation	direct NVVM lowering does not support Slang IR instruction or shape 'bitfieldExtract'	preflight	4406	bitfieldExtract	ordinary-numeric-bit-operation	typed expression/intrinsic IR op -> _resolveNVVMValueOperation	direct NVVM lowering does not support Slang IR instruction or shape 'bitfieldExtract'	complete
language-feature/bitfield/bitfield-insert.slang#cuda-1	language-feature/bitfield/bitfield-insert.slang	cuda_sm_7_0	False	mvp		correct	4608					preflight	4379	bitfieldInsert	ordinary-numeric-bit-operation	typed expression/intrinsic IR op -> _resolveNVVMValueOperation	direct NVVM lowering does not support Slang IR instruction or shape 'bitfieldInsert'	preflight	4429	bitfieldInsert	ordinary-numeric-bit-operation	typed expression/intrinsic IR op -> _resolveNVVMValueOperation	direct NVVM lowering does not support Slang IR instruction or shape 'bitfieldInsert'	complete
language-feature/constants/float-as-int-types.slang#cuda-1	language-feature/constants/float-as-int-types.slang	cuda_sm_7_0	False	mvp		correct	4420					correct	4510					correct	4473					complete
language-feature/constants/float-as-int.slang#cuda-1	language-feature/constants/float-as-int.slang	cuda_sm_7_0	False	mvp		correct	4600					correct	4464					correct	4229					complete
language-feature/conversions/conversion-to-bool.slang#cuda-1	language-feature/conversions/conversion-to-bool.slang	cuda_sm_7_0	False	mvp		correct	4788					preflight	4430	intCast	ordinary-numeric-bit-operation	typed expression/intrinsic IR op -> _resolveNVVMValueOperation	direct NVVM lowering does not support Slang IR instruction or shape 'intCast'	preflight	4459	intCast	ordinary-numeric-bit-operation	typed expression/intrinsic IR op -> _resolveNVVMValueOperation	direct NVVM lowering does not support Slang IR instruction or shape 'intCast'	complete
language-feature/conversions/conversion-to-double.slang#cuda-1	language-feature/conversions/conversion-to-double.slang	cuda_sm_7_0	False	mvp		correct	4747					correct	4711					correct	4566					complete
language-feature/conversions/conversion-to-float.slang#cuda-1	language-feature/conversions/conversion-to-float.slang	cuda_sm_7_0	False	mvp		correct	4551					correct	4655					correct	4339					complete
language-feature/conversions/conversion-to-half.slang#cuda-1	language-feature/conversions/conversion-to-half.slang	cuda_sm_7_0	False	mvp		correct	4556					correct	4684					correct	4504					complete
language-feature/conversions/conversion-to-int16.slang#cuda-1	language-feature/conversions/conversion-to-int16.slang	cuda_sm_7_0	False	mvp		correct	4773					correct	4493					correct	4621					complete
language-feature/conversions/conversion-to-int32.slang#cuda-1	language-feature/conversions/conversion-to-int32.slang	cuda_sm_7_0	False	mvp		correct	4786					correct	4548					correct	4865					complete
language-feature/conversions/conversion-to-int64.slang#cuda-1	language-feature/conversions/conversion-to-int64.slang	cuda_sm_7_0	False	mvp		correct	4588					correct	4660					correct	4792					complete
language-feature/conversions/conversion-to-int8.slang#cuda-1	language-feature/conversions/conversion-to-int8.slang	cuda_sm_7_0	False	mvp		correct	4655					correct	4506					correct	4413					complete
language-feature/conversions/conversion-to-uint16.slang#cuda-1	language-feature/conversions/conversion-to-uint16.slang	cuda_sm_7_0	False	mvp		correct	4754					correct	4316					correct	4467					complete
language-feature/conversions/conversion-to-uint32.slang#cuda-1	language-feature/conversions/conversion-to-uint32.slang	cuda_sm_7_0	False	mvp		correct	4861					correct	4632					correct	4592					complete
language-feature/conversions/conversion-to-uint64.slang#cuda-1	language-feature/conversions/conversion-to-uint64.slang	cuda_sm_7_0	False	mvp		correct	4809					correct	4641					correct	4473					complete
language-feature/conversions/conversion-to-uint8.slang#cuda-1	language-feature/conversions/conversion-to-uint8.slang	cuda_sm_7_0	False	mvp		correct	4721					correct	4512					correct	4341					complete
language-feature/dynamic-dispatch/assoc-type-dynamic-dispatch.slang#cuda-1	language-feature/dynamic-dispatch/assoc-type-dynamic-dispatch.slang	cuda_sm_7_0	False	mvp		correct	4557					correct	4285					correct	4394					complete
language-feature/dynamic-dispatch/assoc-type-explicit-annotation.slang#cuda-1	language-feature/dynamic-dispatch/assoc-type-explicit-annotation.slang	cuda_sm_7_0	False	mvp		correct	4533					correct	4335					correct	4781					complete
language-feature/dynamic-dispatch/assoc-type-interface-type-explicit.slang#cuda-1	language-feature/dynamic-dispatch/assoc-type-interface-type-explicit.slang	cuda_sm_7_0	False	mvp		correct	4483					correct	4454					correct	4723					complete
language-feature/dynamic-dispatch/assoc-type-interface-type-inline.slang#cuda-1	language-feature/dynamic-dispatch/assoc-type-interface-type-inline.slang	cuda_sm_7_0	False	mvp		correct	4406					correct	4383					correct	4587					complete
language-feature/dynamic-dispatch/assoc-type-interface-type.slang#cuda-1	language-feature/dynamic-dispatch/assoc-type-interface-type.slang	cuda_sm_7_0	False	mvp		correct	4433					correct	4230					correct	4152					complete
language-feature/dynamic-dispatch/assoc-type-mutating-method.slang#cuda-1	language-feature/dynamic-dispatch/assoc-type-mutating-method.slang	cuda_sm_7_0	False	mvp		correct	4824					correct	4420					correct	4213					complete
language-feature/dynamic-dispatch/buffer-address-ref.slang#cuda-1	language-feature/dynamic-dispatch/buffer-address-ref.slang	cuda_sm_7_0	False	mvp		correct	4780					correct	4509					correct	4541					complete
language-feature/dynamic-dispatch/buffer-interface-array-field.slang#cuda-1	language-feature/dynamic-dispatch/buffer-interface-array-field.slang	cuda_sm_7_0	False	mvp		correct	4605					correct	4423					correct	4662					complete
language-feature/dynamic-dispatch/buffer-interface-multi-element.slang#cuda-1	language-feature/dynamic-dispatch/buffer-interface-multi-element.slang	cuda_sm_7_0	False	mvp		correct	4609					correct	4278					correct	4322					complete
language-feature/dynamic-dispatch/buffer-struct-with-interface-field.slang#cuda-1	language-feature/dynamic-dispatch/buffer-struct-with-interface-field.slang	cuda_sm_7_0	False	mvp		correct	4724					preflight	4152	function name	function-identity	post-specialization linked IRFunc -> _collectNVVMFunctionNames	direct NVVM lowering does not support Slang IR instruction or shape 'function name'	preflight	4544	function name	function-identity	post-specialization linked IRFunc -> _collectNVVMFunctionNames	direct NVVM lowering does not support Slang IR instruction or shape 'function name'	complete
language-feature/dynamic-dispatch/distinct-type-dispatch.slang#cuda-1	language-feature/dynamic-dispatch/distinct-type-dispatch.slang	cuda_sm_7_0	False	mvp		correct	4596					correct	4528					correct	4861					complete
language-feature/dynamic-dispatch/dynamic-dispatch-params.slang#cuda-1	language-feature/dynamic-dispatch/dynamic-dispatch-params.slang	cuda_sm_7_0	False	mvp		correct	4687					correct	4399					correct	4702					complete
language-feature/dynamic-dispatch/generic-interface-10.slang#cuda-1	language-feature/dynamic-dispatch/generic-interface-10.slang	cuda_sm_7_0	False	mvp		correct	4565					correct	4261					correct	4608					complete
language-feature/dynamic-dispatch/generic-interface-4.slang#cuda-1	language-feature/dynamic-dispatch/generic-interface-4.slang	cuda_sm_7_0	False	mvp		correct	4744					correct	4458					correct	4346					complete
language-feature/dynamic-dispatch/generic-interface-5.slang#cuda-1	language-feature/dynamic-dispatch/generic-interface-5.slang	cuda_sm_7_0	False	mvp		correct	4732					correct	4669					correct	4354					complete
language-feature/dynamic-dispatch/generic-interface-6.slang#cuda-1	language-feature/dynamic-dispatch/generic-interface-6.slang	cuda_sm_7_0	False	mvp		correct	4620					correct	4661					correct	4752					complete
language-feature/dynamic-dispatch/generic-interface-7.slang#cuda-1	language-feature/dynamic-dispatch/generic-interface-7.slang	cuda_sm_7_0	False	mvp		correct	4551					correct	4593					correct	4529					complete
language-feature/dynamic-dispatch/generic-interface-8.slang#cuda-1	language-feature/dynamic-dispatch/generic-interface-8.slang	cuda_sm_7_0	False	mvp		correct	4396					correct	4521					correct	4239					complete
language-feature/dynamic-dispatch/generic-interface-9.slang#cuda-1	language-feature/dynamic-dispatch/generic-interface-9.slang	cuda_sm_7_0	False	mvp		correct	4484					correct	4655					correct	4614					complete
language-feature/dynamic-dispatch/generic-interface-dynamic-param.slang#cuda-1	language-feature/dynamic-dispatch/generic-interface-dynamic-param.slang	cuda_sm_7_0	False	mvp		correct	4591					provider	4288		provider-aggregate-field-pointer	canonical by-value aggregate field address -> provider field-pointer operation	LLVM 14 NVVM IR builder operation 'by-value aggregate field pointer' failed with result -2147024809	provider	4550		provider-aggregate-field-pointer	canonical by-value aggregate field address -> provider field-pointer operation	LLVM 14 NVVM IR builder operation 'by-value aggregate field pointer' failed with result -2147024809	complete
language-feature/dynamic-dispatch/generic-interface-inherit.slang#cuda-1	language-feature/dynamic-dispatch/generic-interface-inherit.slang	cuda_sm_7_0	False	mvp		correct	4451					correct	4475					correct	4518					complete
language-feature/dynamic-dispatch/generic-interface-multi-conform.slang#cuda-1	language-feature/dynamic-dispatch/generic-interface-multi-conform.slang	cuda_sm_7_0	False	mvp		correct	4665					provider	4100		provider-aggregate-field-pointer	canonical by-value aggregate field address -> provider field-pointer operation	LLVM 14 NVVM IR builder operation 'by-value aggregate field pointer' failed with result -2147024809	provider	4496		provider-aggregate-field-pointer	canonical by-value aggregate field address -> provider field-pointer operation	LLVM 14 NVVM IR builder operation 'by-value aggregate field pointer' failed with result -2147024809	complete
language-feature/dynamic-dispatch/generic-interface-nested.slang#cuda-1	language-feature/dynamic-dispatch/generic-interface-nested.slang	cuda_sm_7_0	False	mvp		correct	4586					preflight	4648	function name	function-identity	post-specialization linked IRFunc -> _collectNVVMFunctionNames	direct NVVM lowering does not support Slang IR instruction or shape 'function name'	preflight	3991	function name	function-identity	post-specialization linked IRFunc -> _collectNVVMFunctionNames	direct NVVM lowering does not support Slang IR instruction or shape 'function name'	complete
language-feature/dynamic-dispatch/generic-method-constrained.slang#cuda-1	language-feature/dynamic-dispatch/generic-method-constrained.slang	cuda_sm_7_0	False	mvp		correct	4605					correct	4588					correct	4797					complete
language-feature/dynamic-dispatch/generic-method-dispatch.slang#cuda-1	language-feature/dynamic-dispatch/generic-method-dispatch.slang	cuda_sm_7_0	False	mvp		correct	4708					correct	4644					correct	4758					complete
language-feature/dynamic-dispatch/generic-method-with-interface-arg.slang#cuda-1	language-feature/dynamic-dispatch/generic-method-with-interface-arg.slang	cuda_sm_7_0	False	mvp		correct	4448					correct	4622					correct	4068					complete
language-feature/dynamic-dispatch/generic-struct-with-interface-field.slang#cuda-1	language-feature/dynamic-dispatch/generic-struct-with-interface-field.slang	cuda_sm_7_0	False	mvp		correct	4663					correct	4250					correct	4464					complete
language-feature/dynamic-dispatch/global-interface-param-compute-mono.slang#cuda-1	language-feature/dynamic-dispatch/global-interface-param-compute-mono.slang	cuda_sm_7_0	False	mvp		correct	4785					correct	4325					correct	4656					complete
language-feature/dynamic-dispatch/global-interface-param-compute.slang#cuda-1	language-feature/dynamic-dispatch/global-interface-param-compute.slang	cuda_sm_7_0	False	mvp		correct	4518					correct	4531					correct	4701					complete
language-feature/dynamic-dispatch/groupshared-struct-with-interface.slang#cuda-1	language-feature/dynamic-dispatch/groupshared-struct-with-interface.slang	cuda_sm_7_0	False	mvp		correct	4639					preflight	4255	struct field address	aggregate-pointer-layout-transport	canonical linked aggregate/pointer IR -> _validateNVVMFunction	direct NVVM lowering does not support Slang IR instruction or shape 'struct field address'	preflight	4610	struct field address	aggregate-pointer-layout-transport	canonical linked aggregate/pointer IR -> _validateNVVMFunction	direct NVVM lowering does not support Slang IR instruction or shape 'struct field address'	complete
language-feature/dynamic-dispatch/impl-concrete-ptr-field.slang#cuda-1	language-feature/dynamic-dispatch/impl-concrete-ptr-field.slang	cuda_sm_7_0	False	mvp		correct	4737					correct	4531					correct	4380					complete
language-feature/dynamic-dispatch/impl-interface-ptr-field-deref.slang#cuda-1	language-feature/dynamic-dispatch/impl-interface-ptr-field-deref.slang	cuda_sm_7_0	False	mvp		correct	4648					correct	4522					correct	4613					complete
language-feature/dynamic-dispatch/impl-multiple-ptr-fields.slang#cuda-1	language-feature/dynamic-dispatch/impl-multiple-ptr-fields.slang	cuda_sm_7_0	False	mvp		correct	4671					correct	4596					correct	4803					complete
language-feature/dynamic-dispatch/impl-ptr-field-anyvaluesize.slang#cuda-1	language-feature/dynamic-dispatch/impl-ptr-field-anyvaluesize.slang	cuda_sm_7_0	False	mvp		correct	4565					correct	4774					correct	4562					complete
language-feature/dynamic-dispatch/impl-ptr-field-deref-after-dispatch.slang#cuda-1	language-feature/dynamic-dispatch/impl-ptr-field-deref-after-dispatch.slang	cuda_sm_7_0	False	mvp		correct	4624					correct	4524					correct	4158					complete
language-feature/dynamic-dispatch/impl-ptr-field-mutating.slang#cuda-1	language-feature/dynamic-dispatch/impl-ptr-field-mutating.slang	cuda_sm_7_0	False	mvp		correct	4504					correct	4257					correct	4356					complete
language-feature/dynamic-dispatch/interface-ptr-deref-via-buffer-address.slang#cuda-1	language-feature/dynamic-dispatch/interface-ptr-deref-via-buffer-address.slang	cuda_sm_7_0	False	mvp		correct	4508					correct	4283					correct	4670					complete
language-feature/dynamic-dispatch/interface-ptr-in-impl.slang#cuda-1	language-feature/dynamic-dispatch/interface-ptr-in-impl.slang	cuda_sm_7_0	False	mvp		correct	4395					correct	4546					correct	4755					complete
language-feature/dynamic-dispatch/layout-16bit-vectors.slang#cuda-1	language-feature/dynamic-dispatch/layout-16bit-vectors.slang	cuda_sm_7_0	False	mvp		correct	4721					correct	4490					correct	4749					complete
language-feature/dynamic-dispatch/layout-64bit-scalar.slang#cuda-1	language-feature/dynamic-dispatch/layout-64bit-scalar.slang	cuda_sm_7_0	False	mvp		correct	4718					preflight	4164	makeUInt64	preflight-other	canonical linked IR -> _validateNVVMFunction	direct NVVM lowering does not support Slang IR instruction or shape 'makeUInt64'	preflight	4506	makeUInt64	preflight-other	canonical linked IR -> _validateNVVMFunction	direct NVVM lowering does not support Slang IR instruction or shape 'makeUInt64'	complete
language-feature/dynamic-dispatch/layout-64bit-vector.slang#cuda-1	language-feature/dynamic-dispatch/layout-64bit-vector.slang	cuda_sm_7_0	False	mvp		correct	4631					preflight	4345	makeUInt64	preflight-other	canonical linked IR -> _validateNVVMFunction	direct NVVM lowering does not support Slang IR instruction or shape 'makeUInt64'	preflight	4502	makeUInt64	preflight-other	canonical linked IR -> _validateNVVMFunction	direct NVVM lowering does not support Slang IR instruction or shape 'makeUInt64'	complete
language-feature/dynamic-dispatch/layout-8bit-vectors.slang#cuda-1	language-feature/dynamic-dispatch/layout-8bit-vectors.slang	cuda_sm_7_0	False	mvp		correct	4585					preflight	4463	bitfieldInsert	ordinary-numeric-bit-operation	typed expression/intrinsic IR op -> _resolveNVVMValueOperation	direct NVVM lowering does not support Slang IR instruction or shape 'bitfieldInsert'	preflight	4571	bitfieldInsert	ordinary-numeric-bit-operation	typed expression/intrinsic IR op -> _resolveNVVMValueOperation	direct NVVM lowering does not support Slang IR instruction or shape 'bitfieldInsert'	complete
language-feature/dynamic-dispatch/layout-array-2d.slang#cuda-1	language-feature/dynamic-dispatch/layout-array-2d.slang	cuda_sm_7_0	False	mvp		correct	4743					correct	4569					correct	4342					complete
language-feature/dynamic-dispatch/layout-array-field.slang#cuda-1	language-feature/dynamic-dispatch/layout-array-field.slang	cuda_sm_7_0	False	mvp		correct	4597					correct	4449					correct	4128					complete
language-feature/dynamic-dispatch/layout-array-of-structs.slang#cuda-1	language-feature/dynamic-dispatch/layout-array-of-structs.slang	cuda_sm_7_0	False	mvp		correct	4682					correct	4241					correct	4680					complete
language-feature/dynamic-dispatch/layout-array-of-vectors.slang#cuda-1	language-feature/dynamic-dispatch/layout-array-of-vectors.slang	cuda_sm_7_0	False	mvp		correct	4393					correct	4435					correct	4726					complete
language-feature/dynamic-dispatch/layout-conditional-field.slang#cuda-1	language-feature/dynamic-dispatch/layout-conditional-field.slang	cuda_sm_7_0	False	mvp		correct	4936					correct	4308					correct	4847					complete
language-feature/dynamic-dispatch/layout-conditional-zero-size.slang#cuda-1	language-feature/dynamic-dispatch/layout-conditional-zero-size.slang	cuda_sm_7_0	False	mvp		correct	4622					correct	4406					correct	4792					complete
language-feature/dynamic-dispatch/layout-descriptor-handle-array.slang#cuda-1	language-feature/dynamic-dispatch/layout-descriptor-handle-array.slang	cuda_sm_7_0	False	mvp		correct	4692					runtime-mismatch	4226		runtime-descriptor-handle-layout	compiled PTX executed by the CUDA compare-compute harness	Slang compilation aborted due to an exception of class Slang::InternalError unexpected: Unsupported value size	runtime-mismatch	4586		runtime-descriptor-handle-layout	compiled PTX executed by the CUDA compare-compute harness	Slang compilation aborted due to an exception of class Slang::InternalError unexpected: Unsupported value size	complete
language-feature/dynamic-dispatch/layout-descriptor-handle-dispatch.slang#cuda-1	language-feature/dynamic-dispatch/layout-descriptor-handle-dispatch.slang	cuda_sm_7_0	False	mvp		correct	4546					runtime-mismatch	4351		runtime-descriptor-handle-layout	compiled PTX executed by the CUDA compare-compute harness	Slang compilation aborted due to an exception of class Slang::InternalError unexpected: Unsupported value size	runtime-mismatch	4542		runtime-descriptor-handle-layout	compiled PTX executed by the CUDA compare-compute harness	Slang compilation aborted due to an exception of class Slang::InternalError unexpected: Unsupported value size	complete
language-feature/dynamic-dispatch/layout-descriptor-handle-multi.slang#cuda-1	language-feature/dynamic-dispatch/layout-descriptor-handle-multi.slang	cuda_sm_7_0	False	mvp		correct	4713					runtime-mismatch	4478		runtime-descriptor-handle-layout	compiled PTX executed by the CUDA compare-compute harness	Slang compilation aborted due to an exception of class Slang::InternalError unexpected: Unsupported value size	runtime-mismatch	4442		runtime-descriptor-handle-layout	compiled PTX executed by the CUDA compare-compute harness	Slang compilation aborted due to an exception of class Slang::InternalError unexpected: Unsupported value size	complete
language-feature/dynamic-dispatch/layout-empty-tuple-field.slang#cuda-1	language-feature/dynamic-dispatch/layout-empty-tuple-field.slang	cuda_sm_7_0	False	mvp		correct	4609					correct	4640					correct	4453					complete
language-feature/dynamic-dispatch/layout-enum-field.slang#cuda-1	language-feature/dynamic-dispatch/layout-enum-field.slang	cuda_sm_7_0	False	mvp		correct	4578					correct	4379					correct	4474					complete
language-feature/dynamic-dispatch/layout-enum-return.slang#cuda-1	language-feature/dynamic-dispatch/layout-enum-return.slang	cuda_sm_7_0	False	mvp		correct	4428					correct	4391					correct	4781					complete
language-feature/dynamic-dispatch/layout-enum-underlying-types.slang#cuda-1	language-feature/dynamic-dispatch/layout-enum-underlying-types.slang	cuda_sm_7_0	False	mvp		correct	4676					preflight	4228	bitfieldInsert	ordinary-numeric-bit-operation	typed expression/intrinsic IR op -> _resolveNVVMValueOperation	direct NVVM lowering does not support Slang IR instruction or shape 'bitfieldInsert'	preflight	4562	bitfieldInsert	ordinary-numeric-bit-operation	typed expression/intrinsic IR op -> _resolveNVVMValueOperation	direct NVVM lowering does not support Slang IR instruction or shape 'bitfieldInsert'	complete
language-feature/dynamic-dispatch/layout-matrix-field.slang#cuda-1	language-feature/dynamic-dispatch/layout-matrix-field.slang	cuda_sm_7_0	False	mvp		correct	5009					correct	4260					correct	5485					complete
language-feature/dynamic-dispatch/layout-mixed-bitwidths.slang#cuda-1	language-feature/dynamic-dispatch/layout-mixed-bitwidths.slang	cuda_sm_7_0	False	mvp		correct	5023					preflight	4148	bitfieldInsert	ordinary-numeric-bit-operation	typed expression/intrinsic IR op -> _resolveNVVMValueOperation	direct NVVM lowering does not support Slang IR instruction or shape 'bitfieldInsert'	preflight	5128	bitfieldInsert	ordinary-numeric-bit-operation	typed expression/intrinsic IR op -> _resolveNVVMValueOperation	direct NVVM lowering does not support Slang IR instruction or shape 'bitfieldInsert'	complete
language-feature/dynamic-dispatch/layout-nested-tuple-field.slang#cuda-1	language-feature/dynamic-dispatch/layout-nested-tuple-field.slang	cuda_sm_7_0	False	mvp		correct	4888					correct	4370					correct	5058					complete
language-feature/dynamic-dispatch/layout-optional-field.slang#cuda-1	language-feature/dynamic-dispatch/layout-optional-field.slang	cuda_sm_7_0	False	mvp		correct	4582					correct	4475					correct	4970					complete
language-feature/dynamic-dispatch/layout-tuple-field.slang#cuda-1	language-feature/dynamic-dispatch/layout-tuple-field.slang	cuda_sm_7_0	False	mvp		correct	4681					correct	4512					correct	4781					complete
language-feature/dynamic-dispatch/layout-vector-field.slang#cuda-1	language-feature/dynamic-dispatch/layout-vector-field.slang	cuda_sm_7_0	False	mvp		correct	4832					correct	4423					correct	4264					complete
language-feature/dynamic-dispatch/layout-vector-matrix-mixed.slang#cuda-1	language-feature/dynamic-dispatch/layout-vector-matrix-mixed.slang	cuda_sm_7_0	False	mvp		correct	4584					correct	4361					correct	4733					complete
language-feature/dynamic-dispatch/mutating-dispatch.slang#cuda-1	language-feature/dynamic-dispatch/mutating-dispatch.slang	cuda_sm_7_0	False	mvp		correct	4723					correct	4489					correct	5087					complete
language-feature/dynamic-dispatch/nested-existential-dynamic-dispatch.slang#cuda-1	language-feature/dynamic-dispatch/nested-existential-dynamic-dispatch.slang	cuda_sm_7_0	False	mvp		correct	4721					correct	4313					correct	4866					complete
language-feature/dynamic-dispatch/optional-downcast-struct-with-interface-field.slang#cuda-1	language-feature/dynamic-dispatch/optional-downcast-struct-with-interface-field.slang	cuda_sm_7_0	False	mvp		correct	4716					correct	4492					correct	4700					complete
language-feature/dynamic-dispatch/optional-single-concrete-layout.slang#cuda-1	language-feature/dynamic-dispatch/optional-single-concrete-layout.slang	cuda_sm_7_0	False	mvp		correct	4665					preflight	4172	helper function result type	helper-abi-type-contract	post-specialization linked IRFunc signature -> _validateNVVMHelperTarget	direct NVVM lowering does not support Slang IR instruction or shape 'helper function result type: Tuple'	preflight	4799	helper function result type	helper-abi-type-contract	post-specialization linked IRFunc signature -> _validateNVVMHelperTarget	direct NVVM lowering does not support Slang IR instruction or shape 'helper function result type: Tuple'	complete
language-feature/dynamic-dispatch/optional-single-concrete-widen.slang#cuda-1	language-feature/dynamic-dispatch/optional-single-concrete-widen.slang	cuda_sm_7_0	False	mvp		correct	4385					correct	4300					correct	5063					complete
language-feature/dynamic-dispatch/ptr-to-interface-array.slang#cuda-1	language-feature/dynamic-dispatch/ptr-to-interface-array.slang	cuda_sm_7_0	False	mvp		correct	4669					correct	4407					correct	5141					complete
language-feature/dynamic-dispatch/ptr-to-interface-cast.slang#cuda-1	language-feature/dynamic-dispatch/ptr-to-interface-cast.slang	cuda_sm_7_0	False	mvp		correct	4525					correct	4488					correct	4463					complete
language-feature/dynamic-dispatch/ptr-to-interface-deref.slang#cuda-1	language-feature/dynamic-dispatch/ptr-to-interface-deref.slang	cuda_sm_7_0	False	mvp		correct	4579					correct	4402					correct	4191					complete
language-feature/dynamic-dispatch/ptr-to-interface-param.slang#cuda-1	language-feature/dynamic-dispatch/ptr-to-interface-param.slang	cuda_sm_7_0	False	mvp		correct	4598					correct	4584					correct	4616					complete
language-feature/dynamic-dispatch/return-interface-from-dispatch.slang#cuda-1	language-feature/dynamic-dispatch/return-interface-from-dispatch.slang	cuda_sm_7_0	False	mvp		correct	4610					preflight	4365	device scalar pointer	preflight-other	canonical linked IR -> _validateNVVMFunction	direct NVVM lowering does not support Slang IR instruction or shape 'device scalar pointer'	preflight	4194	device scalar pointer	preflight-other	canonical linked IR -> _validateNVVMFunction	direct NVVM lowering does not support Slang IR instruction or shape 'device scalar pointer'	complete
language-feature/dynamic-dispatch/return-interface-tuple-limitation.slang#cuda-1	language-feature/dynamic-dispatch/return-interface-tuple-limitation.slang	cuda_sm_7_0	False	mvp		correct	4832					correct	4378					correct	4340					complete
language-feature/dynamic-dispatch/rwstructuredbuffer-interface-readwrite.slang#cuda-1	language-feature/dynamic-dispatch/rwstructuredbuffer-interface-readwrite.slang	cuda_sm_7_0	False	mvp		correct	4718					correct	4287					correct	4494					complete
language-feature/dynamic-dispatch/special-members-dispatch.slang#cuda-1	language-feature/dynamic-dispatch/special-members-dispatch.slang	cuda_sm_7_0	False	mvp		correct	4289					correct	4289					correct	4601					complete
language-feature/dynamic-dispatch/special-members-generic-subscript.slang#cuda-1	language-feature/dynamic-dispatch/special-members-generic-subscript.slang	cuda_sm_7_0	False	mvp		correct	4526					correct	4373					correct	4515					complete
language-feature/dynamic-dispatch/special-members-setter.slang#cuda-1	language-feature/dynamic-dispatch/special-members-setter.slang	cuda_sm_7_0	False	mvp		correct	4620					preflight	4357	DebugNoScope	residual-target-marker-or-undefined-value	named upstream IR producer -> _validateNVVMFunction default rejection	direct NVVM lowering does not support Slang IR instruction or shape 'DebugNoScope'	preflight	4430	DebugNoScope	residual-target-marker-or-undefined-value	named upstream IR producer -> _validateNVVMFunction default rejection	direct NVVM lowering does not support Slang IR instruction or shape 'DebugNoScope'	complete
language-feature/dynamic-dispatch/stateless-dynamic-object.slang#cuda-1	language-feature/dynamic-dispatch/stateless-dynamic-object.slang	cuda_sm_7_0	False	mvp		correct	4591					correct	4306					correct	4209					complete
language-feature/dynamic-dispatch/static-method-dispatch.slang#cuda-1	language-feature/dynamic-dispatch/static-method-dispatch.slang	cuda_sm_7_0	False	mvp		correct	4414					preflight	4355	function name	function-identity	post-specialization linked IRFunc -> _collectNVVMFunctionNames	direct NVVM lowering does not support Slang IR instruction or shape 'function name'	preflight	4381	function name	function-identity	post-specialization linked IRFunc -> _collectNVVMFunctionNames	direct NVVM lowering does not support Slang IR instruction or shape 'function name'	complete
language-feature/dynamic-dispatch/structuredbuffer-interface-read.slang#cuda-1	language-feature/dynamic-dispatch/structuredbuffer-interface-read.slang	cuda_sm_7_0	False	mvp		correct	4583					correct	4562					correct	4150					complete
language-feature/dynamic-dispatch/tagged-union-lowering-runtime.slang#cuda-1	language-feature/dynamic-dispatch/tagged-union-lowering-runtime.slang	cuda_sm_7_0	False	mvp		correct	4577					correct	4377					correct	4230					complete
language-feature/dynamic-dispatch/this-return-chained.slang#cuda-1	language-feature/dynamic-dispatch/this-return-chained.slang	cuda_sm_7_0	False	mvp		correct	4657					preflight	4272	function name	function-identity	post-specialization linked IRFunc -> _collectNVVMFunctionNames	direct NVVM lowering does not support Slang IR instruction or shape 'function name'	preflight	4310	function name	function-identity	post-specialization linked IRFunc -> _collectNVVMFunctionNames	direct NVVM lowering does not support Slang IR instruction or shape 'function name'	complete
language-feature/execution-model/atomic-interlocked-functional.slang#cuda-1	language-feature/execution-model/atomic-interlocked-functional.slang	cuda_sm_7_0	False	mvp		correct	4401					correct	4221					correct	4501					complete
language-feature/execution-model/compute-numthreads-functional.slang#cuda-1	language-feature/execution-model/compute-numthreads-functional.slang	cuda_sm_7_0	False	mvp		correct	4328					correct	4151					correct	4711					complete
language-feature/execution-model/compute-system-values-comprehensive.slang#cuda-1	language-feature/execution-model/compute-system-values-comprehensive.slang	cuda_sm_7_0	False	mvp		correct	4583					correct	4319					correct	4665					complete
language-feature/execution-model/early-return-wave-op-functional.slang#cuda-1	language-feature/execution-model/early-return-wave-op-functional.slang	cuda_sm_7_0	False	mvp		correct	4617					preflight	4273	GenericAsm	generic-asm-wave-reconvergence	StmtLoweringVisitor::visitIntrinsicAsmStmt -> IRGenericAsm; _validateNVVMFunction semantic resolution	direct NVVM lowering does not support Slang IR instruction or shape 'GenericAsm assembly=_waveMin($1.x, $0), signature=int(int, vector<uint,4>)'	preflight	4323	GenericAsm	generic-asm-wave-reconvergence	StmtLoweringVisitor::visitIntrinsicAsmStmt -> IRGenericAsm; _validateNVVMFunction semantic resolution	direct NVVM lowering does not support Slang IR instruction or shape 'GenericAsm assembly=_waveMin($1.x, $0), signature=int(int, vector<uint,4>)'	complete
language-feature/execution-model/generic-entry-point.slang#cuda-1	language-feature/execution-model/generic-entry-point.slang	cuda_sm_7_0	False	mvp		correct	4429					correct	4416					correct	4260					complete
language-feature/execution-model/groupshared-barrier-functional.slang#cuda-1	language-feature/execution-model/groupshared-barrier-functional.slang	cuda_sm_7_0	False	mvp		correct	4518					correct	4343					correct	4236					complete
language-feature/execution-model/groupshared-multi-barrier-functional.slang#cuda-1	language-feature/execution-model/groupshared-multi-barrier-functional.slang	cuda_sm_7_0	False	mvp		correct	4647					correct	4514					correct	4306					complete
language-feature/execution-model/loop-break-wave-op-functional.slang#cuda-1	language-feature/execution-model/loop-break-wave-op-functional.slang	cuda_sm_7_0	False	mvp		correct	4726					correct	4481					correct	4463					complete
language-feature/execution-model/loop-divergence-reconvergence-functional.slang#cuda-1	language-feature/execution-model/loop-divergence-reconvergence-functional.slang	cuda_sm_7_0	False	mvp		correct	4582					preflight	4234	GenericAsm	generic-asm-wave-reconvergence	StmtLoweringVisitor::visitIntrinsicAsmStmt -> IRGenericAsm; _validateNVVMFunction semantic resolution	direct NVVM lowering does not support Slang IR instruction or shape 'GenericAsm assembly=_waveSum($1.x, $0), signature=int(int, vector<uint,4>)'	preflight	4296	GenericAsm	generic-asm-wave-reconvergence	StmtLoweringVisitor::visitIntrinsicAsmStmt -> IRGenericAsm; _validateNVVMFunction semantic resolution	direct NVVM lowering does not support Slang IR instruction or shape 'GenericAsm assembly=_waveSum($1.x, $0), signature=int(int, vector<uint,4>)'	complete
language-feature/execution-model/multi-wave-thread-group-functional.slang#cuda-1	language-feature/execution-model/multi-wave-thread-group-functional.slang	cuda_sm_7_0	False	mvp		correct	4465					preflight	4104	GenericAsm	generic-asm-wave-reconvergence	StmtLoweringVisitor::visitIntrinsicAsmStmt -> IRGenericAsm; _validateNVVMFunction semantic resolution	direct NVVM lowering does not support Slang IR instruction or shape 'GenericAsm assembly=_waveSum($1.x, $0), signature=uint(uint, vector<uint,4>)'	preflight	4583	GenericAsm	generic-asm-wave-reconvergence	StmtLoweringVisitor::visitIntrinsicAsmStmt -> IRGenericAsm; _validateNVVMFunction semantic resolution	direct NVVM lowering does not support Slang IR instruction or shape 'GenericAsm assembly=_waveSum($1.x, $0), signature=uint(uint, vector<uint,4>)'	complete
language-feature/execution-model/nested-divergence-functional.slang#cuda-1	language-feature/execution-model/nested-divergence-functional.slang	cuda_sm_7_0	False	mvp		correct	4539					preflight	4173	GenericAsm	generic-asm-wave-reconvergence	StmtLoweringVisitor::visitIntrinsicAsmStmt -> IRGenericAsm; _validateNVVMFunction semantic resolution	direct NVVM lowering does not support Slang IR instruction or shape 'GenericAsm assembly=_waveSum($1.x, $0), signature=int(int, vector<uint,4>)'	preflight	4772	GenericAsm	generic-asm-wave-reconvergence	StmtLoweringVisitor::visitIntrinsicAsmStmt -> IRGenericAsm; _validateNVVMFunction semantic resolution	direct NVVM lowering does not support Slang IR instruction or shape 'GenericAsm assembly=_waveSum($1.x, $0), signature=int(int, vector<uint,4>)'	complete
language-feature/execution-model/numthreads-3d-linearization.slang#cuda-1	language-feature/execution-model/numthreads-3d-linearization.slang	cuda_sm_7_0	False	mvp		correct	4553					correct	4409					correct	4865					complete
language-feature/execution-model/wave-active-all-any-functional.slang#cuda-1	language-feature/execution-model/wave-active-all-any-functional.slang	cuda_sm_7_0	False	mvp		correct	4531					correct	4298					correct	4237					complete
language-feature/execution-model/wave-ballot-verify-functional.slang#cuda-1	language-feature/execution-model/wave-ballot-verify-functional.slang	cuda_sm_7_0	False	mvp		correct	4407					correct	4321					correct	4392					complete
language-feature/execution-model/wave-divergent-if-functional.slang#cuda-1	language-feature/execution-model/wave-divergent-if-functional.slang	cuda_sm_7_0	False	mvp		correct	4595					preflight	4401	GenericAsm	generic-asm-wave-reconvergence	StmtLoweringVisitor::visitIntrinsicAsmStmt -> IRGenericAsm; _validateNVVMFunction semantic resolution	direct NVVM lowering does not support Slang IR instruction or shape 'GenericAsm assembly=_waveMin($1.x, $0), signature=int(int, vector<uint,4>)'	preflight	4362	GenericAsm	generic-asm-wave-reconvergence	StmtLoweringVisitor::visitIntrinsicAsmStmt -> IRGenericAsm; _validateNVVMFunction semantic resolution	direct NVVM lowering does not support Slang IR instruction or shape 'GenericAsm assembly=_waveMin($1.x, $0), signature=int(int, vector<uint,4>)'	complete
language-feature/execution-model/wave-switch-divergence-functional.slang#cuda-1	language-feature/execution-model/wave-switch-divergence-functional.slang	cuda_sm_7_0	False	mvp		correct	4702					preflight	4443	waveMaskMatch	atomic-wave-operation	atomic/wave legalization IR op -> _validateNVVMFunction	direct NVVM lowering does not support Slang IR instruction or shape 'waveMaskMatch'	preflight	4159	waveMaskMatch	atomic-wave-operation	atomic/wave legalization IR op -> _validateNVVMFunction	direct NVVM lowering does not support Slang IR instruction or shape 'waveMaskMatch'	complete
language-feature/generics/variadic-type-pack-expand-tuple.slang#cuda-1	language-feature/generics/variadic-type-pack-expand-tuple.slang	cuda_sm_7_0	False	mvp		correct	4602					preflight	4306	DebugNoScope	residual-target-marker-or-undefined-value	named upstream IR producer -> _validateNVVMFunction default rejection	direct NVVM lowering does not support Slang IR instruction or shape 'DebugNoScope'	preflight	4133	DebugNoScope	residual-target-marker-or-undefined-value	named upstream IR producer -> _validateNVVMFunction default rejection	direct NVVM lowering does not support Slang IR instruction or shape 'DebugNoScope'	complete
language-feature/if-let/if-let-1.slang#cuda-1	language-feature/if-let/if-let-1.slang	cuda_sm_7_0	False	mvp		correct	4358					preflight	4263	function name	function-identity	post-specialization linked IRFunc -> _collectNVVMFunctionNames	direct NVVM lowering does not support Slang IR instruction or shape 'function name'	preflight	4371	function name	function-identity	post-specialization linked IRFunc -> _collectNVVMFunctionNames	direct NVVM lowering does not support Slang IR instruction or shape 'function name'	complete
language-feature/if-let/if-let-less-than.slang#cuda-1	language-feature/if-let/if-let-less-than.slang	cuda_sm_7_0	False	mvp		correct	4478					correct	4172					correct	4606					complete
language-feature/if-let/if-let.slang#cuda-1	language-feature/if-let/if-let.slang	cuda_sm_7_0	False	mvp		correct	4479					correct	4633					correct	4749					complete
language-feature/operator-overload/builtin-operator-fastpath-bool.slang#cuda-1	language-feature/operator-overload/builtin-operator-fastpath-bool.slang	cuda_sm_7_0	True	mvp		correct	4421					correct	4272					correct	4583					complete
language-feature/operator-overload/builtin-operator-fastpath-float.slang#cuda-1	language-feature/operator-overload/builtin-operator-fastpath-float.slang	cuda_sm_7_0	True	mvp		correct	4495					correct	4262					correct	4605					complete
language-feature/operator-overload/builtin-operator-fastpath-uint.slang#cuda-1	language-feature/operator-overload/builtin-operator-fastpath-uint.slang	cuda_sm_7_0	True	mvp		correct	4577					correct	4446					correct	4702					complete
language-feature/operator-overload/builtin-operator-fastpath.slang#cuda-1	language-feature/operator-overload/builtin-operator-fastpath.slang	cuda_sm_7_0	True	mvp		correct	4683					correct	4445					correct	4632					complete
language-feature/optional-descriptor-handle.slang#cuda-1	language-feature/optional-descriptor-handle.slang	cuda_sm_7_0	False	mvp		correct	4773					preflight	4485	helper function result type	helper-abi-type-contract	post-specialization linked IRFunc signature -> _validateNVVMHelperTarget	direct NVVM lowering does not support Slang IR instruction or shape 'helper function result type: _slang_Optional_DomeLight'	preflight	4247	helper function result type	helper-abi-type-contract	post-specialization linked IRFunc signature -> _validateNVVMHelperTarget	direct NVVM lowering does not support Slang IR instruction or shape 'helper function result type: _slang_Optional_DomeLight'	complete
language-feature/pointer/const-ref.slang#cuda-1	language-feature/pointer/const-ref.slang	cuda_sm_7_0	False	mvp		correct	4644					preflight	4410	helper function parameter	helper-abi-type-contract	post-specialization linked IRFunc signature -> _validateNVVMHelperTarget	direct NVVM lowering does not support Slang IR instruction or shape 'helper function parameter: BorrowInParam<Thing, addressSpace=2147483647, access=1, operands=4, layout=DefaultLayout>'	preflight	4161	helper function parameter	helper-abi-type-contract	post-specialization linked IRFunc signature -> _validateNVVMHelperTarget	direct NVVM lowering does not support Slang IR instruction or shape 'helper function parameter: BorrowInParam<Thing, addressSpace=2147483647, access=1, operands=4, layout=DefaultLayout>'	complete
language-feature/pointer/ptr-to-groupshared-1.slang#cuda-1	language-feature/pointer/ptr-to-groupshared-1.slang	cuda_sm_7_0	False	mvp		correct	4371					preflight	4268	helper function parameter	helper-abi-type-contract	post-specialization linked IRFunc signature -> _validateNVVMHelperTarget	direct NVVM lowering does not support Slang IR instruction or shape 'helper function parameter: Ptr<vector<uint,4>, addressSpace=3, access=0, operands=4, layout=DefaultLayout>'	preflight	4382	helper function parameter	helper-abi-type-contract	post-specialization linked IRFunc signature -> _validateNVVMHelperTarget	direct NVVM lowering does not support Slang IR instruction or shape 'helper function parameter: Ptr<vector<uint,4>, addressSpace=3, access=0, operands=4, layout=DefaultLayout>'	complete
language-feature/scalar-ternary-op-short-and-non-short-circuit.slang#cuda-1	language-feature/scalar-ternary-op-short-and-non-short-circuit.slang	cuda_sm_7_0	False	mvp		correct	4621					correct	4507					correct	4618					complete
language-feature/shader-params/entry-point-uniform-params.slang#cuda-1	language-feature/shader-params/entry-point-uniform-params.slang	cuda_sm_7_0	False	mvp		correct	4547					correct	4257					correct	4593					complete
language-feature/system-value-extraction.slang#cuda-1	language-feature/system-value-extraction.slang	cuda_sm_7_0	False	mvp		correct	4363					correct	4153					correct	4254					complete
metal/atomic-byteaddressbuffer.slang#cuda-1	metal/atomic-byteaddressbuffer.slang	cuda_sm_7_0	False	mvp		correct	4423					preflight	4186	atomicCompareExchange	atomic-wave-operation	atomic/wave legalization IR op -> _validateNVVMFunction	direct NVVM lowering does not support Slang IR instruction or shape 'atomicCompareExchange'	preflight	4346	atomicCompareExchange	atomic-wave-operation	atomic/wave legalization IR op -> _validateNVVMFunction	direct NVVM lowering does not support Slang IR instruction or shape 'atomicCompareExchange'	complete
metal/metal-pointer-uniform.slang#cuda-1	metal/metal-pointer-uniform.slang	cuda_sm_7_0	False	mvp		correct	4546					correct	4356					correct	4665					complete
slang-extension/atomic-float-byte-address-buffer.slang#cuda-1	slang-extension/atomic-float-byte-address-buffer.slang	cuda_sm_7_0	False	mvp		correct	4746					preflight	4506	GenericAsm	generic-asm-atomic	StmtLoweringVisitor::visitIntrinsicAsmStmt -> IRGenericAsm; _validateNVVMFunction semantic resolution	direct NVVM lowering does not support Slang IR instruction or shape 'GenericAsm assembly=(*$3 = atomicAdd($0._getPtrAt<float>($1), $2)), signature=Void(RWByteAddressBuffer, uint, float, OutParam<float>)'	preflight	4520	GenericAsm	generic-asm-atomic	StmtLoweringVisitor::visitIntrinsicAsmStmt -> IRGenericAsm; _validateNVVMFunction semantic resolution	direct NVVM lowering does not support Slang IR instruction or shape 'GenericAsm assembly=(*$3 = atomicAdd($0._getPtrAt<float>($1), $2)), signature=Void(RWByteAddressBuffer, uint, float, OutParam<float>)'	complete
slang-extension/atomic-int64-byte-address-buffer.slang#cuda-1	slang-extension/atomic-int64-byte-address-buffer.slang	cuda_sm_7_0	False	mvp		correct	4598					preflight	4422	equivalent structured-buffer view	raw-buffer-view-access	raw-buffer legalization IR op -> direct-NVVM raw-buffer resolver	direct NVVM lowering does not support Slang IR instruction or shape 'equivalent structured-buffer view'	preflight	4168	equivalent structured-buffer view	raw-buffer-view-access	raw-buffer legalization IR op -> direct-NVVM raw-buffer resolver	direct NVVM lowering does not support Slang IR instruction or shape 'equivalent structured-buffer view'	complete
slang-extension/cas-int64-byte-address-buffer.slang#cuda-1	slang-extension/cas-int64-byte-address-buffer.slang	cuda_sm_7_0	False	mvp		correct	4307					preflight	4282	GenericAsm	generic-asm-atomic	StmtLoweringVisitor::visitIntrinsicAsmStmt -> IRGenericAsm; _validateNVVMFunction semantic resolution	direct NVVM lowering does not support Slang IR instruction or shape 'GenericAsm assembly=(*$4 = atomicCAS($0._getPtrAt<uint64_t>($1), $2, $3)), signature=Void(RWByteAddressBuffer, uint, uint64_t, uint64_t, OutParam<uint64_t>)'	preflight	4134	GenericAsm	generic-asm-atomic	StmtLoweringVisitor::visitIntrinsicAsmStmt -> IRGenericAsm; _validateNVVMFunction semantic resolution	direct NVVM lowering does not support Slang IR instruction or shape 'GenericAsm assembly=(*$4 = atomicCAS($0._getPtrAt<uint64_t>($1), $2, $3)), signature=Void(RWByteAddressBuffer, uint, uint64_t, uint64_t, OutParam<uint64_t>)'	complete
slang-extension/exchange-int64-byte-address-buffer.slang#cuda-1	slang-extension/exchange-int64-byte-address-buffer.slang	cuda_sm_7_0	False	mvp		correct	4261					preflight	4023	atomicExchange	atomic-wave-operation	atomic/wave legalization IR op -> _validateNVVMFunction	direct NVVM lowering does not support Slang IR instruction or shape 'atomicExchange'	preflight	4193	atomicExchange	atomic-wave-operation	atomic/wave legalization IR op -> _validateNVVMFunction	direct NVVM lowering does not support Slang IR instruction or shape 'atomicExchange'	complete
slang-extension/realtime-clock.slang#cuda-1	slang-extension/realtime-clock.slang	cuda_sm_7_0	False	extension	device clock/syscall operation outside the initial MVP	correct	4164					preflight	3790	GenericAsm	generic-asm-device-clock	StmtLoweringVisitor::visitIntrinsicAsmStmt -> IRGenericAsm; _validateNVVMFunction semantic resolution	direct NVVM lowering does not support Slang IR instruction or shape 'GenericAsm assembly=clock, signature=uint()'	preflight	4120	GenericAsm	generic-asm-device-clock	StmtLoweringVisitor::visitIntrinsicAsmStmt -> IRGenericAsm; _validateNVVMFunction semantic resolution	direct NVVM lowering does not support Slang IR instruction or shape 'GenericAsm assembly=clock, signature=uint()'	complete
spirv/int-cast-unsigned-to-signed.slang#cuda-1	spirv/int-cast-unsigned-to-signed.slang	cuda_sm_7_0	False	mvp		correct	4119					correct	3988					correct	3831					complete
